id,file,platform,categories,filename,extension
1,benign\1.c,,benign,1.c,c
2,benign\2.html,,benign,2.html,html
3,benign\3.php,,benign,3.php,php
4,benign\4.py,,benign,4.py,py
5,benign\5.rb,,benign,5.rb,rb
6,benign\6.c,,benign,6.c,c
7,benign\7.html,,benign,7.html,html
8,benign\8.php,,benign,8.php,php
9,benign\9.py,,benign,9.py,py
10,benign\10.rb,,benign,10.rb,rb
11,benign\11.c,,benign,11.c,c
12,benign\12.html,,benign,12.html,html
13,benign\13.php,,benign,13.php,php
14,benign\14.py,,benign,14.py,py
15,benign\15.rb,,benign,15.rb,rb
16,benign\16.c,,benign,16.c,c
17,benign\17.html,,benign,17.html,html
18,benign\18.php,,benign,18.php,php
19,benign\19.py,,benign,19.py,py
20,benign\20.rb,,benign,20.rb,rb
21,benign\21.c,,benign,21.c,c
22,benign\22.html,,benign,22.html,html
23,benign\23.php,,benign,23.php,php
24,benign\24.py,,benign,24.py,py
25,benign\25.rb,,benign,25.rb,rb
26,benign\26.c,,benign,26.c,c
27,benign\27.html,,benign,27.html,html
28,benign\28.php,,benign,28.php,php
29,benign\29.py,,benign,29.py,py
30,benign\30.rb,,benign,30.rb,rb
31,benign\31.c,,benign,31.c,c
32,benign\32.html,,benign,32.html,html
33,benign\33.php,,benign,33.php,php
34,benign\34.py,,benign,34.py,py
35,benign\35.rb,,benign,35.rb,rb
36,benign\36.c,,benign,36.c,c
37,benign\37.html,,benign,37.html,html
38,benign\38.php,,benign,38.php,php
39,benign\39.py,,benign,39.py,py
40,benign\40.rb,,benign,40.rb,rb
41,benign\41.c,,benign,41.c,c
42,benign\42.html,,benign,42.html,html
43,benign\43.php,,benign,43.php,php
44,benign\44.py,,benign,44.py,py
45,benign\45.rb,,benign,45.rb,rb
46,benign\46.c,,benign,46.c,c
47,benign\47.html,,benign,47.html,html
48,benign\48.php,,benign,48.php,php
49,benign\49.py,,benign,49.py,py
50,benign\50.rb,,benign,50.rb,rb
51,benign\51.c,,benign,51.c,c
52,benign\52.html,,benign,52.html,html
53,benign\53.php,,benign,53.php,php
54,benign\54.py,,benign,54.py,py
55,benign\55.rb,,benign,55.rb,rb
56,benign\56.c,,benign,56.c,c
57,benign\57.html,,benign,57.html,html
58,benign\58.php,,benign,58.php,php
59,benign\59.py,,benign,59.py,py
60,benign\60.rb,,benign,60.rb,rb
61,benign\61.c,,benign,61.c,c
62,benign\62.html,,benign,62.html,html
63,benign\63.php,,benign,63.php,php
64,benign\64.py,,benign,64.py,py
65,benign\65.rb,,benign,65.rb,rb
66,benign\66.c,,benign,66.c,c
67,benign\67.html,,benign,67.html,html
68,benign\68.php,,benign,68.php,php
69,benign\69.py,,benign,69.py,py
70,benign\70.rb,,benign,70.rb,rb
71,benign\71.c,,benign,71.c,c
72,benign\72.html,,benign,72.html,html
73,benign\73.php,,benign,73.php,php
74,benign\74.py,,benign,74.py,py
75,benign\75.rb,,benign,75.rb,rb
76,benign\76.c,,benign,76.c,c
77,benign\77.html,,benign,77.html,html
78,benign\78.php,,benign,78.php,php
79,benign\79.py,,benign,79.py,py
80,benign\80.rb,,benign,80.rb,rb
81,benign\81.c,,benign,81.c,c
82,benign\82.html,,benign,82.html,html
83,benign\83.php,,benign,83.php,php
84,benign\84.py,,benign,84.py,py
85,benign\85.rb,,benign,85.rb,rb
86,benign\86.c,,benign,86.c,c
87,benign\87.html,,benign,87.html,html
88,benign\88.php,,benign,88.php,php
89,benign\89.py,,benign,89.py,py
90,benign\90.rb,,benign,90.rb,rb
91,benign\91.c,,benign,91.c,c
92,benign\92.html,,benign,92.html,html
93,benign\93.php,,benign,93.php,php
94,benign\94.py,,benign,94.py,py
95,benign\95.rb,,benign,95.rb,rb
96,benign\96.c,,benign,96.c,c
97,benign\97.html,,benign,97.html,html
98,benign\98.php,,benign,98.php,php
99,benign\99.py,,benign,99.py,py
100,benign\100.rb,,benign,100.rb,rb
101,benign\101.c,,benign,101.c,c
102,benign\102.html,,benign,102.html,html
103,benign\103.php,,benign,103.php,php
104,benign\104.py,,benign,104.py,py
105,benign\105.rb,,benign,105.rb,rb
106,benign\106.c,,benign,106.c,c
107,benign\107.html,,benign,107.html,html
108,benign\108.php,,benign,108.php,php
109,benign\109.py,,benign,109.py,py
110,benign\110.rb,,benign,110.rb,rb
111,benign\111.c,,benign,111.c,c
112,benign\112.html,,benign,112.html,html
113,benign\113.php,,benign,113.php,php
114,benign\114.py,,benign,114.py,py
115,benign\115.rb,,benign,115.rb,rb
116,benign\116.c,,benign,116.c,c
117,benign\117.html,,benign,117.html,html
118,benign\118.php,,benign,118.php,php
119,benign\119.py,,benign,119.py,py
120,benign\120.rb,,benign,120.rb,rb
121,benign\121.c,,benign,121.c,c
122,benign\122.html,,benign,122.html,html
123,benign\123.php,,benign,123.php,php
124,benign\124.py,,benign,124.py,py
125,benign\125.rb,,benign,125.rb,rb
126,benign\126.c,,benign,126.c,c
127,benign\127.html,,benign,127.html,html
128,benign\128.php,,benign,128.php,php
129,benign\129.py,,benign,129.py,py
130,benign\130.rb,,benign,130.rb,rb
131,benign\131.c,,benign,131.c,c
132,benign\132.html,,benign,132.html,html
133,benign\133.php,,benign,133.php,php
134,benign\134.py,,benign,134.py,py
135,benign\135.rb,,benign,135.rb,rb
136,benign\136.c,,benign,136.c,c
137,benign\137.html,,benign,137.html,html
138,benign\138.php,,benign,138.php,php
139,benign\139.py,,benign,139.py,py
140,benign\140.rb,,benign,140.rb,rb
141,benign\141.c,,benign,141.c,c
142,benign\142.html,,benign,142.html,html
143,benign\143.php,,benign,143.php,php
144,benign\144.py,,benign,144.py,py
145,benign\145.rb,,benign,145.rb,rb
146,benign\146.c,,benign,146.c,c
147,benign\147.html,,benign,147.html,html
148,benign\148.php,,benign,148.php,php
149,benign\149.py,,benign,149.py,py
150,benign\150.rb,,benign,150.rb,rb
151,benign\151.c,,benign,151.c,c
152,benign\152.html,,benign,152.html,html
153,benign\153.php,,benign,153.php,php
154,benign\154.py,,benign,154.py,py
155,benign\155.rb,,benign,155.rb,rb
156,benign\156.c,,benign,156.c,c
157,benign\157.html,,benign,157.html,html
158,benign\158.php,,benign,158.php,php
159,benign\159.py,,benign,159.py,py
160,benign\160.rb,,benign,160.rb,rb
161,benign\161.c,,benign,161.c,c
162,benign\162.html,,benign,162.html,html
163,benign\163.php,,benign,163.php,php
164,benign\164.py,,benign,164.py,py
165,benign\165.rb,,benign,165.rb,rb
166,benign\166.c,,benign,166.c,c
167,benign\167.html,,benign,167.html,html
168,benign\168.php,,benign,168.php,php
169,benign\169.py,,benign,169.py,py
170,benign\170.rb,,benign,170.rb,rb
171,benign\171.c,,benign,171.c,c
172,benign\172.html,,benign,172.html,html
173,benign\173.php,,benign,173.php,php
174,benign\174.py,,benign,174.py,py
175,benign\175.rb,,benign,175.rb,rb
176,benign\176.c,,benign,176.c,c
177,benign\177.html,,benign,177.html,html
178,benign\178.php,,benign,178.php,php
179,benign\179.py,,benign,179.py,py
180,benign\180.rb,,benign,180.rb,rb
181,benign\181.c,,benign,181.c,c
182,benign\182.html,,benign,182.html,html
183,benign\183.php,,benign,183.php,php
184,benign\184.py,,benign,184.py,py
185,benign\185.rb,,benign,185.rb,rb
186,benign\186.c,,benign,186.c,c
187,benign\187.html,,benign,187.html,html
188,benign\188.php,,benign,188.php,php
189,benign\189.py,,benign,189.py,py
190,benign\190.rb,,benign,190.rb,rb
191,benign\191.c,,benign,191.c,c
192,benign\192.html,,benign,192.html,html
193,benign\193.php,,benign,193.php,php
194,benign\194.py,,benign,194.py,py
195,benign\195.rb,,benign,195.rb,rb
196,benign\196.c,,benign,196.c,c
197,benign\197.html,,benign,197.html,html
198,benign\198.php,,benign,198.php,php
199,benign\199.py,,benign,199.py,py
200,benign\200.rb,,benign,200.rb,rb
201,benign\201.c,,benign,201.c,c
202,benign\202.html,,benign,202.html,html
203,benign\203.php,,benign,203.php,php
204,benign\204.py,,benign,204.py,py
205,benign\205.rb,,benign,205.rb,rb
206,benign\206.c,,benign,206.c,c
207,benign\207.html,,benign,207.html,html
208,benign\208.php,,benign,208.php,php
209,benign\209.py,,benign,209.py,py
210,benign\210.rb,,benign,210.rb,rb
211,benign\211.c,,benign,211.c,c
212,benign\212.html,,benign,212.html,html
213,benign\213.php,,benign,213.php,php
214,benign\214.py,,benign,214.py,py
215,benign\215.rb,,benign,215.rb,rb
216,benign\216.c,,benign,216.c,c
217,benign\217.html,,benign,217.html,html
218,benign\218.php,,benign,218.php,php
219,benign\219.py,,benign,219.py,py
220,benign\220.rb,,benign,220.rb,rb
221,benign\221.c,,benign,221.c,c
222,benign\222.html,,benign,222.html,html
223,benign\223.php,,benign,223.php,php
224,benign\224.py,,benign,224.py,py
225,benign\225.rb,,benign,225.rb,rb
226,benign\226.c,,benign,226.c,c
227,benign\227.html,,benign,227.html,html
228,benign\228.php,,benign,228.php,php
229,benign\229.py,,benign,229.py,py
230,benign\230.rb,,benign,230.rb,rb
231,benign\231.c,,benign,231.c,c
232,benign\232.html,,benign,232.html,html
233,benign\233.php,,benign,233.php,php
234,benign\234.py,,benign,234.py,py
235,benign\235.rb,,benign,235.rb,rb
236,benign\236.c,,benign,236.c,c
237,benign\237.html,,benign,237.html,html
238,benign\238.php,,benign,238.php,php
239,benign\239.py,,benign,239.py,py
240,benign\240.rb,,benign,240.rb,rb
241,benign\241.c,,benign,241.c,c
242,benign\242.html,,benign,242.html,html
243,benign\243.php,,benign,243.php,php
244,benign\244.py,,benign,244.py,py
245,benign\245.rb,,benign,245.rb,rb
246,benign\246.c,,benign,246.c,c
247,benign\247.html,,benign,247.html,html
248,benign\248.php,,benign,248.php,php
249,benign\249.py,,benign,249.py,py
250,benign\250.rb,,benign,250.rb,rb
251,benign\251.c,,benign,251.c,c
252,benign\252.html,,benign,252.html,html
253,benign\253.php,,benign,253.php,php
254,benign\254.py,,benign,254.py,py
255,benign\255.rb,,benign,255.rb,rb
256,benign\256.c,,benign,256.c,c
257,benign\257.html,,benign,257.html,html
258,benign\258.php,,benign,258.php,php
259,benign\259.py,,benign,259.py,py
260,benign\260.rb,,benign,260.rb,rb
261,benign\261.c,,benign,261.c,c
262,benign\262.html,,benign,262.html,html
263,benign\263.php,,benign,263.php,php
264,benign\264.py,,benign,264.py,py
265,benign\265.rb,,benign,265.rb,rb
266,benign\266.c,,benign,266.c,c
267,benign\267.html,,benign,267.html,html
268,benign\268.php,,benign,268.php,php
269,benign\269.py,,benign,269.py,py
270,benign\270.rb,,benign,270.rb,rb
271,benign\271.c,,benign,271.c,c
272,benign\272.html,,benign,272.html,html
273,benign\273.php,,benign,273.php,php
274,benign\274.py,,benign,274.py,py
275,benign\275.rb,,benign,275.rb,rb
276,benign\276.c,,benign,276.c,c
277,benign\277.html,,benign,277.html,html
278,benign\278.php,,benign,278.php,php
279,benign\279.py,,benign,279.py,py
280,benign\280.rb,,benign,280.rb,rb
281,benign\281.c,,benign,281.c,c
282,benign\282.html,,benign,282.html,html
283,benign\283.php,,benign,283.php,php
284,benign\284.py,,benign,284.py,py
285,benign\285.rb,,benign,285.rb,rb
286,benign\286.c,,benign,286.c,c
287,benign\287.html,,benign,287.html,html
288,benign\288.php,,benign,288.php,php
289,benign\289.py,,benign,289.py,py
290,benign\290.rb,,benign,290.rb,rb
291,benign\291.c,,benign,291.c,c
292,benign\292.html,,benign,292.html,html
293,benign\293.php,,benign,293.php,php
294,benign\294.py,,benign,294.py,py
295,benign\295.rb,,benign,295.rb,rb
296,benign\296.c,,benign,296.c,c
297,benign\297.html,,benign,297.html,html
298,benign\298.php,,benign,298.php,php
299,benign\299.py,,benign,299.py,py
300,benign\300.rb,,benign,300.rb,rb
301,benign\301.c,,benign,301.c,c
302,benign\302.html,,benign,302.html,html
303,benign\303.php,,benign,303.php,php
304,benign\304.py,,benign,304.py,py
305,benign\305.rb,,benign,305.rb,rb
306,benign\306.c,,benign,306.c,c
307,benign\307.html,,benign,307.html,html
308,benign\308.php,,benign,308.php,php
309,benign\309.py,,benign,309.py,py
310,benign\310.rb,,benign,310.rb,rb
311,benign\311.c,,benign,311.c,c
312,benign\312.html,,benign,312.html,html
313,benign\313.php,,benign,313.php,php
314,benign\314.py,,benign,314.py,py
315,benign\315.rb,,benign,315.rb,rb
316,benign\316.c,,benign,316.c,c
317,benign\317.html,,benign,317.html,html
318,benign\318.php,,benign,318.php,php
319,benign\319.py,,benign,319.py,py
320,benign\320.rb,,benign,320.rb,rb
321,benign\321.c,,benign,321.c,c
322,benign\322.html,,benign,322.html,html
323,benign\323.php,,benign,323.php,php
324,benign\324.py,,benign,324.py,py
325,benign\325.rb,,benign,325.rb,rb
326,benign\326.c,,benign,326.c,c
327,benign\327.html,,benign,327.html,html
328,benign\328.php,,benign,328.php,php
329,benign\329.py,,benign,329.py,py
330,benign\330.rb,,benign,330.rb,rb
331,benign\331.c,,benign,331.c,c
332,benign\332.html,,benign,332.html,html
333,benign\333.php,,benign,333.php,php
334,benign\334.py,,benign,334.py,py
335,benign\335.rb,,benign,335.rb,rb
336,benign\336.c,,benign,336.c,c
337,benign\337.html,,benign,337.html,html
338,benign\338.php,,benign,338.php,php
339,benign\339.py,,benign,339.py,py
340,benign\340.rb,,benign,340.rb,rb
341,benign\341.c,,benign,341.c,c
342,benign\342.html,,benign,342.html,html
343,benign\343.php,,benign,343.php,php
344,benign\344.py,,benign,344.py,py
345,benign\345.rb,,benign,345.rb,rb
346,benign\346.c,,benign,346.c,c
347,benign\347.html,,benign,347.html,html
348,benign\348.php,,benign,348.php,php
349,benign\349.py,,benign,349.py,py
350,benign\350.rb,,benign,350.rb,rb
351,benign\351.c,,benign,351.c,c
352,benign\352.html,,benign,352.html,html
353,benign\353.php,,benign,353.php,php
354,benign\354.py,,benign,354.py,py
355,benign\355.rb,,benign,355.rb,rb
356,benign\356.c,,benign,356.c,c
357,benign\357.html,,benign,357.html,html
358,benign\358.php,,benign,358.php,php
359,benign\359.py,,benign,359.py,py
360,benign\360.rb,,benign,360.rb,rb
361,benign\361.c,,benign,361.c,c
362,benign\362.html,,benign,362.html,html
363,benign\363.php,,benign,363.php,php
364,benign\364.py,,benign,364.py,py
365,benign\365.rb,,benign,365.rb,rb
366,benign\366.c,,benign,366.c,c
367,benign\367.html,,benign,367.html,html
368,benign\368.php,,benign,368.php,php
369,benign\369.py,,benign,369.py,py
370,benign\370.rb,,benign,370.rb,rb
371,benign\371.c,,benign,371.c,c
372,benign\372.html,,benign,372.html,html
373,benign\373.php,,benign,373.php,php
374,benign\374.py,,benign,374.py,py
375,benign\375.rb,,benign,375.rb,rb
376,benign\376.c,,benign,376.c,c
377,benign\377.html,,benign,377.html,html
378,benign\378.php,,benign,378.php,php
379,benign\379.py,,benign,379.py,py
380,benign\380.rb,,benign,380.rb,rb
381,benign\381.c,,benign,381.c,c
382,benign\382.html,,benign,382.html,html
383,benign\383.php,,benign,383.php,php
384,benign\384.py,,benign,384.py,py
385,benign\385.rb,,benign,385.rb,rb
386,benign\386.c,,benign,386.c,c
387,benign\387.html,,benign,387.html,html
388,benign\388.php,,benign,388.php,php
389,benign\389.py,,benign,389.py,py
390,benign\390.rb,,benign,390.rb,rb
391,benign\391.c,,benign,391.c,c
392,benign\392.html,,benign,392.html,html
393,benign\393.php,,benign,393.php,php
394,benign\394.py,,benign,394.py,py
395,benign\395.rb,,benign,395.rb,rb
396,benign\396.c,,benign,396.c,c
397,benign\397.html,,benign,397.html,html
398,benign\398.php,,benign,398.php,php
399,benign\399.py,,benign,399.py,py
400,benign\400.rb,,benign,400.rb,rb
401,benign\401.c,,benign,401.c,c
402,benign\402.html,,benign,402.html,html
403,benign\403.php,,benign,403.php,php
404,benign\404.py,,benign,404.py,py
405,benign\405.rb,,benign,405.rb,rb
406,benign\406.c,,benign,406.c,c
407,benign\407.html,,benign,407.html,html
408,benign\408.php,,benign,408.php,php
409,benign\409.py,,benign,409.py,py
410,benign\410.rb,,benign,410.rb,rb
411,benign\411.c,,benign,411.c,c
412,benign\412.html,,benign,412.html,html
413,benign\413.php,,benign,413.php,php
414,benign\414.py,,benign,414.py,py
415,benign\415.rb,,benign,415.rb,rb
416,benign\416.c,,benign,416.c,c
417,benign\417.html,,benign,417.html,html
418,benign\418.php,,benign,418.php,php
419,benign\419.py,,benign,419.py,py
420,benign\420.rb,,benign,420.rb,rb
421,benign\421.c,,benign,421.c,c
422,benign\422.html,,benign,422.html,html
423,benign\423.php,,benign,423.php,php
424,benign\424.py,,benign,424.py,py
425,benign\425.rb,,benign,425.rb,rb
426,benign\426.c,,benign,426.c,c
427,benign\427.html,,benign,427.html,html
428,benign\428.php,,benign,428.php,php
429,benign\429.py,,benign,429.py,py
430,benign\430.rb,,benign,430.rb,rb
431,benign\431.c,,benign,431.c,c
432,benign\432.html,,benign,432.html,html
433,benign\433.php,,benign,433.php,php
434,benign\434.py,,benign,434.py,py
435,benign\435.rb,,benign,435.rb,rb
436,benign\436.c,,benign,436.c,c
437,benign\437.html,,benign,437.html,html
438,benign\438.php,,benign,438.php,php
439,benign\439.py,,benign,439.py,py
440,benign\440.rb,,benign,440.rb,rb
441,benign\441.c,,benign,441.c,c
442,benign\442.html,,benign,442.html,html
443,benign\443.php,,benign,443.php,php
444,benign\444.py,,benign,444.py,py
445,benign\445.rb,,benign,445.rb,rb
446,benign\446.c,,benign,446.c,c
447,benign\447.html,,benign,447.html,html
448,benign\448.php,,benign,448.php,php
449,benign\449.py,,benign,449.py,py
450,benign\450.rb,,benign,450.rb,rb
451,benign\451.c,,benign,451.c,c
452,benign\452.html,,benign,452.html,html
453,benign\453.php,,benign,453.php,php
454,benign\454.py,,benign,454.py,py
455,benign\455.rb,,benign,455.rb,rb
456,benign\456.c,,benign,456.c,c
457,benign\457.html,,benign,457.html,html
458,benign\458.php,,benign,458.php,php
459,benign\459.py,,benign,459.py,py
460,benign\460.rb,,benign,460.rb,rb
461,benign\461.c,,benign,461.c,c
462,benign\462.html,,benign,462.html,html
463,benign\463.php,,benign,463.php,php
464,benign\464.py,,benign,464.py,py
465,benign\465.rb,,benign,465.rb,rb
466,benign\466.c,,benign,466.c,c
467,benign\467.html,,benign,467.html,html
468,benign\468.php,,benign,468.php,php
469,benign\469.py,,benign,469.py,py
470,benign\470.rb,,benign,470.rb,rb
471,benign\471.c,,benign,471.c,c
472,benign\472.html,,benign,472.html,html
473,benign\473.php,,benign,473.php,php
474,benign\474.py,,benign,474.py,py
475,benign\475.rb,,benign,475.rb,rb
476,benign\476.c,,benign,476.c,c
477,benign\477.html,,benign,477.html,html
478,benign\478.php,,benign,478.php,php
479,benign\479.py,,benign,479.py,py
480,benign\480.rb,,benign,480.rb,rb
481,benign\481.c,,benign,481.c,c
482,benign\482.html,,benign,482.html,html
483,benign\483.php,,benign,483.php,php
484,benign\484.py,,benign,484.py,py
485,benign\485.rb,,benign,485.rb,rb
486,benign\486.c,,benign,486.c,c
487,benign\487.html,,benign,487.html,html
488,benign\488.php,,benign,488.php,php
489,benign\489.py,,benign,489.py,py
490,benign\490.rb,,benign,490.rb,rb
491,benign\491.c,,benign,491.c,c
492,benign\492.html,,benign,492.html,html
493,benign\493.php,,benign,493.php,php
494,benign\494.py,,benign,494.py,py
495,benign\495.rb,,benign,495.rb,rb
496,benign\496.c,,benign,496.c,c
497,benign\497.html,,benign,497.html,html
498,benign\498.php,,benign,498.php,php
499,benign\499.py,,benign,499.py,py
500,benign\500.rb,,benign,500.rb,rb
501,benign\501.c,,benign,501.c,c
502,benign\502.html,,benign,502.html,html
503,benign\503.php,,benign,503.php,php
504,benign\504.py,,benign,504.py,py
505,benign\505.rb,,benign,505.rb,rb
506,benign\506.c,,benign,506.c,c
507,benign\507.html,,benign,507.html,html
508,benign\508.php,,benign,508.php,php
509,benign\509.py,,benign,509.py,py
510,benign\510.rb,,benign,510.rb,rb
511,benign\511.c,,benign,511.c,c
512,benign\512.html,,benign,512.html,html
513,benign\513.php,,benign,513.php,php
514,benign\514.py,,benign,514.py,py
515,benign\515.rb,,benign,515.rb,rb
516,benign\516.c,,benign,516.c,c
517,benign\517.html,,benign,517.html,html
518,benign\518.php,,benign,518.php,php
519,benign\519.py,,benign,519.py,py
520,benign\520.rb,,benign,520.rb,rb
521,benign\521.c,,benign,521.c,c
522,benign\522.html,,benign,522.html,html
523,benign\523.php,,benign,523.php,php
524,benign\524.py,,benign,524.py,py
525,benign\525.rb,,benign,525.rb,rb
526,benign\526.c,,benign,526.c,c
527,benign\527.html,,benign,527.html,html
528,benign\528.php,,benign,528.php,php
529,benign\529.py,,benign,529.py,py
530,benign\530.rb,,benign,530.rb,rb
531,benign\531.c,,benign,531.c,c
532,benign\532.html,,benign,532.html,html
533,benign\533.php,,benign,533.php,php
534,benign\534.py,,benign,534.py,py
535,benign\535.rb,,benign,535.rb,rb
536,benign\536.c,,benign,536.c,c
537,benign\537.html,,benign,537.html,html
538,benign\538.php,,benign,538.php,php
539,benign\539.py,,benign,539.py,py
540,benign\540.rb,,benign,540.rb,rb
541,benign\541.c,,benign,541.c,c
542,benign\542.html,,benign,542.html,html
543,benign\543.php,,benign,543.php,php
544,benign\544.py,,benign,544.py,py
545,benign\545.rb,,benign,545.rb,rb
546,benign\546.c,,benign,546.c,c
547,benign\547.html,,benign,547.html,html
548,benign\548.php,,benign,548.php,php
549,benign\549.py,,benign,549.py,py
550,benign\550.rb,,benign,550.rb,rb
551,benign\551.c,,benign,551.c,c
552,benign\552.html,,benign,552.html,html
553,benign\553.php,,benign,553.php,php
554,benign\554.py,,benign,554.py,py
555,benign\555.rb,,benign,555.rb,rb
556,benign\556.c,,benign,556.c,c
557,benign\557.html,,benign,557.html,html
558,benign\558.php,,benign,558.php,php
559,benign\559.py,,benign,559.py,py
560,benign\560.rb,,benign,560.rb,rb
561,benign\561.c,,benign,561.c,c
562,benign\562.html,,benign,562.html,html
563,benign\563.php,,benign,563.php,php
564,benign\564.py,,benign,564.py,py
565,benign\565.rb,,benign,565.rb,rb
566,benign\566.c,,benign,566.c,c
567,benign\567.html,,benign,567.html,html
568,benign\568.php,,benign,568.php,php
569,benign\569.py,,benign,569.py,py
570,benign\570.rb,,benign,570.rb,rb
571,benign\571.c,,benign,571.c,c
572,benign\572.html,,benign,572.html,html
573,benign\573.php,,benign,573.php,php
574,benign\574.py,,benign,574.py,py
575,benign\575.rb,,benign,575.rb,rb
576,benign\576.c,,benign,576.c,c
577,benign\577.html,,benign,577.html,html
578,benign\578.php,,benign,578.php,php
579,benign\579.py,,benign,579.py,py
580,benign\580.rb,,benign,580.rb,rb
581,benign\581.c,,benign,581.c,c
582,benign\582.html,,benign,582.html,html
583,benign\583.php,,benign,583.php,php
584,benign\584.py,,benign,584.py,py
585,benign\585.rb,,benign,585.rb,rb
586,benign\586.c,,benign,586.c,c
587,benign\587.html,,benign,587.html,html
588,benign\588.php,,benign,588.php,php
589,benign\589.py,,benign,589.py,py
590,benign\590.rb,,benign,590.rb,rb
591,benign\591.c,,benign,591.c,c
592,benign\592.html,,benign,592.html,html
593,benign\593.php,,benign,593.php,php
594,benign\594.py,,benign,594.py,py
595,benign\595.rb,,benign,595.rb,rb
596,benign\596.c,,benign,596.c,c
597,benign\597.html,,benign,597.html,html
598,benign\598.php,,benign,598.php,php
599,benign\599.py,,benign,599.py,py
600,benign\600.rb,,benign,600.rb,rb
601,benign\601.c,,benign,601.c,c
602,benign\602.html,,benign,602.html,html
603,benign\603.php,,benign,603.php,php
604,benign\604.py,,benign,604.py,py
605,benign\605.rb,,benign,605.rb,rb
606,benign\606.c,,benign,606.c,c
607,benign\607.html,,benign,607.html,html
608,benign\608.php,,benign,608.php,php
609,benign\609.py,,benign,609.py,py
610,benign\610.rb,,benign,610.rb,rb
611,benign\611.c,,benign,611.c,c
612,benign\612.html,,benign,612.html,html
613,benign\613.php,,benign,613.php,php
614,benign\614.py,,benign,614.py,py
615,benign\615.rb,,benign,615.rb,rb
616,benign\616.c,,benign,616.c,c
617,benign\617.html,,benign,617.html,html
618,benign\618.php,,benign,618.php,php
619,benign\619.py,,benign,619.py,py
620,benign\620.rb,,benign,620.rb,rb
621,benign\621.c,,benign,621.c,c
622,benign\622.html,,benign,622.html,html
623,benign\623.php,,benign,623.php,php
624,benign\624.py,,benign,624.py,py
625,benign\625.rb,,benign,625.rb,rb
626,benign\626.c,,benign,626.c,c
627,benign\627.html,,benign,627.html,html
628,benign\628.php,,benign,628.php,php
629,benign\629.py,,benign,629.py,py
630,benign\630.rb,,benign,630.rb,rb
631,benign\631.c,,benign,631.c,c
632,benign\632.html,,benign,632.html,html
633,benign\633.php,,benign,633.php,php
634,benign\634.py,,benign,634.py,py
635,benign\635.rb,,benign,635.rb,rb
636,benign\636.c,,benign,636.c,c
637,benign\637.html,,benign,637.html,html
638,benign\638.php,,benign,638.php,php
639,benign\639.py,,benign,639.py,py
640,benign\640.rb,,benign,640.rb,rb
641,benign\641.c,,benign,641.c,c
642,benign\642.html,,benign,642.html,html
643,benign\643.php,,benign,643.php,php
644,benign\644.py,,benign,644.py,py
645,benign\645.rb,,benign,645.rb,rb
646,benign\646.c,,benign,646.c,c
647,benign\647.html,,benign,647.html,html
648,benign\648.php,,benign,648.php,php
649,benign\649.py,,benign,649.py,py
650,benign\650.rb,,benign,650.rb,rb
651,benign\651.c,,benign,651.c,c
652,benign\652.html,,benign,652.html,html
653,benign\653.php,,benign,653.php,php
654,benign\654.py,,benign,654.py,py
655,benign\655.rb,,benign,655.rb,rb
656,benign\656.c,,benign,656.c,c
657,benign\657.html,,benign,657.html,html
658,benign\658.php,,benign,658.php,php
659,benign\659.py,,benign,659.py,py
660,benign\660.rb,,benign,660.rb,rb
661,benign\661.c,,benign,661.c,c
662,benign\662.html,,benign,662.html,html
663,benign\663.php,,benign,663.php,php
664,benign\664.py,,benign,664.py,py
665,benign\665.rb,,benign,665.rb,rb
666,benign\666.c,,benign,666.c,c
667,benign\667.html,,benign,667.html,html
668,benign\668.php,,benign,668.php,php
669,benign\669.py,,benign,669.py,py
670,benign\670.rb,,benign,670.rb,rb
671,benign\671.c,,benign,671.c,c
672,benign\672.html,,benign,672.html,html
673,benign\673.php,,benign,673.php,php
674,benign\674.py,,benign,674.py,py
675,benign\675.rb,,benign,675.rb,rb
676,benign\676.c,,benign,676.c,c
677,benign\677.html,,benign,677.html,html
678,benign\678.php,,benign,678.php,php
679,benign\679.py,,benign,679.py,py
680,benign\680.rb,,benign,680.rb,rb
681,benign\681.c,,benign,681.c,c
682,benign\682.html,,benign,682.html,html
683,benign\683.php,,benign,683.php,php
684,benign\684.py,,benign,684.py,py
685,benign\685.rb,,benign,685.rb,rb
686,benign\686.c,,benign,686.c,c
687,benign\687.html,,benign,687.html,html
688,benign\688.php,,benign,688.php,php
689,benign\689.py,,benign,689.py,py
690,benign\690.rb,,benign,690.rb,rb
691,benign\691.c,,benign,691.c,c
692,benign\692.html,,benign,692.html,html
693,benign\693.php,,benign,693.php,php
694,benign\694.py,,benign,694.py,py
695,benign\695.rb,,benign,695.rb,rb
696,benign\696.c,,benign,696.c,c
697,benign\697.html,,benign,697.html,html
698,benign\698.php,,benign,698.php,php
699,benign\699.py,,benign,699.py,py
700,benign\700.rb,,benign,700.rb,rb
701,benign\701.c,,benign,701.c,c
702,benign\702.html,,benign,702.html,html
703,benign\703.php,,benign,703.php,php
704,benign\704.py,,benign,704.py,py
705,benign\705.rb,,benign,705.rb,rb
706,benign\706.c,,benign,706.c,c
707,benign\707.html,,benign,707.html,html
708,benign\708.php,,benign,708.php,php
709,benign\709.py,,benign,709.py,py
710,benign\710.rb,,benign,710.rb,rb
711,benign\711.c,,benign,711.c,c
712,benign\712.html,,benign,712.html,html
713,benign\713.php,,benign,713.php,php
714,benign\714.py,,benign,714.py,py
715,benign\715.rb,,benign,715.rb,rb
716,benign\716.c,,benign,716.c,c
717,benign\717.html,,benign,717.html,html
718,benign\718.php,,benign,718.php,php
719,benign\719.py,,benign,719.py,py
720,benign\720.rb,,benign,720.rb,rb
721,benign\721.c,,benign,721.c,c
722,benign\722.html,,benign,722.html,html
723,benign\723.php,,benign,723.php,php
724,benign\724.py,,benign,724.py,py
725,benign\725.rb,,benign,725.rb,rb
726,benign\726.c,,benign,726.c,c
727,benign\727.html,,benign,727.html,html
728,benign\728.php,,benign,728.php,php
729,benign\729.py,,benign,729.py,py
730,benign\730.rb,,benign,730.rb,rb
731,benign\731.c,,benign,731.c,c
732,benign\732.html,,benign,732.html,html
733,benign\733.php,,benign,733.php,php
734,benign\734.py,,benign,734.py,py
735,benign\735.rb,,benign,735.rb,rb
736,benign\736.c,,benign,736.c,c
737,benign\737.html,,benign,737.html,html
738,benign\738.php,,benign,738.php,php
739,benign\739.py,,benign,739.py,py
740,benign\740.rb,,benign,740.rb,rb
741,benign\741.c,,benign,741.c,c
742,benign\742.html,,benign,742.html,html
743,benign\743.php,,benign,743.php,php
744,benign\744.py,,benign,744.py,py
745,benign\745.rb,,benign,745.rb,rb
746,benign\746.c,,benign,746.c,c
747,benign\747.html,,benign,747.html,html
748,benign\748.php,,benign,748.php,php
749,benign\749.py,,benign,749.py,py
750,benign\750.rb,,benign,750.rb,rb
751,benign\751.c,,benign,751.c,c
752,benign\752.html,,benign,752.html,html
753,benign\753.php,,benign,753.php,php
754,benign\754.py,,benign,754.py,py
755,benign\755.rb,,benign,755.rb,rb
756,benign\756.c,,benign,756.c,c
757,benign\757.html,,benign,757.html,html
758,benign\758.php,,benign,758.php,php
759,benign\759.py,,benign,759.py,py
760,benign\760.rb,,benign,760.rb,rb
761,benign\761.c,,benign,761.c,c
762,benign\762.html,,benign,762.html,html
763,benign\763.php,,benign,763.php,php
764,benign\764.py,,benign,764.py,py
765,benign\765.rb,,benign,765.rb,rb
766,benign\766.c,,benign,766.c,c
767,benign\767.html,,benign,767.html,html
768,benign\768.php,,benign,768.php,php
769,benign\769.py,,benign,769.py,py
770,benign\770.rb,,benign,770.rb,rb
771,benign\771.c,,benign,771.c,c
772,benign\772.html,,benign,772.html,html
773,benign\773.php,,benign,773.php,php
774,benign\774.py,,benign,774.py,py
775,benign\775.rb,,benign,775.rb,rb
776,benign\776.c,,benign,776.c,c
777,benign\777.html,,benign,777.html,html
778,benign\778.php,,benign,778.php,php
779,benign\779.py,,benign,779.py,py
780,benign\780.rb,,benign,780.rb,rb
781,benign\781.c,,benign,781.c,c
782,benign\782.html,,benign,782.html,html
783,benign\783.php,,benign,783.php,php
784,benign\784.py,,benign,784.py,py
785,benign\785.rb,,benign,785.rb,rb
786,benign\786.c,,benign,786.c,c
787,benign\787.html,,benign,787.html,html
788,benign\788.php,,benign,788.php,php
789,benign\789.py,,benign,789.py,py
790,benign\790.rb,,benign,790.rb,rb
791,benign\791.c,,benign,791.c,c
792,benign\792.html,,benign,792.html,html
793,benign\793.php,,benign,793.php,php
794,benign\794.py,,benign,794.py,py
795,benign\795.rb,,benign,795.rb,rb
796,benign\796.c,,benign,796.c,c
797,benign\797.html,,benign,797.html,html
798,benign\798.php,,benign,798.php,php
799,benign\799.py,,benign,799.py,py
800,benign\800.rb,,benign,800.rb,rb
801,benign\801.c,,benign,801.c,c
802,benign\802.html,,benign,802.html,html
803,benign\803.php,,benign,803.php,php
804,benign\804.py,,benign,804.py,py
805,benign\805.rb,,benign,805.rb,rb
806,benign\806.c,,benign,806.c,c
807,benign\807.html,,benign,807.html,html
808,benign\808.php,,benign,808.php,php
809,benign\809.py,,benign,809.py,py
810,benign\810.rb,,benign,810.rb,rb
811,benign\811.c,,benign,811.c,c
812,benign\812.html,,benign,812.html,html
813,benign\813.php,,benign,813.php,php
814,benign\814.py,,benign,814.py,py
815,benign\815.rb,,benign,815.rb,rb
816,benign\816.c,,benign,816.c,c
817,benign\817.html,,benign,817.html,html
818,benign\818.php,,benign,818.php,php
819,benign\819.py,,benign,819.py,py
820,benign\820.rb,,benign,820.rb,rb
821,benign\821.c,,benign,821.c,c
822,benign\822.html,,benign,822.html,html
823,benign\823.php,,benign,823.php,php
824,benign\824.py,,benign,824.py,py
825,benign\825.rb,,benign,825.rb,rb
826,benign\826.c,,benign,826.c,c
827,benign\827.html,,benign,827.html,html
828,benign\828.php,,benign,828.php,php
829,benign\829.py,,benign,829.py,py
830,benign\830.rb,,benign,830.rb,rb
831,benign\831.c,,benign,831.c,c
832,benign\832.html,,benign,832.html,html
833,benign\833.php,,benign,833.php,php
834,benign\834.py,,benign,834.py,py
835,benign\835.rb,,benign,835.rb,rb
836,benign\836.c,,benign,836.c,c
837,benign\837.html,,benign,837.html,html
838,benign\838.php,,benign,838.php,php
839,benign\839.py,,benign,839.py,py
840,benign\840.rb,,benign,840.rb,rb
841,benign\841.c,,benign,841.c,c
842,benign\842.html,,benign,842.html,html
843,benign\843.php,,benign,843.php,php
844,benign\844.py,,benign,844.py,py
845,benign\845.rb,,benign,845.rb,rb
846,benign\846.c,,benign,846.c,c
847,benign\847.html,,benign,847.html,html
848,benign\848.php,,benign,848.php,php
849,benign\849.py,,benign,849.py,py
850,benign\850.rb,,benign,850.rb,rb
851,benign\851.c,,benign,851.c,c
852,benign\852.html,,benign,852.html,html
853,benign\853.php,,benign,853.php,php
854,benign\854.py,,benign,854.py,py
855,benign\855.rb,,benign,855.rb,rb
856,benign\856.c,,benign,856.c,c
857,benign\857.html,,benign,857.html,html
858,benign\858.php,,benign,858.php,php
859,benign\859.py,,benign,859.py,py
860,benign\860.rb,,benign,860.rb,rb
861,benign\861.c,,benign,861.c,c
862,benign\862.html,,benign,862.html,html
863,benign\863.php,,benign,863.php,php
864,benign\864.py,,benign,864.py,py
865,benign\865.rb,,benign,865.rb,rb
866,benign\866.c,,benign,866.c,c
867,benign\867.html,,benign,867.html,html
868,benign\868.php,,benign,868.php,php
869,benign\869.py,,benign,869.py,py
870,benign\870.rb,,benign,870.rb,rb
871,benign\871.c,,benign,871.c,c
872,benign\872.html,,benign,872.html,html
873,benign\873.php,,benign,873.php,php
874,benign\874.py,,benign,874.py,py
875,benign\875.rb,,benign,875.rb,rb
876,benign\876.c,,benign,876.c,c
877,benign\877.html,,benign,877.html,html
878,benign\878.php,,benign,878.php,php
879,benign\879.py,,benign,879.py,py
880,benign\880.rb,,benign,880.rb,rb
881,benign\881.c,,benign,881.c,c
882,benign\882.html,,benign,882.html,html
883,benign\883.php,,benign,883.php,php
884,benign\884.py,,benign,884.py,py
885,benign\885.rb,,benign,885.rb,rb
886,benign\886.c,,benign,886.c,c
887,benign\887.html,,benign,887.html,html
888,benign\888.php,,benign,888.php,php
889,benign\889.py,,benign,889.py,py
890,benign\890.rb,,benign,890.rb,rb
891,benign\891.c,,benign,891.c,c
892,benign\892.html,,benign,892.html,html
893,benign\893.php,,benign,893.php,php
894,benign\894.py,,benign,894.py,py
895,benign\895.rb,,benign,895.rb,rb
896,benign\896.c,,benign,896.c,c
897,benign\897.html,,benign,897.html,html
898,benign\898.php,,benign,898.php,php
899,benign\899.py,,benign,899.py,py
900,benign\900.rb,,benign,900.rb,rb
901,benign\901.c,,benign,901.c,c
902,benign\902.html,,benign,902.html,html
903,benign\903.php,,benign,903.php,php
904,benign\904.py,,benign,904.py,py
905,benign\905.rb,,benign,905.rb,rb
906,benign\906.c,,benign,906.c,c
907,benign\907.html,,benign,907.html,html
908,benign\908.php,,benign,908.php,php
909,benign\909.py,,benign,909.py,py
910,benign\910.rb,,benign,910.rb,rb
911,benign\911.c,,benign,911.c,c
912,benign\912.html,,benign,912.html,html
913,benign\913.php,,benign,913.php,php
914,benign\914.py,,benign,914.py,py
915,benign\915.rb,,benign,915.rb,rb
916,benign\916.c,,benign,916.c,c
917,benign\917.html,,benign,917.html,html
918,benign\918.php,,benign,918.php,php
919,benign\919.py,,benign,919.py,py
920,benign\920.rb,,benign,920.rb,rb
921,benign\921.c,,benign,921.c,c
922,benign\922.html,,benign,922.html,html
923,benign\923.php,,benign,923.php,php
924,benign\924.py,,benign,924.py,py
925,benign\925.rb,,benign,925.rb,rb
926,benign\926.c,,benign,926.c,c
927,benign\927.html,,benign,927.html,html
928,benign\928.php,,benign,928.php,php
929,benign\929.py,,benign,929.py,py
930,benign\930.rb,,benign,930.rb,rb
931,benign\931.c,,benign,931.c,c
932,benign\932.html,,benign,932.html,html
933,benign\933.php,,benign,933.php,php
934,benign\934.py,,benign,934.py,py
935,benign\935.rb,,benign,935.rb,rb
936,benign\936.c,,benign,936.c,c
937,benign\937.html,,benign,937.html,html
938,benign\938.php,,benign,938.php,php
939,benign\939.py,,benign,939.py,py
940,benign\940.rb,,benign,940.rb,rb
941,benign\941.c,,benign,941.c,c
942,benign\942.html,,benign,942.html,html
943,benign\943.php,,benign,943.php,php
944,benign\944.py,,benign,944.py,py
945,benign\945.rb,,benign,945.rb,rb
946,benign\946.c,,benign,946.c,c
947,benign\947.html,,benign,947.html,html
948,benign\948.php,,benign,948.php,php
949,benign\949.py,,benign,949.py,py
950,benign\950.rb,,benign,950.rb,rb
951,benign\951.c,,benign,951.c,c
952,benign\952.html,,benign,952.html,html
953,benign\953.php,,benign,953.php,php
954,benign\954.py,,benign,954.py,py
955,benign\955.rb,,benign,955.rb,rb
956,benign\956.c,,benign,956.c,c
957,benign\957.html,,benign,957.html,html
958,benign\958.php,,benign,958.php,php
959,benign\959.py,,benign,959.py,py
960,benign\960.rb,,benign,960.rb,rb
961,benign\961.c,,benign,961.c,c
962,benign\962.html,,benign,962.html,html
963,benign\963.php,,benign,963.php,php
964,benign\964.py,,benign,964.py,py
965,benign\965.rb,,benign,965.rb,rb
966,benign\966.c,,benign,966.c,c
967,benign\967.html,,benign,967.html,html
968,benign\968.php,,benign,968.php,php
969,benign\969.py,,benign,969.py,py
970,benign\970.rb,,benign,970.rb,rb
971,benign\971.c,,benign,971.c,c
972,benign\972.html,,benign,972.html,html
973,benign\973.php,,benign,973.php,php
974,benign\974.py,,benign,974.py,py
975,benign\975.rb,,benign,975.rb,rb
976,benign\976.c,,benign,976.c,c
977,benign\977.html,,benign,977.html,html
978,benign\978.php,,benign,978.php,php
979,benign\979.py,,benign,979.py,py
980,benign\980.rb,,benign,980.rb,rb
981,benign\981.c,,benign,981.c,c
982,benign\982.html,,benign,982.html,html
983,benign\983.php,,benign,983.php,php
984,benign\984.py,,benign,984.py,py
985,benign\985.rb,,benign,985.rb,rb
986,benign\986.c,,benign,986.c,c
987,benign\987.html,,benign,987.html,html
988,benign\988.php,,benign,988.php,php
989,benign\989.py,,benign,989.py,py
990,benign\990.rb,,benign,990.rb,rb
991,benign\991.c,,benign,991.c,c
992,benign\992.html,,benign,992.html,html
993,benign\993.php,,benign,993.php,php
994,benign\994.py,,benign,994.py,py
995,benign\995.rb,,benign,995.rb,rb
996,benign\996.c,,benign,996.c,c
997,benign\997.html,,benign,997.html,html
998,benign\998.php,,benign,998.php,php
999,benign\999.py,,benign,999.py,py
1000,benign\1000.rb,,benign,1000.rb,rb
1001,benign\1001.c,,benign,1001.c,c
1002,benign\1002.html,,benign,1002.html,html
1003,benign\1003.php,,benign,1003.php,php
1004,benign\1004.py,,benign,1004.py,py
1005,benign\1005.rb,,benign,1005.rb,rb
1006,benign\1006.c,,benign,1006.c,c
1007,benign\1007.html,,benign,1007.html,html
1008,benign\1008.php,,benign,1008.php,php
1009,benign\1009.py,,benign,1009.py,py
1010,benign\1010.rb,,benign,1010.rb,rb
1011,benign\1011.c,,benign,1011.c,c
1012,benign\1012.html,,benign,1012.html,html
1013,benign\1013.php,,benign,1013.php,php
1014,benign\1014.py,,benign,1014.py,py
1015,benign\1015.rb,,benign,1015.rb,rb
1016,benign\1016.c,,benign,1016.c,c
1017,benign\1017.html,,benign,1017.html,html
1018,benign\1018.php,,benign,1018.php,php
1019,benign\1019.py,,benign,1019.py,py
1020,benign\1020.rb,,benign,1020.rb,rb
1021,benign\1021.c,,benign,1021.c,c
1022,benign\1022.html,,benign,1022.html,html
1023,benign\1023.php,,benign,1023.php,php
1024,benign\1024.py,,benign,1024.py,py
1025,benign\1025.rb,,benign,1025.rb,rb
1026,benign\1026.c,,benign,1026.c,c
1027,benign\1027.html,,benign,1027.html,html
1028,benign\1028.php,,benign,1028.php,php
1029,benign\1029.py,,benign,1029.py,py
1030,benign\1030.rb,,benign,1030.rb,rb
1031,benign\1031.c,,benign,1031.c,c
1032,benign\1032.html,,benign,1032.html,html
1033,benign\1033.php,,benign,1033.php,php
1034,benign\1034.py,,benign,1034.py,py
1035,benign\1035.rb,,benign,1035.rb,rb
1036,benign\1036.c,,benign,1036.c,c
1037,benign\1037.html,,benign,1037.html,html
1038,benign\1038.php,,benign,1038.php,php
1039,benign\1039.py,,benign,1039.py,py
1040,benign\1040.rb,,benign,1040.rb,rb
1041,benign\1041.c,,benign,1041.c,c
1042,benign\1042.html,,benign,1042.html,html
1043,benign\1043.php,,benign,1043.php,php
1044,benign\1044.py,,benign,1044.py,py
1045,benign\1045.rb,,benign,1045.rb,rb
1046,benign\1046.c,,benign,1046.c,c
1047,benign\1047.html,,benign,1047.html,html
1048,benign\1048.php,,benign,1048.php,php
1049,benign\1049.py,,benign,1049.py,py
1050,benign\1050.rb,,benign,1050.rb,rb
1051,benign\1051.c,,benign,1051.c,c
1052,benign\1052.html,,benign,1052.html,html
1053,benign\1053.php,,benign,1053.php,php
1054,benign\1054.py,,benign,1054.py,py
1055,benign\1055.rb,,benign,1055.rb,rb
1056,benign\1056.c,,benign,1056.c,c
1057,benign\1057.html,,benign,1057.html,html
1058,benign\1058.php,,benign,1058.php,php
1059,benign\1059.py,,benign,1059.py,py
1060,benign\1060.rb,,benign,1060.rb,rb
1061,benign\1061.c,,benign,1061.c,c
1062,benign\1062.html,,benign,1062.html,html
1063,benign\1063.php,,benign,1063.php,php
1064,benign\1064.py,,benign,1064.py,py
1065,benign\1065.rb,,benign,1065.rb,rb
1066,benign\1066.c,,benign,1066.c,c
1067,benign\1067.html,,benign,1067.html,html
1068,benign\1068.php,,benign,1068.php,php
1069,benign\1069.py,,benign,1069.py,py
1070,benign\1070.rb,,benign,1070.rb,rb
1071,benign\1071.c,,benign,1071.c,c
1072,benign\1072.html,,benign,1072.html,html
1073,benign\1073.php,,benign,1073.php,php
1074,benign\1074.py,,benign,1074.py,py
1075,benign\1075.rb,,benign,1075.rb,rb
1076,benign\1076.c,,benign,1076.c,c
1077,benign\1077.html,,benign,1077.html,html
1078,benign\1078.php,,benign,1078.php,php
1079,benign\1079.py,,benign,1079.py,py
1080,benign\1080.rb,,benign,1080.rb,rb
1081,benign\1081.c,,benign,1081.c,c
1082,benign\1082.html,,benign,1082.html,html
1083,benign\1083.php,,benign,1083.php,php
1084,benign\1084.py,,benign,1084.py,py
1085,benign\1085.rb,,benign,1085.rb,rb
1086,benign\1086.c,,benign,1086.c,c
1087,benign\1087.html,,benign,1087.html,html
1088,benign\1088.php,,benign,1088.php,php
1089,benign\1089.py,,benign,1089.py,py
1090,benign\1090.rb,,benign,1090.rb,rb
1091,benign\1091.c,,benign,1091.c,c
1092,benign\1092.html,,benign,1092.html,html
1093,benign\1093.php,,benign,1093.php,php
1094,benign\1094.py,,benign,1094.py,py
1095,benign\1095.rb,,benign,1095.rb,rb
1096,benign\1096.c,,benign,1096.c,c
1097,benign\1097.html,,benign,1097.html,html
1098,benign\1098.php,,benign,1098.php,php
1099,benign\1099.py,,benign,1099.py,py
1100,benign\1100.rb,,benign,1100.rb,rb
1101,benign\1101.c,,benign,1101.c,c
1102,benign\1102.html,,benign,1102.html,html
1103,benign\1103.php,,benign,1103.php,php
1104,benign\1104.py,,benign,1104.py,py
1105,benign\1105.rb,,benign,1105.rb,rb
1106,benign\1106.c,,benign,1106.c,c
1107,benign\1107.html,,benign,1107.html,html
1108,benign\1108.php,,benign,1108.php,php
1109,benign\1109.py,,benign,1109.py,py
1110,benign\1110.rb,,benign,1110.rb,rb
1111,benign\1111.c,,benign,1111.c,c
1112,benign\1112.html,,benign,1112.html,html
1113,benign\1113.php,,benign,1113.php,php
1114,benign\1114.py,,benign,1114.py,py
1115,benign\1115.rb,,benign,1115.rb,rb
1116,benign\1116.c,,benign,1116.c,c
1117,benign\1117.html,,benign,1117.html,html
1118,benign\1118.php,,benign,1118.php,php
1119,benign\1119.py,,benign,1119.py,py
1120,benign\1120.rb,,benign,1120.rb,rb
1121,benign\1121.c,,benign,1121.c,c
1122,benign\1122.html,,benign,1122.html,html
1123,benign\1123.php,,benign,1123.php,php
1124,benign\1124.py,,benign,1124.py,py
1125,benign\1125.rb,,benign,1125.rb,rb
1126,benign\1126.c,,benign,1126.c,c
1127,benign\1127.html,,benign,1127.html,html
1128,benign\1128.php,,benign,1128.php,php
1129,benign\1129.py,,benign,1129.py,py
1130,benign\1130.rb,,benign,1130.rb,rb
1131,benign\1131.c,,benign,1131.c,c
1132,benign\1132.html,,benign,1132.html,html
1133,benign\1133.php,,benign,1133.php,php
1134,benign\1134.py,,benign,1134.py,py
1135,benign\1135.rb,,benign,1135.rb,rb
1136,benign\1136.c,,benign,1136.c,c
1137,benign\1137.html,,benign,1137.html,html
1138,benign\1138.php,,benign,1138.php,php
1139,benign\1139.py,,benign,1139.py,py
1140,benign\1140.rb,,benign,1140.rb,rb
1141,benign\1141.c,,benign,1141.c,c
1142,benign\1142.html,,benign,1142.html,html
1143,benign\1143.php,,benign,1143.php,php
1144,benign\1144.py,,benign,1144.py,py
1145,benign\1145.rb,,benign,1145.rb,rb
1146,benign\1146.c,,benign,1146.c,c
1147,benign\1147.html,,benign,1147.html,html
1148,benign\1148.php,,benign,1148.php,php
1149,benign\1149.py,,benign,1149.py,py
1150,benign\1150.rb,,benign,1150.rb,rb
1151,benign\1151.c,,benign,1151.c,c
1152,benign\1152.html,,benign,1152.html,html
1153,benign\1153.php,,benign,1153.php,php
1154,benign\1154.py,,benign,1154.py,py
1155,benign\1155.rb,,benign,1155.rb,rb
1156,benign\1156.c,,benign,1156.c,c
1157,benign\1157.html,,benign,1157.html,html
1158,benign\1158.php,,benign,1158.php,php
1159,benign\1159.py,,benign,1159.py,py
1160,benign\1160.rb,,benign,1160.rb,rb
1161,benign\1161.c,,benign,1161.c,c
1162,benign\1162.html,,benign,1162.html,html
1163,benign\1163.php,,benign,1163.php,php
1164,benign\1164.py,,benign,1164.py,py
1165,benign\1165.rb,,benign,1165.rb,rb
1166,benign\1166.c,,benign,1166.c,c
1167,benign\1167.html,,benign,1167.html,html
1168,benign\1168.php,,benign,1168.php,php
1169,benign\1169.py,,benign,1169.py,py
1170,benign\1170.rb,,benign,1170.rb,rb
1171,benign\1171.c,,benign,1171.c,c
1172,benign\1172.html,,benign,1172.html,html
1173,benign\1173.php,,benign,1173.php,php
1174,benign\1174.py,,benign,1174.py,py
1175,benign\1175.rb,,benign,1175.rb,rb
1176,benign\1176.c,,benign,1176.c,c
1177,benign\1177.html,,benign,1177.html,html
1178,benign\1178.php,,benign,1178.php,php
1179,benign\1179.py,,benign,1179.py,py
1180,benign\1180.rb,,benign,1180.rb,rb
1181,benign\1181.c,,benign,1181.c,c
1182,benign\1182.html,,benign,1182.html,html
1183,benign\1183.php,,benign,1183.php,php
1184,benign\1184.py,,benign,1184.py,py
1185,benign\1185.rb,,benign,1185.rb,rb
1186,benign\1186.c,,benign,1186.c,c
1187,benign\1187.html,,benign,1187.html,html
1188,benign\1188.php,,benign,1188.php,php
1189,benign\1189.py,,benign,1189.py,py
1190,benign\1190.rb,,benign,1190.rb,rb
1191,benign\1191.c,,benign,1191.c,c
1192,benign\1192.html,,benign,1192.html,html
1193,benign\1193.php,,benign,1193.php,php
1194,benign\1194.py,,benign,1194.py,py
1195,benign\1195.rb,,benign,1195.rb,rb
1196,benign\1196.c,,benign,1196.c,c
1197,benign\1197.html,,benign,1197.html,html
1198,benign\1198.php,,benign,1198.php,php
1199,benign\1199.py,,benign,1199.py,py
1200,benign\1200.rb,,benign,1200.rb,rb
1201,benign\1201.c,,benign,1201.c,c
1202,benign\1202.html,,benign,1202.html,html
1203,benign\1203.php,,benign,1203.php,php
1204,benign\1204.py,,benign,1204.py,py
1205,benign\1205.rb,,benign,1205.rb,rb
1206,benign\1206.c,,benign,1206.c,c
1207,benign\1207.html,,benign,1207.html,html
1208,benign\1208.php,,benign,1208.php,php
1209,benign\1209.py,,benign,1209.py,py
1210,benign\1210.rb,,benign,1210.rb,rb
1211,benign\1211.c,,benign,1211.c,c
1212,benign\1212.html,,benign,1212.html,html
1213,benign\1213.php,,benign,1213.php,php
1214,benign\1214.py,,benign,1214.py,py
1215,benign\1215.rb,,benign,1215.rb,rb
1216,benign\1216.c,,benign,1216.c,c
1217,benign\1217.html,,benign,1217.html,html
1218,benign\1218.php,,benign,1218.php,php
1219,benign\1219.py,,benign,1219.py,py
1220,benign\1220.rb,,benign,1220.rb,rb
1221,benign\1221.c,,benign,1221.c,c
1222,benign\1222.html,,benign,1222.html,html
1223,benign\1223.php,,benign,1223.php,php
1224,benign\1224.py,,benign,1224.py,py
1225,benign\1225.rb,,benign,1225.rb,rb
1226,benign\1226.c,,benign,1226.c,c
1227,benign\1227.html,,benign,1227.html,html
1228,benign\1228.php,,benign,1228.php,php
1229,benign\1229.py,,benign,1229.py,py
1230,benign\1230.rb,,benign,1230.rb,rb
1231,benign\1231.c,,benign,1231.c,c
1232,benign\1232.html,,benign,1232.html,html
1233,benign\1233.php,,benign,1233.php,php
1234,benign\1234.py,,benign,1234.py,py
1235,benign\1235.rb,,benign,1235.rb,rb
1236,benign\1236.c,,benign,1236.c,c
1237,benign\1237.html,,benign,1237.html,html
1238,benign\1238.php,,benign,1238.php,php
1239,benign\1239.py,,benign,1239.py,py
1240,benign\1240.rb,,benign,1240.rb,rb
1241,benign\1241.c,,benign,1241.c,c
1242,benign\1242.html,,benign,1242.html,html
1243,benign\1243.php,,benign,1243.php,php
1244,benign\1244.py,,benign,1244.py,py
1245,benign\1245.rb,,benign,1245.rb,rb
1246,benign\1246.c,,benign,1246.c,c
1247,benign\1247.html,,benign,1247.html,html
1248,benign\1248.php,,benign,1248.php,php
1249,benign\1249.py,,benign,1249.py,py
1250,benign\1250.rb,,benign,1250.rb,rb
1251,benign\1251.c,,benign,1251.c,c
1252,benign\1252.html,,benign,1252.html,html
1253,benign\1253.php,,benign,1253.php,php
1254,benign\1254.py,,benign,1254.py,py
1255,benign\1255.rb,,benign,1255.rb,rb
1256,benign\1256.c,,benign,1256.c,c
1257,benign\1257.html,,benign,1257.html,html
1258,benign\1258.php,,benign,1258.php,php
1259,benign\1259.py,,benign,1259.py,py
1260,benign\1260.rb,,benign,1260.rb,rb
1261,benign\1261.c,,benign,1261.c,c
1262,benign\1262.html,,benign,1262.html,html
1263,benign\1263.php,,benign,1263.php,php
1264,benign\1264.py,,benign,1264.py,py
1265,benign\1265.rb,,benign,1265.rb,rb
1266,benign\1266.c,,benign,1266.c,c
1267,benign\1267.html,,benign,1267.html,html
1268,benign\1268.php,,benign,1268.php,php
1269,benign\1269.py,,benign,1269.py,py
1270,benign\1270.rb,,benign,1270.rb,rb
1271,benign\1271.c,,benign,1271.c,c
1272,benign\1272.html,,benign,1272.html,html
1273,benign\1273.php,,benign,1273.php,php
1274,benign\1274.py,,benign,1274.py,py
1275,benign\1275.rb,,benign,1275.rb,rb
1276,benign\1276.c,,benign,1276.c,c
1277,benign\1277.html,,benign,1277.html,html
1278,benign\1278.php,,benign,1278.php,php
1279,benign\1279.py,,benign,1279.py,py
1280,benign\1280.rb,,benign,1280.rb,rb
1281,benign\1281.c,,benign,1281.c,c
1282,benign\1282.html,,benign,1282.html,html
1283,benign\1283.php,,benign,1283.php,php
1284,benign\1284.py,,benign,1284.py,py
1285,benign\1285.rb,,benign,1285.rb,rb
1286,benign\1286.c,,benign,1286.c,c
1287,benign\1287.html,,benign,1287.html,html
1288,benign\1288.php,,benign,1288.php,php
1289,benign\1289.py,,benign,1289.py,py
1290,benign\1290.rb,,benign,1290.rb,rb
1291,benign\1291.c,,benign,1291.c,c
1292,benign\1292.html,,benign,1292.html,html
1293,benign\1293.php,,benign,1293.php,php
1294,benign\1294.py,,benign,1294.py,py
1295,benign\1295.rb,,benign,1295.rb,rb
1296,benign\1296.c,,benign,1296.c,c
1297,benign\1297.html,,benign,1297.html,html
1298,benign\1298.php,,benign,1298.php,php
1299,benign\1299.py,,benign,1299.py,py
1300,benign\1300.rb,,benign,1300.rb,rb
1301,benign\1301.c,,benign,1301.c,c
1302,benign\1302.html,,benign,1302.html,html
1303,benign\1303.php,,benign,1303.php,php
1304,benign\1304.py,,benign,1304.py,py
1305,benign\1305.rb,,benign,1305.rb,rb
1306,benign\1306.c,,benign,1306.c,c
1307,benign\1307.html,,benign,1307.html,html
1308,benign\1308.php,,benign,1308.php,php
1309,benign\1309.py,,benign,1309.py,py
1310,benign\1310.rb,,benign,1310.rb,rb
1311,benign\1311.c,,benign,1311.c,c
1312,benign\1312.html,,benign,1312.html,html
1313,benign\1313.php,,benign,1313.php,php
1314,benign\1314.py,,benign,1314.py,py
1315,benign\1315.rb,,benign,1315.rb,rb
1316,benign\1316.c,,benign,1316.c,c
1317,benign\1317.html,,benign,1317.html,html
1318,benign\1318.php,,benign,1318.php,php
1319,benign\1319.py,,benign,1319.py,py
1320,benign\1320.rb,,benign,1320.rb,rb
1321,benign\1321.c,,benign,1321.c,c
1322,benign\1322.html,,benign,1322.html,html
1323,benign\1323.php,,benign,1323.php,php
1324,benign\1324.py,,benign,1324.py,py
1325,benign\1325.rb,,benign,1325.rb,rb
1326,benign\1326.c,,benign,1326.c,c
1327,benign\1327.html,,benign,1327.html,html
1328,benign\1328.php,,benign,1328.php,php
1329,benign\1329.py,,benign,1329.py,py
1330,benign\1330.rb,,benign,1330.rb,rb
1331,benign\1331.c,,benign,1331.c,c
1332,benign\1332.html,,benign,1332.html,html
1333,benign\1333.php,,benign,1333.php,php
1334,benign\1334.py,,benign,1334.py,py
1335,benign\1335.rb,,benign,1335.rb,rb
1336,benign\1336.c,,benign,1336.c,c
1337,benign\1337.html,,benign,1337.html,html
1338,benign\1338.php,,benign,1338.php,php
1339,benign\1339.py,,benign,1339.py,py
1340,benign\1340.rb,,benign,1340.rb,rb
1341,benign\1341.c,,benign,1341.c,c
1342,benign\1342.html,,benign,1342.html,html
1343,benign\1343.php,,benign,1343.php,php
1344,benign\1344.py,,benign,1344.py,py
1345,benign\1345.rb,,benign,1345.rb,rb
1346,benign\1346.c,,benign,1346.c,c
1347,benign\1347.html,,benign,1347.html,html
1348,benign\1348.php,,benign,1348.php,php
1349,benign\1349.py,,benign,1349.py,py
1350,benign\1350.rb,,benign,1350.rb,rb
1351,benign\1351.c,,benign,1351.c,c
1352,benign\1352.html,,benign,1352.html,html
1353,benign\1353.php,,benign,1353.php,php
1354,benign\1354.py,,benign,1354.py,py
1355,benign\1355.rb,,benign,1355.rb,rb
1356,benign\1356.c,,benign,1356.c,c
1357,benign\1357.html,,benign,1357.html,html
1358,benign\1358.php,,benign,1358.php,php
1359,benign\1359.py,,benign,1359.py,py
1360,benign\1360.rb,,benign,1360.rb,rb
1361,benign\1361.c,,benign,1361.c,c
1362,benign\1362.html,,benign,1362.html,html
1363,benign\1363.php,,benign,1363.php,php
1364,benign\1364.py,,benign,1364.py,py
1365,benign\1365.rb,,benign,1365.rb,rb
1366,benign\1366.c,,benign,1366.c,c
1367,benign\1367.html,,benign,1367.html,html
1368,benign\1368.php,,benign,1368.php,php
1369,benign\1369.py,,benign,1369.py,py
1370,benign\1370.rb,,benign,1370.rb,rb
1371,benign\1371.c,,benign,1371.c,c
1372,benign\1372.html,,benign,1372.html,html
1373,benign\1373.php,,benign,1373.php,php
1374,benign\1374.py,,benign,1374.py,py
1375,benign\1375.rb,,benign,1375.rb,rb
1376,benign\1376.c,,benign,1376.c,c
1377,benign\1377.html,,benign,1377.html,html
1378,benign\1378.php,,benign,1378.php,php
1379,benign\1379.py,,benign,1379.py,py
1380,benign\1380.rb,,benign,1380.rb,rb
1381,benign\1381.c,,benign,1381.c,c
1382,benign\1382.html,,benign,1382.html,html
1383,benign\1383.php,,benign,1383.php,php
1384,benign\1384.py,,benign,1384.py,py
1385,benign\1385.rb,,benign,1385.rb,rb
1386,benign\1386.c,,benign,1386.c,c
1387,benign\1387.html,,benign,1387.html,html
1388,benign\1388.php,,benign,1388.php,php
1389,benign\1389.py,,benign,1389.py,py
1390,benign\1390.rb,,benign,1390.rb,rb
1391,benign\1391.c,,benign,1391.c,c
1392,benign\1392.html,,benign,1392.html,html
1393,benign\1393.php,,benign,1393.php,php
1394,benign\1394.py,,benign,1394.py,py
1395,benign\1395.rb,,benign,1395.rb,rb
1396,benign\1396.c,,benign,1396.c,c
1397,benign\1397.html,,benign,1397.html,html
1398,benign\1398.php,,benign,1398.php,php
1399,benign\1399.py,,benign,1399.py,py
1400,benign\1400.rb,,benign,1400.rb,rb
1401,benign\1401.c,,benign,1401.c,c
1402,benign\1402.html,,benign,1402.html,html
1403,benign\1403.php,,benign,1403.php,php
1404,benign\1404.py,,benign,1404.py,py
1405,benign\1405.rb,,benign,1405.rb,rb
1406,benign\1406.c,,benign,1406.c,c
1407,benign\1407.html,,benign,1407.html,html
1408,benign\1408.php,,benign,1408.php,php
1409,benign\1409.py,,benign,1409.py,py
1410,benign\1410.rb,,benign,1410.rb,rb
1411,benign\1411.c,,benign,1411.c,c
1412,benign\1412.html,,benign,1412.html,html
1413,benign\1413.php,,benign,1413.php,php
1414,benign\1414.py,,benign,1414.py,py
1415,benign\1415.rb,,benign,1415.rb,rb
1416,benign\1416.c,,benign,1416.c,c
1417,benign\1417.html,,benign,1417.html,html
1418,benign\1418.php,,benign,1418.php,php
1419,benign\1419.py,,benign,1419.py,py
1420,benign\1420.rb,,benign,1420.rb,rb
1421,benign\1421.c,,benign,1421.c,c
1422,benign\1422.html,,benign,1422.html,html
1423,benign\1423.php,,benign,1423.php,php
1424,benign\1424.py,,benign,1424.py,py
1425,benign\1425.rb,,benign,1425.rb,rb
1426,benign\1426.c,,benign,1426.c,c
1427,benign\1427.html,,benign,1427.html,html
1428,benign\1428.php,,benign,1428.php,php
1429,benign\1429.py,,benign,1429.py,py
1430,benign\1430.rb,,benign,1430.rb,rb
1431,benign\1431.c,,benign,1431.c,c
1432,benign\1432.html,,benign,1432.html,html
1433,benign\1433.php,,benign,1433.php,php
1434,benign\1434.py,,benign,1434.py,py
1435,benign\1435.rb,,benign,1435.rb,rb
1436,benign\1436.c,,benign,1436.c,c
1437,benign\1437.html,,benign,1437.html,html
1438,benign\1438.php,,benign,1438.php,php
1439,benign\1439.py,,benign,1439.py,py
1440,benign\1440.rb,,benign,1440.rb,rb
1441,benign\1441.c,,benign,1441.c,c
1442,benign\1442.html,,benign,1442.html,html
1443,benign\1443.php,,benign,1443.php,php
1444,benign\1444.py,,benign,1444.py,py
1445,benign\1445.rb,,benign,1445.rb,rb
1446,benign\1446.c,,benign,1446.c,c
1447,benign\1447.html,,benign,1447.html,html
1448,benign\1448.php,,benign,1448.php,php
1449,benign\1449.py,,benign,1449.py,py
1450,benign\1450.rb,,benign,1450.rb,rb
1451,benign\1451.c,,benign,1451.c,c
1452,benign\1452.html,,benign,1452.html,html
1453,benign\1453.php,,benign,1453.php,php
1454,benign\1454.py,,benign,1454.py,py
1455,benign\1455.rb,,benign,1455.rb,rb
1456,benign\1456.c,,benign,1456.c,c
1457,benign\1457.html,,benign,1457.html,html
1458,benign\1458.php,,benign,1458.php,php
1459,benign\1459.py,,benign,1459.py,py
1460,benign\1460.rb,,benign,1460.rb,rb
1461,benign\1461.c,,benign,1461.c,c
1462,benign\1462.html,,benign,1462.html,html
1463,benign\1463.php,,benign,1463.php,php
1464,benign\1464.py,,benign,1464.py,py
1465,benign\1465.rb,,benign,1465.rb,rb
1466,benign\1466.c,,benign,1466.c,c
1467,benign\1467.html,,benign,1467.html,html
1468,benign\1468.php,,benign,1468.php,php
1469,benign\1469.py,,benign,1469.py,py
1470,benign\1470.rb,,benign,1470.rb,rb
1471,benign\1471.c,,benign,1471.c,c
1472,benign\1472.html,,benign,1472.html,html
1473,benign\1473.php,,benign,1473.php,php
1474,benign\1474.py,,benign,1474.py,py
1475,benign\1475.rb,,benign,1475.rb,rb
1476,benign\1476.c,,benign,1476.c,c
1477,benign\1477.html,,benign,1477.html,html
1478,benign\1478.php,,benign,1478.php,php
1479,benign\1479.py,,benign,1479.py,py
1480,benign\1480.rb,,benign,1480.rb,rb
1481,benign\1481.c,,benign,1481.c,c
1482,benign\1482.html,,benign,1482.html,html
1483,benign\1483.php,,benign,1483.php,php
1484,benign\1484.py,,benign,1484.py,py
1485,benign\1485.rb,,benign,1485.rb,rb
1486,benign\1486.c,,benign,1486.c,c
1487,benign\1487.html,,benign,1487.html,html
1488,benign\1488.php,,benign,1488.php,php
1489,benign\1489.py,,benign,1489.py,py
1490,benign\1490.rb,,benign,1490.rb,rb
1491,benign\1491.c,,benign,1491.c,c
1492,benign\1492.html,,benign,1492.html,html
1493,benign\1493.php,,benign,1493.php,php
1494,benign\1494.py,,benign,1494.py,py
1495,benign\1495.rb,,benign,1495.rb,rb
1496,benign\1496.c,,benign,1496.c,c
1497,benign\1497.html,,benign,1497.html,html
1498,benign\1498.php,,benign,1498.php,php
1499,benign\1499.py,,benign,1499.py,py
1500,benign\1500.rb,,benign,1500.rb,rb
1501,benign\1501.c,,benign,1501.c,c
1502,benign\1502.html,,benign,1502.html,html
1503,benign\1503.php,,benign,1503.php,php
1504,benign\1504.py,,benign,1504.py,py
1505,benign\1505.rb,,benign,1505.rb,rb
1506,benign\1506.c,,benign,1506.c,c
1507,benign\1507.html,,benign,1507.html,html
1508,benign\1508.php,,benign,1508.php,php
1509,benign\1509.py,,benign,1509.py,py
1510,benign\1510.rb,,benign,1510.rb,rb
1511,benign\1511.c,,benign,1511.c,c
1512,benign\1512.html,,benign,1512.html,html
1513,benign\1513.php,,benign,1513.php,php
1514,benign\1514.py,,benign,1514.py,py
1515,benign\1515.rb,,benign,1515.rb,rb
1516,benign\1516.c,,benign,1516.c,c
1517,benign\1517.html,,benign,1517.html,html
1518,benign\1518.php,,benign,1518.php,php
1519,benign\1519.py,,benign,1519.py,py
1520,benign\1520.rb,,benign,1520.rb,rb
1521,benign\1521.c,,benign,1521.c,c
1522,benign\1522.html,,benign,1522.html,html
1523,benign\1523.php,,benign,1523.php,php
1524,benign\1524.py,,benign,1524.py,py
1525,benign\1525.rb,,benign,1525.rb,rb
1526,benign\1526.c,,benign,1526.c,c
1527,benign\1527.html,,benign,1527.html,html
1528,benign\1528.php,,benign,1528.php,php
1529,benign\1529.py,,benign,1529.py,py
1530,benign\1530.rb,,benign,1530.rb,rb
1531,benign\1531.c,,benign,1531.c,c
1532,benign\1532.html,,benign,1532.html,html
1533,benign\1533.php,,benign,1533.php,php
1534,benign\1534.py,,benign,1534.py,py
1535,benign\1535.rb,,benign,1535.rb,rb
1536,benign\1536.c,,benign,1536.c,c
1537,benign\1537.html,,benign,1537.html,html
1538,benign\1538.php,,benign,1538.php,php
1539,benign\1539.py,,benign,1539.py,py
1540,benign\1540.rb,,benign,1540.rb,rb
1541,benign\1541.c,,benign,1541.c,c
1542,benign\1542.html,,benign,1542.html,html
1543,benign\1543.php,,benign,1543.php,php
1544,benign\1544.py,,benign,1544.py,py
1545,benign\1545.rb,,benign,1545.rb,rb
1546,benign\1546.c,,benign,1546.c,c
1547,benign\1547.html,,benign,1547.html,html
1548,benign\1548.php,,benign,1548.php,php
1549,benign\1549.py,,benign,1549.py,py
1550,benign\1550.rb,,benign,1550.rb,rb
1551,benign\1551.c,,benign,1551.c,c
1552,benign\1552.html,,benign,1552.html,html
1553,benign\1553.php,,benign,1553.php,php
1554,benign\1554.py,,benign,1554.py,py
1555,benign\1555.rb,,benign,1555.rb,rb
1556,benign\1556.c,,benign,1556.c,c
1557,benign\1557.html,,benign,1557.html,html
1558,benign\1558.php,,benign,1558.php,php
1559,benign\1559.py,,benign,1559.py,py
1560,benign\1560.rb,,benign,1560.rb,rb
1561,benign\1561.c,,benign,1561.c,c
1562,benign\1562.html,,benign,1562.html,html
1563,benign\1563.php,,benign,1563.php,php
1564,benign\1564.py,,benign,1564.py,py
1565,benign\1565.rb,,benign,1565.rb,rb
1566,benign\1566.c,,benign,1566.c,c
1567,benign\1567.html,,benign,1567.html,html
1568,benign\1568.php,,benign,1568.php,php
1569,benign\1569.py,,benign,1569.py,py
1570,benign\1570.rb,,benign,1570.rb,rb
1571,benign\1571.c,,benign,1571.c,c
1572,benign\1572.html,,benign,1572.html,html
1573,benign\1573.php,,benign,1573.php,php
1574,benign\1574.py,,benign,1574.py,py
1575,benign\1575.rb,,benign,1575.rb,rb
1576,benign\1576.c,,benign,1576.c,c
1577,benign\1577.html,,benign,1577.html,html
1578,benign\1578.php,,benign,1578.php,php
1579,benign\1579.py,,benign,1579.py,py
1580,benign\1580.rb,,benign,1580.rb,rb
1581,benign\1581.c,,benign,1581.c,c
1582,benign\1582.html,,benign,1582.html,html
1583,benign\1583.php,,benign,1583.php,php
1584,benign\1584.py,,benign,1584.py,py
1585,benign\1585.rb,,benign,1585.rb,rb
1586,benign\1586.c,,benign,1586.c,c
1587,benign\1587.html,,benign,1587.html,html
1588,benign\1588.php,,benign,1588.php,php
1589,benign\1589.py,,benign,1589.py,py
1590,benign\1590.rb,,benign,1590.rb,rb
1591,benign\1591.c,,benign,1591.c,c
1592,benign\1592.html,,benign,1592.html,html
1593,benign\1593.php,,benign,1593.php,php
1594,benign\1594.py,,benign,1594.py,py
1595,benign\1595.rb,,benign,1595.rb,rb
1596,benign\1596.c,,benign,1596.c,c
1597,benign\1597.html,,benign,1597.html,html
1598,benign\1598.php,,benign,1598.php,php
1599,benign\1599.py,,benign,1599.py,py
1600,benign\1600.rb,,benign,1600.rb,rb
1601,benign\1601.c,,benign,1601.c,c
1602,benign\1602.html,,benign,1602.html,html
1603,benign\1603.php,,benign,1603.php,php
1604,benign\1604.py,,benign,1604.py,py
1605,benign\1605.rb,,benign,1605.rb,rb
1606,benign\1606.c,,benign,1606.c,c
1607,benign\1607.html,,benign,1607.html,html
1608,benign\1608.php,,benign,1608.php,php
1609,benign\1609.py,,benign,1609.py,py
1610,benign\1610.rb,,benign,1610.rb,rb
1611,benign\1611.c,,benign,1611.c,c
1612,benign\1612.html,,benign,1612.html,html
1613,benign\1613.php,,benign,1613.php,php
1614,benign\1614.py,,benign,1614.py,py
1615,benign\1615.rb,,benign,1615.rb,rb
1616,benign\1616.c,,benign,1616.c,c
1617,benign\1617.html,,benign,1617.html,html
1618,benign\1618.php,,benign,1618.php,php
1619,benign\1619.py,,benign,1619.py,py
1620,benign\1620.rb,,benign,1620.rb,rb
1621,benign\1621.c,,benign,1621.c,c
1622,benign\1622.html,,benign,1622.html,html
1623,benign\1623.php,,benign,1623.php,php
1624,benign\1624.py,,benign,1624.py,py
1625,benign\1625.rb,,benign,1625.rb,rb
1626,benign\1626.c,,benign,1626.c,c
1627,benign\1627.html,,benign,1627.html,html
1628,benign\1628.php,,benign,1628.php,php
1629,benign\1629.py,,benign,1629.py,py
1630,benign\1630.rb,,benign,1630.rb,rb
1631,benign\1631.c,,benign,1631.c,c
1632,benign\1632.html,,benign,1632.html,html
1633,benign\1633.php,,benign,1633.php,php
1634,benign\1634.py,,benign,1634.py,py
1635,benign\1635.rb,,benign,1635.rb,rb
1636,benign\1636.c,,benign,1636.c,c
1637,benign\1637.html,,benign,1637.html,html
1638,benign\1638.php,,benign,1638.php,php
1639,benign\1639.py,,benign,1639.py,py
1640,benign\1640.rb,,benign,1640.rb,rb
1641,benign\1641.c,,benign,1641.c,c
1642,benign\1642.html,,benign,1642.html,html
1643,benign\1643.php,,benign,1643.php,php
1644,benign\1644.py,,benign,1644.py,py
1645,benign\1645.rb,,benign,1645.rb,rb
1646,benign\1646.c,,benign,1646.c,c
1647,benign\1647.html,,benign,1647.html,html
1648,benign\1648.php,,benign,1648.php,php
1649,benign\1649.py,,benign,1649.py,py
1650,benign\1650.rb,,benign,1650.rb,rb
1651,benign\1651.c,,benign,1651.c,c
1652,benign\1652.html,,benign,1652.html,html
1653,benign\1653.php,,benign,1653.php,php
1654,benign\1654.py,,benign,1654.py,py
1655,benign\1655.rb,,benign,1655.rb,rb
1656,benign\1656.c,,benign,1656.c,c
1657,benign\1657.html,,benign,1657.html,html
1658,benign\1658.php,,benign,1658.php,php
1659,benign\1659.py,,benign,1659.py,py
1660,benign\1660.rb,,benign,1660.rb,rb
1661,benign\1661.c,,benign,1661.c,c
1662,benign\1662.html,,benign,1662.html,html
1663,benign\1663.php,,benign,1663.php,php
1664,benign\1664.py,,benign,1664.py,py
1665,benign\1665.rb,,benign,1665.rb,rb
1666,benign\1666.c,,benign,1666.c,c
1667,benign\1667.html,,benign,1667.html,html
1668,benign\1668.php,,benign,1668.php,php
1669,benign\1669.py,,benign,1669.py,py
1670,benign\1670.rb,,benign,1670.rb,rb
1671,benign\1671.c,,benign,1671.c,c
1672,benign\1672.html,,benign,1672.html,html
1673,benign\1673.php,,benign,1673.php,php
1674,benign\1674.py,,benign,1674.py,py
1675,benign\1675.rb,,benign,1675.rb,rb
1676,benign\1676.c,,benign,1676.c,c
1677,benign\1677.html,,benign,1677.html,html
1678,benign\1678.php,,benign,1678.php,php
1679,benign\1679.py,,benign,1679.py,py
1680,benign\1680.rb,,benign,1680.rb,rb
1681,benign\1681.c,,benign,1681.c,c
1682,benign\1682.html,,benign,1682.html,html
1683,benign\1683.php,,benign,1683.php,php
1684,benign\1684.py,,benign,1684.py,py
1685,benign\1685.rb,,benign,1685.rb,rb
1686,benign\1686.c,,benign,1686.c,c
1687,benign\1687.html,,benign,1687.html,html
1688,benign\1688.php,,benign,1688.php,php
1689,benign\1689.py,,benign,1689.py,py
1690,benign\1690.rb,,benign,1690.rb,rb
1691,benign\1691.c,,benign,1691.c,c
1692,benign\1692.html,,benign,1692.html,html
1693,benign\1693.php,,benign,1693.php,php
1694,benign\1694.py,,benign,1694.py,py
1695,benign\1695.rb,,benign,1695.rb,rb
1696,benign\1696.c,,benign,1696.c,c
1697,benign\1697.html,,benign,1697.html,html
1698,benign\1698.php,,benign,1698.php,php
1699,benign\1699.py,,benign,1699.py,py
1700,benign\1700.rb,,benign,1700.rb,rb
1701,benign\1701.c,,benign,1701.c,c
1702,benign\1702.html,,benign,1702.html,html
1703,benign\1703.php,,benign,1703.php,php
1704,benign\1704.py,,benign,1704.py,py
1705,benign\1705.rb,,benign,1705.rb,rb
1706,benign\1706.c,,benign,1706.c,c
1707,benign\1707.html,,benign,1707.html,html
1708,benign\1708.php,,benign,1708.php,php
1709,benign\1709.py,,benign,1709.py,py
1710,benign\1710.rb,,benign,1710.rb,rb
1711,benign\1711.c,,benign,1711.c,c
1712,benign\1712.html,,benign,1712.html,html
1713,benign\1713.php,,benign,1713.php,php
1714,benign\1714.py,,benign,1714.py,py
1715,benign\1715.rb,,benign,1715.rb,rb
1716,benign\1716.c,,benign,1716.c,c
1717,benign\1717.html,,benign,1717.html,html
1718,benign\1718.php,,benign,1718.php,php
1719,benign\1719.py,,benign,1719.py,py
1720,benign\1720.rb,,benign,1720.rb,rb
1721,benign\1721.c,,benign,1721.c,c
1722,benign\1722.html,,benign,1722.html,html
1723,benign\1723.php,,benign,1723.php,php
1724,benign\1724.py,,benign,1724.py,py
1725,benign\1725.rb,,benign,1725.rb,rb
1726,benign\1726.c,,benign,1726.c,c
1727,benign\1727.html,,benign,1727.html,html
1728,benign\1728.php,,benign,1728.php,php
1729,benign\1729.py,,benign,1729.py,py
1730,benign\1730.rb,,benign,1730.rb,rb
1731,benign\1731.c,,benign,1731.c,c
1732,benign\1732.html,,benign,1732.html,html
1733,benign\1733.php,,benign,1733.php,php
1734,benign\1734.py,,benign,1734.py,py
1735,benign\1735.rb,,benign,1735.rb,rb
1736,benign\1736.c,,benign,1736.c,c
1737,benign\1737.html,,benign,1737.html,html
1738,benign\1738.php,,benign,1738.php,php
1739,benign\1739.py,,benign,1739.py,py
1740,benign\1740.rb,,benign,1740.rb,rb
1741,benign\1741.c,,benign,1741.c,c
1742,benign\1742.html,,benign,1742.html,html
1743,benign\1743.php,,benign,1743.php,php
1744,benign\1744.py,,benign,1744.py,py
1745,benign\1745.rb,,benign,1745.rb,rb
1746,benign\1746.c,,benign,1746.c,c
1747,benign\1747.html,,benign,1747.html,html
1748,benign\1748.php,,benign,1748.php,php
1749,benign\1749.py,,benign,1749.py,py
1750,benign\1750.rb,,benign,1750.rb,rb
1751,benign\1751.c,,benign,1751.c,c
1752,benign\1752.html,,benign,1752.html,html
1753,benign\1753.php,,benign,1753.php,php
1754,benign\1754.py,,benign,1754.py,py
1755,benign\1755.rb,,benign,1755.rb,rb
1756,benign\1756.c,,benign,1756.c,c
1757,benign\1757.html,,benign,1757.html,html
1758,benign\1758.php,,benign,1758.php,php
1759,benign\1759.py,,benign,1759.py,py
1760,benign\1760.rb,,benign,1760.rb,rb
1761,benign\1761.c,,benign,1761.c,c
1762,benign\1762.html,,benign,1762.html,html
1763,benign\1763.php,,benign,1763.php,php
1764,benign\1764.py,,benign,1764.py,py
1765,benign\1765.rb,,benign,1765.rb,rb
1766,benign\1766.c,,benign,1766.c,c
1767,benign\1767.html,,benign,1767.html,html
1768,benign\1768.php,,benign,1768.php,php
1769,benign\1769.py,,benign,1769.py,py
1770,benign\1770.rb,,benign,1770.rb,rb
1771,benign\1771.c,,benign,1771.c,c
1772,benign\1772.html,,benign,1772.html,html
1773,benign\1773.php,,benign,1773.php,php
1774,benign\1774.py,,benign,1774.py,py
1775,benign\1775.rb,,benign,1775.rb,rb
1776,benign\1776.c,,benign,1776.c,c
1777,benign\1777.html,,benign,1777.html,html
1778,benign\1778.php,,benign,1778.php,php
1779,benign\1779.py,,benign,1779.py,py
1780,benign\1780.rb,,benign,1780.rb,rb
1781,benign\1781.c,,benign,1781.c,c
1782,benign\1782.html,,benign,1782.html,html
1783,benign\1783.php,,benign,1783.php,php
1784,benign\1784.py,,benign,1784.py,py
1785,benign\1785.rb,,benign,1785.rb,rb
1786,benign\1786.c,,benign,1786.c,c
1787,benign\1787.html,,benign,1787.html,html
1788,benign\1788.php,,benign,1788.php,php
1789,benign\1789.py,,benign,1789.py,py
1790,benign\1790.rb,,benign,1790.rb,rb
1791,benign\1791.c,,benign,1791.c,c
1792,benign\1792.html,,benign,1792.html,html
1793,benign\1793.php,,benign,1793.php,php
1794,benign\1794.py,,benign,1794.py,py
1795,benign\1795.rb,,benign,1795.rb,rb
1796,benign\1796.c,,benign,1796.c,c
1797,benign\1797.html,,benign,1797.html,html
1798,benign\1798.php,,benign,1798.php,php
1799,benign\1799.py,,benign,1799.py,py
1800,benign\1800.rb,,benign,1800.rb,rb
1801,benign\1801.c,,benign,1801.c,c
1802,benign\1802.html,,benign,1802.html,html
1803,benign\1803.php,,benign,1803.php,php
1804,benign\1804.py,,benign,1804.py,py
1805,benign\1805.rb,,benign,1805.rb,rb
1806,benign\1806.c,,benign,1806.c,c
1807,benign\1807.html,,benign,1807.html,html
1808,benign\1808.php,,benign,1808.php,php
1809,benign\1809.py,,benign,1809.py,py
1810,benign\1810.rb,,benign,1810.rb,rb
1811,benign\1811.c,,benign,1811.c,c
1812,benign\1812.html,,benign,1812.html,html
1813,benign\1813.php,,benign,1813.php,php
1814,benign\1814.py,,benign,1814.py,py
1815,benign\1815.rb,,benign,1815.rb,rb
1816,benign\1816.c,,benign,1816.c,c
1817,benign\1817.html,,benign,1817.html,html
1818,benign\1818.php,,benign,1818.php,php
1819,benign\1819.py,,benign,1819.py,py
1820,benign\1820.rb,,benign,1820.rb,rb
1821,benign\1821.c,,benign,1821.c,c
1822,benign\1822.html,,benign,1822.html,html
1823,benign\1823.php,,benign,1823.php,php
1824,benign\1824.py,,benign,1824.py,py
1825,benign\1825.rb,,benign,1825.rb,rb
1826,benign\1826.c,,benign,1826.c,c
1827,benign\1827.html,,benign,1827.html,html
1828,benign\1828.php,,benign,1828.php,php
1829,benign\1829.py,,benign,1829.py,py
1830,benign\1830.rb,,benign,1830.rb,rb
1831,benign\1831.c,,benign,1831.c,c
1832,benign\1832.html,,benign,1832.html,html
1833,benign\1833.php,,benign,1833.php,php
1834,benign\1834.py,,benign,1834.py,py
1835,benign\1835.rb,,benign,1835.rb,rb
1836,benign\1836.c,,benign,1836.c,c
1837,benign\1837.html,,benign,1837.html,html
1838,benign\1838.php,,benign,1838.php,php
1839,benign\1839.py,,benign,1839.py,py
1840,benign\1840.rb,,benign,1840.rb,rb
1841,benign\1841.c,,benign,1841.c,c
1842,benign\1842.html,,benign,1842.html,html
1843,benign\1843.php,,benign,1843.php,php
1844,benign\1844.py,,benign,1844.py,py
1845,benign\1845.rb,,benign,1845.rb,rb
1846,benign\1846.c,,benign,1846.c,c
1847,benign\1847.html,,benign,1847.html,html
1848,benign\1848.php,,benign,1848.php,php
1849,benign\1849.py,,benign,1849.py,py
1850,benign\1850.rb,,benign,1850.rb,rb
1851,benign\1851.c,,benign,1851.c,c
1852,benign\1852.html,,benign,1852.html,html
1853,benign\1853.php,,benign,1853.php,php
1854,benign\1854.py,,benign,1854.py,py
1855,benign\1855.rb,,benign,1855.rb,rb
1856,benign\1856.c,,benign,1856.c,c
1857,benign\1857.html,,benign,1857.html,html
1858,benign\1858.php,,benign,1858.php,php
1859,benign\1859.py,,benign,1859.py,py
1860,benign\1860.rb,,benign,1860.rb,rb
1861,benign\1861.c,,benign,1861.c,c
1862,benign\1862.html,,benign,1862.html,html
1863,benign\1863.php,,benign,1863.php,php
1864,benign\1864.py,,benign,1864.py,py
1865,benign\1865.rb,,benign,1865.rb,rb
1866,benign\1866.c,,benign,1866.c,c
1867,benign\1867.html,,benign,1867.html,html
1868,benign\1868.php,,benign,1868.php,php
1869,benign\1869.py,,benign,1869.py,py
1870,benign\1870.rb,,benign,1870.rb,rb
1871,benign\1871.c,,benign,1871.c,c
1872,benign\1872.html,,benign,1872.html,html
1873,benign\1873.php,,benign,1873.php,php
1874,benign\1874.py,,benign,1874.py,py
1875,benign\1875.rb,,benign,1875.rb,rb
1876,benign\1876.c,,benign,1876.c,c
1877,benign\1877.html,,benign,1877.html,html
1878,benign\1878.php,,benign,1878.php,php
1879,benign\1879.py,,benign,1879.py,py
1880,benign\1880.rb,,benign,1880.rb,rb
1881,benign\1881.c,,benign,1881.c,c
1882,benign\1882.html,,benign,1882.html,html
1883,benign\1883.php,,benign,1883.php,php
1884,benign\1884.py,,benign,1884.py,py
1885,benign\1885.rb,,benign,1885.rb,rb
1886,benign\1886.c,,benign,1886.c,c
1887,benign\1887.html,,benign,1887.html,html
1888,benign\1888.php,,benign,1888.php,php
1889,benign\1889.py,,benign,1889.py,py
1890,benign\1890.rb,,benign,1890.rb,rb
1891,benign\1891.c,,benign,1891.c,c
1892,benign\1892.html,,benign,1892.html,html
1893,benign\1893.php,,benign,1893.php,php
1894,benign\1894.py,,benign,1894.py,py
1895,benign\1895.rb,,benign,1895.rb,rb
1896,benign\1896.c,,benign,1896.c,c
1897,benign\1897.html,,benign,1897.html,html
1898,benign\1898.php,,benign,1898.php,php
1899,benign\1899.py,,benign,1899.py,py
1900,benign\1900.rb,,benign,1900.rb,rb
1901,benign\1901.c,,benign,1901.c,c
1902,benign\1902.html,,benign,1902.html,html
1903,benign\1903.php,,benign,1903.php,php
1904,benign\1904.py,,benign,1904.py,py
1905,benign\1905.rb,,benign,1905.rb,rb
1906,benign\1906.c,,benign,1906.c,c
1907,benign\1907.html,,benign,1907.html,html
1908,benign\1908.php,,benign,1908.php,php
1909,benign\1909.py,,benign,1909.py,py
1910,benign\1910.rb,,benign,1910.rb,rb
1911,benign\1911.c,,benign,1911.c,c
1912,benign\1912.html,,benign,1912.html,html
1913,benign\1913.php,,benign,1913.php,php
1914,benign\1914.py,,benign,1914.py,py
1915,benign\1915.rb,,benign,1915.rb,rb
1916,benign\1916.c,,benign,1916.c,c
1917,benign\1917.html,,benign,1917.html,html
1918,benign\1918.php,,benign,1918.php,php
1919,benign\1919.py,,benign,1919.py,py
1920,benign\1920.rb,,benign,1920.rb,rb
1921,benign\1921.c,,benign,1921.c,c
1922,benign\1922.html,,benign,1922.html,html
1923,benign\1923.php,,benign,1923.php,php
1924,benign\1924.py,,benign,1924.py,py
1925,benign\1925.rb,,benign,1925.rb,rb
1926,benign\1926.c,,benign,1926.c,c
1927,benign\1927.html,,benign,1927.html,html
1928,benign\1928.php,,benign,1928.php,php
1929,benign\1929.py,,benign,1929.py,py
1930,benign\1930.rb,,benign,1930.rb,rb
1931,benign\1931.c,,benign,1931.c,c
1932,benign\1932.html,,benign,1932.html,html
1933,benign\1933.php,,benign,1933.php,php
1934,benign\1934.py,,benign,1934.py,py
1935,benign\1935.rb,,benign,1935.rb,rb
1936,benign\1936.c,,benign,1936.c,c
1937,benign\1937.html,,benign,1937.html,html
1938,benign\1938.php,,benign,1938.php,php
1939,benign\1939.py,,benign,1939.py,py
1940,benign\1940.rb,,benign,1940.rb,rb
1941,benign\1941.c,,benign,1941.c,c
1942,benign\1942.html,,benign,1942.html,html
1943,benign\1943.php,,benign,1943.php,php
1944,benign\1944.py,,benign,1944.py,py
1945,benign\1945.rb,,benign,1945.rb,rb
1946,benign\1946.c,,benign,1946.c,c
1947,benign\1947.html,,benign,1947.html,html
1948,benign\1948.php,,benign,1948.php,php
1949,benign\1949.py,,benign,1949.py,py
1950,benign\1950.rb,,benign,1950.rb,rb
1951,benign\1951.c,,benign,1951.c,c
1952,benign\1952.html,,benign,1952.html,html
1953,benign\1953.php,,benign,1953.php,php
1954,benign\1954.py,,benign,1954.py,py
1955,benign\1955.rb,,benign,1955.rb,rb
1956,benign\1956.c,,benign,1956.c,c
1957,benign\1957.html,,benign,1957.html,html
1958,benign\1958.php,,benign,1958.php,php
1959,benign\1959.py,,benign,1959.py,py
1960,benign\1960.rb,,benign,1960.rb,rb
1961,benign\1961.c,,benign,1961.c,c
1962,benign\1962.html,,benign,1962.html,html
1963,benign\1963.php,,benign,1963.php,php
1964,benign\1964.py,,benign,1964.py,py
1965,benign\1965.rb,,benign,1965.rb,rb
1966,benign\1966.c,,benign,1966.c,c
1967,benign\1967.html,,benign,1967.html,html
1968,benign\1968.php,,benign,1968.php,php
1969,benign\1969.py,,benign,1969.py,py
1970,benign\1970.rb,,benign,1970.rb,rb
1971,benign\1971.c,,benign,1971.c,c
1972,benign\1972.html,,benign,1972.html,html
1973,benign\1973.php,,benign,1973.php,php
1974,benign\1974.py,,benign,1974.py,py
1975,benign\1975.rb,,benign,1975.rb,rb
1976,benign\1976.c,,benign,1976.c,c
1977,benign\1977.html,,benign,1977.html,html
1978,benign\1978.php,,benign,1978.php,php
1979,benign\1979.py,,benign,1979.py,py
1980,benign\1980.rb,,benign,1980.rb,rb
1981,benign\1981.c,,benign,1981.c,c
1982,benign\1982.html,,benign,1982.html,html
1983,benign\1983.php,,benign,1983.php,php
1984,benign\1984.py,,benign,1984.py,py
1985,benign\1985.rb,,benign,1985.rb,rb
1986,benign\1986.c,,benign,1986.c,c
1987,benign\1987.html,,benign,1987.html,html
1988,benign\1988.php,,benign,1988.php,php
1989,benign\1989.py,,benign,1989.py,py
1990,benign\1990.rb,,benign,1990.rb,rb
1991,benign\1991.c,,benign,1991.c,c
1992,benign\1992.html,,benign,1992.html,html
1993,benign\1993.php,,benign,1993.php,php
1994,benign\1994.py,,benign,1994.py,py
1995,benign\1995.rb,,benign,1995.rb,rb
1996,benign\1996.c,,benign,1996.c,c
1997,benign\1997.html,,benign,1997.html,html
1998,benign\1998.php,,benign,1998.php,php
1999,benign\1999.py,,benign,1999.py,py
2000,benign\2000.rb,,benign,2000.rb,rb
2001,benign\2001.c,,benign,2001.c,c
2002,benign\2002.html,,benign,2002.html,html
2003,benign\2003.php,,benign,2003.php,php
2004,benign\2004.py,,benign,2004.py,py
2005,benign\2005.rb,,benign,2005.rb,rb
2006,benign\2006.c,,benign,2006.c,c
2007,benign\2007.html,,benign,2007.html,html
2008,benign\2008.php,,benign,2008.php,php
2009,benign\2009.py,,benign,2009.py,py
2010,benign\2010.rb,,benign,2010.rb,rb
2011,benign\2011.c,,benign,2011.c,c
2012,benign\2012.html,,benign,2012.html,html
2013,benign\2013.php,,benign,2013.php,php
2014,benign\2014.py,,benign,2014.py,py
2015,benign\2015.rb,,benign,2015.rb,rb
2016,benign\2016.c,,benign,2016.c,c
2017,benign\2017.html,,benign,2017.html,html
2018,benign\2018.php,,benign,2018.php,php
2019,benign\2019.py,,benign,2019.py,py
2020,benign\2020.rb,,benign,2020.rb,rb
2021,benign\2021.c,,benign,2021.c,c
2022,benign\2022.html,,benign,2022.html,html
2023,benign\2023.php,,benign,2023.php,php
2024,benign\2024.py,,benign,2024.py,py
2025,benign\2025.rb,,benign,2025.rb,rb
2026,benign\2026.c,,benign,2026.c,c
2027,benign\2027.html,,benign,2027.html,html
2028,benign\2028.php,,benign,2028.php,php
2029,benign\2029.py,,benign,2029.py,py
2030,benign\2030.rb,,benign,2030.rb,rb
2031,benign\2031.c,,benign,2031.c,c
2032,benign\2032.html,,benign,2032.html,html
2033,benign\2033.php,,benign,2033.php,php
2034,benign\2034.py,,benign,2034.py,py
2035,benign\2035.rb,,benign,2035.rb,rb
2036,benign\2036.c,,benign,2036.c,c
2037,benign\2037.html,,benign,2037.html,html
2038,benign\2038.php,,benign,2038.php,php
2039,benign\2039.py,,benign,2039.py,py
2040,benign\2040.rb,,benign,2040.rb,rb
2041,benign\2041.c,,benign,2041.c,c
2042,benign\2042.html,,benign,2042.html,html
2043,benign\2043.php,,benign,2043.php,php
2044,benign\2044.py,,benign,2044.py,py
2045,benign\2045.rb,,benign,2045.rb,rb
2046,benign\2046.c,,benign,2046.c,c
2047,benign\2047.html,,benign,2047.html,html
2048,benign\2048.php,,benign,2048.php,php
2049,benign\2049.py,,benign,2049.py,py
2050,benign\2050.rb,,benign,2050.rb,rb
2051,benign\2051.c,,benign,2051.c,c
2052,benign\2052.html,,benign,2052.html,html
2053,benign\2053.php,,benign,2053.php,php
2054,benign\2054.py,,benign,2054.py,py
2055,benign\2055.rb,,benign,2055.rb,rb
2056,benign\2056.c,,benign,2056.c,c
2057,benign\2057.html,,benign,2057.html,html
2058,benign\2058.php,,benign,2058.php,php
2059,benign\2059.py,,benign,2059.py,py
2060,benign\2060.rb,,benign,2060.rb,rb
2061,benign\2061.c,,benign,2061.c,c
2062,benign\2062.html,,benign,2062.html,html
2063,benign\2063.php,,benign,2063.php,php
2064,benign\2064.py,,benign,2064.py,py
2065,benign\2065.rb,,benign,2065.rb,rb
2066,benign\2066.c,,benign,2066.c,c
2067,benign\2067.html,,benign,2067.html,html
2068,benign\2068.php,,benign,2068.php,php
2069,benign\2069.py,,benign,2069.py,py
2070,benign\2070.rb,,benign,2070.rb,rb
2071,benign\2071.c,,benign,2071.c,c
2072,benign\2072.html,,benign,2072.html,html
2073,benign\2073.php,,benign,2073.php,php
2074,benign\2074.py,,benign,2074.py,py
2075,benign\2075.rb,,benign,2075.rb,rb
2076,benign\2076.c,,benign,2076.c,c
2077,benign\2077.html,,benign,2077.html,html
2078,benign\2078.php,,benign,2078.php,php
2079,benign\2079.py,,benign,2079.py,py
2080,benign\2080.rb,,benign,2080.rb,rb
2081,benign\2081.c,,benign,2081.c,c
2082,benign\2082.html,,benign,2082.html,html
2083,benign\2083.php,,benign,2083.php,php
2084,benign\2084.py,,benign,2084.py,py
2085,benign\2085.rb,,benign,2085.rb,rb
2086,benign\2086.c,,benign,2086.c,c
2087,benign\2087.html,,benign,2087.html,html
2088,benign\2088.php,,benign,2088.php,php
2089,benign\2089.py,,benign,2089.py,py
2090,benign\2090.rb,,benign,2090.rb,rb
2091,benign\2091.c,,benign,2091.c,c
2092,benign\2092.html,,benign,2092.html,html
2093,benign\2093.php,,benign,2093.php,php
2094,benign\2094.py,,benign,2094.py,py
2095,benign\2095.rb,,benign,2095.rb,rb
2096,benign\2096.c,,benign,2096.c,c
2097,benign\2097.html,,benign,2097.html,html
2098,benign\2098.php,,benign,2098.php,php
2099,benign\2099.py,,benign,2099.py,py
2100,benign\2100.rb,,benign,2100.rb,rb
2101,benign\2101.c,,benign,2101.c,c
2102,benign\2102.html,,benign,2102.html,html
2103,benign\2103.php,,benign,2103.php,php
2104,benign\2104.py,,benign,2104.py,py
2105,benign\2105.rb,,benign,2105.rb,rb
2106,benign\2106.c,,benign,2106.c,c
2107,benign\2107.html,,benign,2107.html,html
2108,benign\2108.php,,benign,2108.php,php
2109,benign\2109.py,,benign,2109.py,py
2110,benign\2110.rb,,benign,2110.rb,rb
2111,benign\2111.c,,benign,2111.c,c
2112,benign\2112.html,,benign,2112.html,html
2113,benign\2113.php,,benign,2113.php,php
2114,benign\2114.py,,benign,2114.py,py
2115,benign\2115.rb,,benign,2115.rb,rb
2116,benign\2116.c,,benign,2116.c,c
2117,benign\2117.html,,benign,2117.html,html
2118,benign\2118.php,,benign,2118.php,php
2119,benign\2119.py,,benign,2119.py,py
2120,benign\2120.rb,,benign,2120.rb,rb
2121,benign\2121.c,,benign,2121.c,c
2122,benign\2122.html,,benign,2122.html,html
2123,benign\2123.php,,benign,2123.php,php
2124,benign\2124.py,,benign,2124.py,py
2125,benign\2125.rb,,benign,2125.rb,rb
2126,benign\2126.c,,benign,2126.c,c
2127,benign\2127.html,,benign,2127.html,html
2128,benign\2128.php,,benign,2128.php,php
2129,benign\2129.py,,benign,2129.py,py
2130,benign\2130.rb,,benign,2130.rb,rb
2131,benign\2131.c,,benign,2131.c,c
2132,benign\2132.html,,benign,2132.html,html
2133,benign\2133.php,,benign,2133.php,php
2134,benign\2134.py,,benign,2134.py,py
2135,benign\2135.rb,,benign,2135.rb,rb
2136,benign\2136.c,,benign,2136.c,c
2137,benign\2137.html,,benign,2137.html,html
2138,benign\2138.php,,benign,2138.php,php
2139,benign\2139.py,,benign,2139.py,py
2140,benign\2140.rb,,benign,2140.rb,rb
2141,benign\2141.c,,benign,2141.c,c
2142,benign\2142.html,,benign,2142.html,html
2143,benign\2143.php,,benign,2143.php,php
2144,benign\2144.py,,benign,2144.py,py
2145,benign\2145.rb,,benign,2145.rb,rb
2146,benign\2146.c,,benign,2146.c,c
2147,benign\2147.html,,benign,2147.html,html
2148,benign\2148.php,,benign,2148.php,php
2149,benign\2149.py,,benign,2149.py,py
2150,benign\2150.rb,,benign,2150.rb,rb
2151,benign\2151.c,,benign,2151.c,c
2152,benign\2152.html,,benign,2152.html,html
2153,benign\2153.php,,benign,2153.php,php
2154,benign\2154.py,,benign,2154.py,py
2155,benign\2155.rb,,benign,2155.rb,rb
2156,benign\2156.c,,benign,2156.c,c
2157,benign\2157.html,,benign,2157.html,html
2158,benign\2158.php,,benign,2158.php,php
2159,benign\2159.py,,benign,2159.py,py
2160,benign\2160.rb,,benign,2160.rb,rb
2161,benign\2161.c,,benign,2161.c,c
2162,benign\2162.html,,benign,2162.html,html
2163,benign\2163.php,,benign,2163.php,php
2164,benign\2164.py,,benign,2164.py,py
2165,benign\2165.rb,,benign,2165.rb,rb
2166,benign\2166.c,,benign,2166.c,c
2167,benign\2167.html,,benign,2167.html,html
2168,benign\2168.php,,benign,2168.php,php
2169,benign\2169.py,,benign,2169.py,py
2170,benign\2170.rb,,benign,2170.rb,rb
2171,benign\2171.c,,benign,2171.c,c
2172,benign\2172.html,,benign,2172.html,html
2173,benign\2173.php,,benign,2173.php,php
2174,benign\2174.py,,benign,2174.py,py
2175,benign\2175.rb,,benign,2175.rb,rb
2176,benign\2176.c,,benign,2176.c,c
2177,benign\2177.html,,benign,2177.html,html
2178,benign\2178.php,,benign,2178.php,php
2179,benign\2179.py,,benign,2179.py,py
2180,benign\2180.rb,,benign,2180.rb,rb
2181,benign\2181.c,,benign,2181.c,c
2182,benign\2182.html,,benign,2182.html,html
2183,benign\2183.php,,benign,2183.php,php
2184,benign\2184.py,,benign,2184.py,py
2185,benign\2185.rb,,benign,2185.rb,rb
2186,benign\2186.c,,benign,2186.c,c
2187,benign\2187.html,,benign,2187.html,html
2188,benign\2188.php,,benign,2188.php,php
2189,benign\2189.py,,benign,2189.py,py
2190,benign\2190.rb,,benign,2190.rb,rb
2191,benign\2191.c,,benign,2191.c,c
2192,benign\2192.html,,benign,2192.html,html
2193,benign\2193.php,,benign,2193.php,php
2194,benign\2194.py,,benign,2194.py,py
2195,benign\2195.rb,,benign,2195.rb,rb
2196,benign\2196.c,,benign,2196.c,c
2197,benign\2197.html,,benign,2197.html,html
2198,benign\2198.php,,benign,2198.php,php
2199,benign\2199.py,,benign,2199.py,py
2200,benign\2200.rb,,benign,2200.rb,rb
2201,benign\2201.c,,benign,2201.c,c
2202,benign\2202.html,,benign,2202.html,html
2203,benign\2203.php,,benign,2203.php,php
2204,benign\2204.py,,benign,2204.py,py
2205,benign\2205.rb,,benign,2205.rb,rb
2206,benign\2206.c,,benign,2206.c,c
2207,benign\2207.html,,benign,2207.html,html
2208,benign\2208.php,,benign,2208.php,php
2209,benign\2209.py,,benign,2209.py,py
2210,benign\2210.rb,,benign,2210.rb,rb
2211,benign\2211.c,,benign,2211.c,c
2212,benign\2212.html,,benign,2212.html,html
2213,benign\2213.php,,benign,2213.php,php
2214,benign\2214.py,,benign,2214.py,py
2215,benign\2215.rb,,benign,2215.rb,rb
2216,benign\2216.c,,benign,2216.c,c
2217,benign\2217.html,,benign,2217.html,html
2218,benign\2218.php,,benign,2218.php,php
2219,benign\2219.py,,benign,2219.py,py
2220,benign\2220.rb,,benign,2220.rb,rb
2221,benign\2221.c,,benign,2221.c,c
2222,benign\2222.html,,benign,2222.html,html
2223,benign\2223.php,,benign,2223.php,php
2224,benign\2224.py,,benign,2224.py,py
2225,benign\2225.rb,,benign,2225.rb,rb
2226,benign\2226.c,,benign,2226.c,c
2227,benign\2227.html,,benign,2227.html,html
2228,benign\2228.php,,benign,2228.php,php
2229,benign\2229.py,,benign,2229.py,py
2230,benign\2230.rb,,benign,2230.rb,rb
2231,benign\2231.c,,benign,2231.c,c
2232,benign\2232.html,,benign,2232.html,html
2233,benign\2233.php,,benign,2233.php,php
2234,benign\2234.py,,benign,2234.py,py
2235,benign\2235.rb,,benign,2235.rb,rb
2236,benign\2236.c,,benign,2236.c,c
2237,benign\2237.html,,benign,2237.html,html
2238,benign\2238.php,,benign,2238.php,php
2239,benign\2239.py,,benign,2239.py,py
2240,benign\2240.rb,,benign,2240.rb,rb
2241,benign\2241.c,,benign,2241.c,c
2242,benign\2242.html,,benign,2242.html,html
2243,benign\2243.php,,benign,2243.php,php
2244,benign\2244.py,,benign,2244.py,py
2245,benign\2245.rb,,benign,2245.rb,rb
2246,benign\2246.c,,benign,2246.c,c
2247,benign\2247.html,,benign,2247.html,html
2248,benign\2248.php,,benign,2248.php,php
2249,benign\2249.py,,benign,2249.py,py
2250,benign\2250.rb,,benign,2250.rb,rb
2251,benign\2251.c,,benign,2251.c,c
2252,benign\2252.html,,benign,2252.html,html
2253,benign\2253.php,,benign,2253.php,php
2254,benign\2254.py,,benign,2254.py,py
2255,benign\2255.rb,,benign,2255.rb,rb
2256,benign\2256.c,,benign,2256.c,c
2257,benign\2257.html,,benign,2257.html,html
2258,benign\2258.php,,benign,2258.php,php
2259,benign\2259.py,,benign,2259.py,py
2260,benign\2260.rb,,benign,2260.rb,rb
2261,benign\2261.c,,benign,2261.c,c
2262,benign\2262.html,,benign,2262.html,html
2263,benign\2263.php,,benign,2263.php,php
2264,benign\2264.py,,benign,2264.py,py
2265,benign\2265.rb,,benign,2265.rb,rb
2266,benign\2266.c,,benign,2266.c,c
2267,benign\2267.html,,benign,2267.html,html
2268,benign\2268.php,,benign,2268.php,php
2269,benign\2269.py,,benign,2269.py,py
2270,benign\2270.rb,,benign,2270.rb,rb
2271,benign\2271.c,,benign,2271.c,c
2272,benign\2272.html,,benign,2272.html,html
2273,benign\2273.php,,benign,2273.php,php
2274,benign\2274.py,,benign,2274.py,py
2275,benign\2275.rb,,benign,2275.rb,rb
2276,benign\2276.c,,benign,2276.c,c
2277,benign\2277.html,,benign,2277.html,html
2278,benign\2278.php,,benign,2278.php,php
2279,benign\2279.py,,benign,2279.py,py
2280,benign\2280.rb,,benign,2280.rb,rb
2281,benign\2281.c,,benign,2281.c,c
2282,benign\2282.html,,benign,2282.html,html
2283,benign\2283.php,,benign,2283.php,php
2284,benign\2284.py,,benign,2284.py,py
2285,benign\2285.rb,,benign,2285.rb,rb
2286,benign\2286.c,,benign,2286.c,c
2287,benign\2287.html,,benign,2287.html,html
2288,benign\2288.php,,benign,2288.php,php
2289,benign\2289.py,,benign,2289.py,py
2290,benign\2290.rb,,benign,2290.rb,rb
2291,benign\2291.c,,benign,2291.c,c
2292,benign\2292.html,,benign,2292.html,html
2293,benign\2293.php,,benign,2293.php,php
2294,benign\2294.py,,benign,2294.py,py
2295,benign\2295.rb,,benign,2295.rb,rb
2296,benign\2296.c,,benign,2296.c,c
2297,benign\2297.html,,benign,2297.html,html
2298,benign\2298.php,,benign,2298.php,php
2299,benign\2299.py,,benign,2299.py,py
2300,benign\2300.rb,,benign,2300.rb,rb
2301,benign\2301.c,,benign,2301.c,c
2302,benign\2302.html,,benign,2302.html,html
2303,benign\2303.php,,benign,2303.php,php
2304,benign\2304.py,,benign,2304.py,py
2305,benign\2305.rb,,benign,2305.rb,rb
2306,benign\2306.c,,benign,2306.c,c
2307,benign\2307.html,,benign,2307.html,html
2308,benign\2308.php,,benign,2308.php,php
2309,benign\2309.py,,benign,2309.py,py
2310,benign\2310.rb,,benign,2310.rb,rb
2311,benign\2311.c,,benign,2311.c,c
2312,benign\2312.html,,benign,2312.html,html
2313,benign\2313.php,,benign,2313.php,php
2314,benign\2314.py,,benign,2314.py,py
2315,benign\2315.rb,,benign,2315.rb,rb
2316,benign\2316.c,,benign,2316.c,c
2317,benign\2317.html,,benign,2317.html,html
2318,benign\2318.php,,benign,2318.php,php
2319,benign\2319.py,,benign,2319.py,py
2320,benign\2320.rb,,benign,2320.rb,rb
2321,benign\2321.c,,benign,2321.c,c
2322,benign\2322.html,,benign,2322.html,html
2323,benign\2323.php,,benign,2323.php,php
2324,benign\2324.py,,benign,2324.py,py
2325,benign\2325.rb,,benign,2325.rb,rb
2326,benign\2326.c,,benign,2326.c,c
2327,benign\2327.html,,benign,2327.html,html
2328,benign\2328.php,,benign,2328.php,php
2329,benign\2329.py,,benign,2329.py,py
2330,benign\2330.rb,,benign,2330.rb,rb
2331,benign\2331.c,,benign,2331.c,c
2332,benign\2332.html,,benign,2332.html,html
2333,benign\2333.php,,benign,2333.php,php
2334,benign\2334.py,,benign,2334.py,py
2335,benign\2335.rb,,benign,2335.rb,rb
2336,benign\2336.c,,benign,2336.c,c
2337,benign\2337.html,,benign,2337.html,html
2338,benign\2338.php,,benign,2338.php,php
2339,benign\2339.py,,benign,2339.py,py
2340,benign\2340.rb,,benign,2340.rb,rb
2341,benign\2341.c,,benign,2341.c,c
2342,benign\2342.html,,benign,2342.html,html
2343,benign\2343.php,,benign,2343.php,php
2344,benign\2344.py,,benign,2344.py,py
2345,benign\2345.rb,,benign,2345.rb,rb
2346,benign\2346.c,,benign,2346.c,c
2347,benign\2347.html,,benign,2347.html,html
2348,benign\2348.php,,benign,2348.php,php
2349,benign\2349.py,,benign,2349.py,py
2350,benign\2350.rb,,benign,2350.rb,rb
2351,benign\2351.c,,benign,2351.c,c
2352,benign\2352.html,,benign,2352.html,html
2353,benign\2353.php,,benign,2353.php,php
2354,benign\2354.py,,benign,2354.py,py
2355,benign\2355.rb,,benign,2355.rb,rb
2356,benign\2356.c,,benign,2356.c,c
2357,benign\2357.html,,benign,2357.html,html
2358,benign\2358.php,,benign,2358.php,php
2359,benign\2359.py,,benign,2359.py,py
2360,benign\2360.rb,,benign,2360.rb,rb
2361,benign\2361.c,,benign,2361.c,c
2362,benign\2362.html,,benign,2362.html,html
2363,benign\2363.php,,benign,2363.php,php
2364,benign\2364.py,,benign,2364.py,py
2365,benign\2365.rb,,benign,2365.rb,rb
2366,benign\2366.c,,benign,2366.c,c
2367,benign\2367.html,,benign,2367.html,html
2368,benign\2368.php,,benign,2368.php,php
2369,benign\2369.py,,benign,2369.py,py
2370,benign\2370.rb,,benign,2370.rb,rb
2371,benign\2371.c,,benign,2371.c,c
2372,benign\2372.html,,benign,2372.html,html
2373,benign\2373.php,,benign,2373.php,php
2374,benign\2374.py,,benign,2374.py,py
2375,benign\2375.rb,,benign,2375.rb,rb
2376,benign\2376.c,,benign,2376.c,c
2377,benign\2377.html,,benign,2377.html,html
2378,benign\2378.php,,benign,2378.php,php
2379,benign\2379.py,,benign,2379.py,py
2380,benign\2380.rb,,benign,2380.rb,rb
2381,benign\2381.c,,benign,2381.c,c
2382,benign\2382.html,,benign,2382.html,html
2383,benign\2383.php,,benign,2383.php,php
2384,benign\2384.py,,benign,2384.py,py
2385,benign\2385.rb,,benign,2385.rb,rb
2386,benign\2386.c,,benign,2386.c,c
2387,benign\2387.html,,benign,2387.html,html
2388,benign\2388.php,,benign,2388.php,php
2389,benign\2389.py,,benign,2389.py,py
2390,benign\2390.rb,,benign,2390.rb,rb
2391,benign\2391.c,,benign,2391.c,c
2392,benign\2392.html,,benign,2392.html,html
2393,benign\2393.php,,benign,2393.php,php
2394,benign\2394.py,,benign,2394.py,py
2395,benign\2395.rb,,benign,2395.rb,rb
2396,benign\2396.c,,benign,2396.c,c
2397,benign\2397.html,,benign,2397.html,html
2398,benign\2398.php,,benign,2398.php,php
2399,benign\2399.py,,benign,2399.py,py
2400,benign\2400.rb,,benign,2400.rb,rb
2401,benign\2401.c,,benign,2401.c,c
2402,benign\2402.html,,benign,2402.html,html
2403,benign\2403.php,,benign,2403.php,php
2404,benign\2404.py,,benign,2404.py,py
2405,benign\2405.rb,,benign,2405.rb,rb
2406,benign\2406.c,,benign,2406.c,c
2407,benign\2407.html,,benign,2407.html,html
2408,benign\2408.php,,benign,2408.php,php
2409,benign\2409.py,,benign,2409.py,py
2410,benign\2410.rb,,benign,2410.rb,rb
2411,benign\2411.c,,benign,2411.c,c
2412,benign\2412.html,,benign,2412.html,html
2413,benign\2413.php,,benign,2413.php,php
2414,benign\2414.py,,benign,2414.py,py
2415,benign\2415.rb,,benign,2415.rb,rb
2416,benign\2416.c,,benign,2416.c,c
2417,benign\2417.html,,benign,2417.html,html
2418,benign\2418.php,,benign,2418.php,php
2419,benign\2419.py,,benign,2419.py,py
2420,benign\2420.rb,,benign,2420.rb,rb
2421,benign\2421.c,,benign,2421.c,c
2422,benign\2422.html,,benign,2422.html,html
2423,benign\2423.php,,benign,2423.php,php
2424,benign\2424.py,,benign,2424.py,py
2425,benign\2425.rb,,benign,2425.rb,rb
2426,benign\2426.c,,benign,2426.c,c
2427,benign\2427.html,,benign,2427.html,html
2428,benign\2428.php,,benign,2428.php,php
2429,benign\2429.py,,benign,2429.py,py
2430,benign\2430.rb,,benign,2430.rb,rb
2431,benign\2431.c,,benign,2431.c,c
2432,benign\2432.html,,benign,2432.html,html
2433,benign\2433.php,,benign,2433.php,php
2434,benign\2434.py,,benign,2434.py,py
2435,benign\2435.rb,,benign,2435.rb,rb
2436,benign\2436.c,,benign,2436.c,c
2437,benign\2437.html,,benign,2437.html,html
2438,benign\2438.php,,benign,2438.php,php
2439,benign\2439.py,,benign,2439.py,py
2440,benign\2440.rb,,benign,2440.rb,rb
2441,benign\2441.c,,benign,2441.c,c
2442,benign\2442.html,,benign,2442.html,html
2443,benign\2443.php,,benign,2443.php,php
2444,benign\2444.py,,benign,2444.py,py
2445,benign\2445.rb,,benign,2445.rb,rb
2446,benign\2446.c,,benign,2446.c,c
2447,benign\2447.html,,benign,2447.html,html
2448,benign\2448.php,,benign,2448.php,php
2449,benign\2449.py,,benign,2449.py,py
2450,benign\2450.rb,,benign,2450.rb,rb
2451,benign\2451.c,,benign,2451.c,c
2452,benign\2452.html,,benign,2452.html,html
2453,benign\2453.php,,benign,2453.php,php
2454,benign\2454.py,,benign,2454.py,py
2455,benign\2455.rb,,benign,2455.rb,rb
2456,benign\2456.c,,benign,2456.c,c
2457,benign\2457.html,,benign,2457.html,html
2458,benign\2458.php,,benign,2458.php,php
2459,benign\2459.py,,benign,2459.py,py
2460,benign\2460.rb,,benign,2460.rb,rb
2461,benign\2461.c,,benign,2461.c,c
2462,benign\2462.html,,benign,2462.html,html
2463,benign\2463.php,,benign,2463.php,php
2464,benign\2464.py,,benign,2464.py,py
2465,benign\2465.rb,,benign,2465.rb,rb
2466,benign\2466.c,,benign,2466.c,c
2467,benign\2467.html,,benign,2467.html,html
2468,benign\2468.php,,benign,2468.php,php
2469,benign\2469.py,,benign,2469.py,py
2470,benign\2470.rb,,benign,2470.rb,rb
2471,benign\2471.c,,benign,2471.c,c
2472,benign\2472.html,,benign,2472.html,html
2473,benign\2473.php,,benign,2473.php,php
2474,benign\2474.py,,benign,2474.py,py
2475,benign\2475.rb,,benign,2475.rb,rb
2476,benign\2476.c,,benign,2476.c,c
2477,benign\2477.html,,benign,2477.html,html
2478,benign\2478.php,,benign,2478.php,php
2479,benign\2479.py,,benign,2479.py,py
2480,benign\2480.rb,,benign,2480.rb,rb
2481,benign\2481.c,,benign,2481.c,c
2482,benign\2482.html,,benign,2482.html,html
2483,benign\2483.php,,benign,2483.php,php
2484,benign\2484.py,,benign,2484.py,py
2485,benign\2485.rb,,benign,2485.rb,rb
2486,benign\2486.c,,benign,2486.c,c
2487,benign\2487.html,,benign,2487.html,html
2488,benign\2488.php,,benign,2488.php,php
2489,benign\2489.py,,benign,2489.py,py
2490,benign\2490.rb,,benign,2490.rb,rb
2491,benign\2491.c,,benign,2491.c,c
2492,benign\2492.html,,benign,2492.html,html
2493,benign\2493.php,,benign,2493.php,php
2494,benign\2494.py,,benign,2494.py,py
2495,benign\2495.rb,,benign,2495.rb,rb
2496,benign\2496.c,,benign,2496.c,c
2497,benign\2497.html,,benign,2497.html,html
2498,benign\2498.php,,benign,2498.php,php
2499,benign\2499.py,,benign,2499.py,py
2500,benign\2500.rb,,benign,2500.rb,rb
2501,benign\2501.c,,benign,2501.c,c
2502,benign\2502.html,,benign,2502.html,html
2503,benign\2503.php,,benign,2503.php,php
2504,benign\2504.py,,benign,2504.py,py
2505,benign\2505.rb,,benign,2505.rb,rb
2506,benign\2506.c,,benign,2506.c,c
2507,benign\2507.html,,benign,2507.html,html
2508,benign\2508.php,,benign,2508.php,php
2509,benign\2509.py,,benign,2509.py,py
2510,benign\2510.rb,,benign,2510.rb,rb
2511,benign\2511.c,,benign,2511.c,c
2512,benign\2512.html,,benign,2512.html,html
2513,benign\2513.php,,benign,2513.php,php
2514,benign\2514.py,,benign,2514.py,py
2515,benign\2515.rb,,benign,2515.rb,rb
2516,benign\2516.c,,benign,2516.c,c
2517,benign\2517.html,,benign,2517.html,html
2518,benign\2518.php,,benign,2518.php,php
2519,benign\2519.py,,benign,2519.py,py
2520,benign\2520.rb,,benign,2520.rb,rb
2521,benign\2521.c,,benign,2521.c,c
2522,benign\2522.html,,benign,2522.html,html
2523,benign\2523.php,,benign,2523.php,php
2524,benign\2524.py,,benign,2524.py,py
2525,benign\2525.rb,,benign,2525.rb,rb
2526,benign\2526.c,,benign,2526.c,c
2527,benign\2527.html,,benign,2527.html,html
2528,benign\2528.php,,benign,2528.php,php
2529,benign\2529.py,,benign,2529.py,py
2530,benign\2530.rb,,benign,2530.rb,rb
2531,benign\2531.c,,benign,2531.c,c
2532,benign\2532.html,,benign,2532.html,html
2533,benign\2533.php,,benign,2533.php,php
2534,benign\2534.py,,benign,2534.py,py
2535,benign\2535.rb,,benign,2535.rb,rb
2536,benign\2536.c,,benign,2536.c,c
2537,benign\2537.html,,benign,2537.html,html
2538,benign\2538.php,,benign,2538.php,php
2539,benign\2539.py,,benign,2539.py,py
2540,benign\2540.rb,,benign,2540.rb,rb
2541,benign\2541.c,,benign,2541.c,c
2542,benign\2542.html,,benign,2542.html,html
2543,benign\2543.php,,benign,2543.php,php
2544,benign\2544.py,,benign,2544.py,py
2545,benign\2545.rb,,benign,2545.rb,rb
2546,benign\2546.c,,benign,2546.c,c
2547,benign\2547.html,,benign,2547.html,html
2548,benign\2548.php,,benign,2548.php,php
2549,benign\2549.py,,benign,2549.py,py
2550,benign\2550.rb,,benign,2550.rb,rb
2551,benign\2551.c,,benign,2551.c,c
2552,benign\2552.html,,benign,2552.html,html
2553,benign\2553.php,,benign,2553.php,php
2554,benign\2554.py,,benign,2554.py,py
2555,benign\2555.rb,,benign,2555.rb,rb
2556,benign\2556.c,,benign,2556.c,c
2557,benign\2557.html,,benign,2557.html,html
2558,benign\2558.php,,benign,2558.php,php
2559,benign\2559.py,,benign,2559.py,py
2560,benign\2560.rb,,benign,2560.rb,rb
2561,benign\2561.c,,benign,2561.c,c
2562,benign\2562.html,,benign,2562.html,html
2563,benign\2563.php,,benign,2563.php,php
2564,benign\2564.py,,benign,2564.py,py
2565,benign\2565.rb,,benign,2565.rb,rb
2566,benign\2566.c,,benign,2566.c,c
2567,benign\2567.html,,benign,2567.html,html
2568,benign\2568.php,,benign,2568.php,php
2569,benign\2569.py,,benign,2569.py,py
2570,benign\2570.rb,,benign,2570.rb,rb
2571,benign\2571.c,,benign,2571.c,c
2572,benign\2572.html,,benign,2572.html,html
2573,benign\2573.php,,benign,2573.php,php
2574,benign\2574.py,,benign,2574.py,py
2575,benign\2575.rb,,benign,2575.rb,rb
2576,benign\2576.c,,benign,2576.c,c
2577,benign\2577.html,,benign,2577.html,html
2578,benign\2578.php,,benign,2578.php,php
2579,benign\2579.py,,benign,2579.py,py
2580,benign\2580.rb,,benign,2580.rb,rb
2581,benign\2581.c,,benign,2581.c,c
2582,benign\2582.html,,benign,2582.html,html
2583,benign\2583.php,,benign,2583.php,php
2584,benign\2584.py,,benign,2584.py,py
2585,benign\2585.rb,,benign,2585.rb,rb
2586,benign\2586.c,,benign,2586.c,c
2587,benign\2587.html,,benign,2587.html,html
2588,benign\2588.php,,benign,2588.php,php
2589,benign\2589.py,,benign,2589.py,py
2590,benign\2590.rb,,benign,2590.rb,rb
2591,benign\2591.c,,benign,2591.c,c
2592,benign\2592.html,,benign,2592.html,html
2593,benign\2593.php,,benign,2593.php,php
2594,benign\2594.py,,benign,2594.py,py
2595,benign\2595.rb,,benign,2595.rb,rb
2596,benign\2596.c,,benign,2596.c,c
2597,benign\2597.html,,benign,2597.html,html
2598,benign\2598.php,,benign,2598.php,php
2599,benign\2599.py,,benign,2599.py,py
2600,benign\2600.rb,,benign,2600.rb,rb
2601,benign\2601.c,,benign,2601.c,c
2602,benign\2602.html,,benign,2602.html,html
2603,benign\2603.php,,benign,2603.php,php
2604,benign\2604.py,,benign,2604.py,py
2605,benign\2605.rb,,benign,2605.rb,rb
2606,benign\2606.c,,benign,2606.c,c
2607,benign\2607.html,,benign,2607.html,html
2608,benign\2608.php,,benign,2608.php,php
2609,benign\2609.py,,benign,2609.py,py
2610,benign\2610.rb,,benign,2610.rb,rb
2611,benign\2611.c,,benign,2611.c,c
2612,benign\2612.html,,benign,2612.html,html
2613,benign\2613.php,,benign,2613.php,php
2614,benign\2614.py,,benign,2614.py,py
2615,benign\2615.rb,,benign,2615.rb,rb
2616,benign\2616.c,,benign,2616.c,c
2617,benign\2617.html,,benign,2617.html,html
2618,benign\2618.php,,benign,2618.php,php
2619,benign\2619.py,,benign,2619.py,py
2620,benign\2620.rb,,benign,2620.rb,rb
2621,benign\2621.c,,benign,2621.c,c
2622,benign\2622.html,,benign,2622.html,html
2623,benign\2623.php,,benign,2623.php,php
2624,benign\2624.py,,benign,2624.py,py
2625,benign\2625.rb,,benign,2625.rb,rb
2626,benign\2626.c,,benign,2626.c,c
2627,benign\2627.html,,benign,2627.html,html
2628,benign\2628.php,,benign,2628.php,php
2629,benign\2629.py,,benign,2629.py,py
2630,benign\2630.rb,,benign,2630.rb,rb
2631,benign\2631.c,,benign,2631.c,c
2632,benign\2632.html,,benign,2632.html,html
2633,benign\2633.php,,benign,2633.php,php
2634,benign\2634.py,,benign,2634.py,py
2635,benign\2635.rb,,benign,2635.rb,rb
2636,benign\2636.c,,benign,2636.c,c
2637,benign\2637.html,,benign,2637.html,html
2638,benign\2638.php,,benign,2638.php,php
2639,benign\2639.py,,benign,2639.py,py
2640,benign\2640.rb,,benign,2640.rb,rb
2641,benign\2641.c,,benign,2641.c,c
2642,benign\2642.html,,benign,2642.html,html
2643,benign\2643.php,,benign,2643.php,php
2644,benign\2644.py,,benign,2644.py,py
2645,benign\2645.rb,,benign,2645.rb,rb
2646,benign\2646.c,,benign,2646.c,c
2647,benign\2647.html,,benign,2647.html,html
2648,benign\2648.php,,benign,2648.php,php
2649,benign\2649.py,,benign,2649.py,py
2650,benign\2650.rb,,benign,2650.rb,rb
2651,benign\2651.c,,benign,2651.c,c
2652,benign\2652.html,,benign,2652.html,html
2653,benign\2653.php,,benign,2653.php,php
2654,benign\2654.py,,benign,2654.py,py
2655,benign\2655.rb,,benign,2655.rb,rb
2656,benign\2656.c,,benign,2656.c,c
2657,benign\2657.html,,benign,2657.html,html
2658,benign\2658.php,,benign,2658.php,php
2659,benign\2659.py,,benign,2659.py,py
2660,benign\2660.rb,,benign,2660.rb,rb
2661,benign\2661.c,,benign,2661.c,c
2662,benign\2662.html,,benign,2662.html,html
2663,benign\2663.php,,benign,2663.php,php
2664,benign\2664.py,,benign,2664.py,py
2665,benign\2665.rb,,benign,2665.rb,rb
2666,benign\2666.c,,benign,2666.c,c
2667,benign\2667.html,,benign,2667.html,html
2668,benign\2668.php,,benign,2668.php,php
2669,benign\2669.py,,benign,2669.py,py
2670,benign\2670.rb,,benign,2670.rb,rb
2671,benign\2671.c,,benign,2671.c,c
2672,benign\2672.html,,benign,2672.html,html
2673,benign\2673.php,,benign,2673.php,php
2674,benign\2674.py,,benign,2674.py,py
2675,benign\2675.rb,,benign,2675.rb,rb
2676,benign\2676.c,,benign,2676.c,c
2677,benign\2677.html,,benign,2677.html,html
2678,benign\2678.php,,benign,2678.php,php
2679,benign\2679.py,,benign,2679.py,py
2680,benign\2680.rb,,benign,2680.rb,rb
2681,benign\2681.c,,benign,2681.c,c
2682,benign\2682.html,,benign,2682.html,html
2683,benign\2683.php,,benign,2683.php,php
2684,benign\2684.py,,benign,2684.py,py
2685,benign\2685.rb,,benign,2685.rb,rb
2686,benign\2686.c,,benign,2686.c,c
2687,benign\2687.html,,benign,2687.html,html
2688,benign\2688.php,,benign,2688.php,php
2689,benign\2689.py,,benign,2689.py,py
2690,benign\2690.rb,,benign,2690.rb,rb
2691,benign\2691.c,,benign,2691.c,c
2692,benign\2692.html,,benign,2692.html,html
2693,benign\2693.php,,benign,2693.php,php
2694,benign\2694.py,,benign,2694.py,py
2695,benign\2695.rb,,benign,2695.rb,rb
2696,benign\2696.c,,benign,2696.c,c
2697,benign\2697.html,,benign,2697.html,html
2698,benign\2698.php,,benign,2698.php,php
2699,benign\2699.py,,benign,2699.py,py
2700,benign\2700.rb,,benign,2700.rb,rb
2701,benign\2701.c,,benign,2701.c,c
2702,benign\2702.html,,benign,2702.html,html
2703,benign\2703.php,,benign,2703.php,php
2704,benign\2704.py,,benign,2704.py,py
2705,benign\2705.rb,,benign,2705.rb,rb
2706,benign\2706.c,,benign,2706.c,c
2707,benign\2707.html,,benign,2707.html,html
2708,benign\2708.php,,benign,2708.php,php
2709,benign\2709.py,,benign,2709.py,py
2710,benign\2710.rb,,benign,2710.rb,rb
2711,benign\2711.c,,benign,2711.c,c
2712,benign\2712.html,,benign,2712.html,html
2713,benign\2713.php,,benign,2713.php,php
2714,benign\2714.py,,benign,2714.py,py
2715,benign\2715.rb,,benign,2715.rb,rb
2716,benign\2716.c,,benign,2716.c,c
2717,benign\2717.html,,benign,2717.html,html
2718,benign\2718.php,,benign,2718.php,php
2719,benign\2719.py,,benign,2719.py,py
2720,benign\2720.rb,,benign,2720.rb,rb
2721,benign\2721.c,,benign,2721.c,c
2722,benign\2722.html,,benign,2722.html,html
2723,benign\2723.php,,benign,2723.php,php
2724,benign\2724.py,,benign,2724.py,py
2725,benign\2725.rb,,benign,2725.rb,rb
2726,benign\2726.c,,benign,2726.c,c
2727,benign\2727.html,,benign,2727.html,html
2728,benign\2728.php,,benign,2728.php,php
2729,benign\2729.py,,benign,2729.py,py
2730,benign\2730.rb,,benign,2730.rb,rb
2731,benign\2731.c,,benign,2731.c,c
2732,benign\2732.html,,benign,2732.html,html
2733,benign\2733.php,,benign,2733.php,php
2734,benign\2734.py,,benign,2734.py,py
2735,benign\2735.rb,,benign,2735.rb,rb
2736,benign\2736.c,,benign,2736.c,c
2737,benign\2737.html,,benign,2737.html,html
2738,benign\2738.php,,benign,2738.php,php
2739,benign\2739.py,,benign,2739.py,py
2740,benign\2740.rb,,benign,2740.rb,rb
2741,benign\2741.c,,benign,2741.c,c
2742,benign\2742.html,,benign,2742.html,html
2743,benign\2743.php,,benign,2743.php,php
2744,benign\2744.py,,benign,2744.py,py
2745,benign\2745.rb,,benign,2745.rb,rb
2746,benign\2746.c,,benign,2746.c,c
2747,benign\2747.html,,benign,2747.html,html
2748,benign\2748.php,,benign,2748.php,php
2749,benign\2749.py,,benign,2749.py,py
2750,benign\2750.rb,,benign,2750.rb,rb
2751,benign\2751.c,,benign,2751.c,c
2752,benign\2752.html,,benign,2752.html,html
2753,benign\2753.php,,benign,2753.php,php
2754,benign\2754.py,,benign,2754.py,py
2755,benign\2755.rb,,benign,2755.rb,rb
2756,benign\2756.c,,benign,2756.c,c
2757,benign\2757.html,,benign,2757.html,html
2758,benign\2758.php,,benign,2758.php,php
2759,benign\2759.py,,benign,2759.py,py
2760,benign\2760.rb,,benign,2760.rb,rb
2761,benign\2761.c,,benign,2761.c,c
2762,benign\2762.html,,benign,2762.html,html
2763,benign\2763.php,,benign,2763.php,php
2764,benign\2764.py,,benign,2764.py,py
2765,benign\2765.rb,,benign,2765.rb,rb
2766,benign\2766.c,,benign,2766.c,c
2767,benign\2767.html,,benign,2767.html,html
2768,benign\2768.php,,benign,2768.php,php
2769,benign\2769.py,,benign,2769.py,py
2770,benign\2770.rb,,benign,2770.rb,rb
2771,benign\2771.c,,benign,2771.c,c
2772,benign\2772.html,,benign,2772.html,html
2773,benign\2773.php,,benign,2773.php,php
2774,benign\2774.py,,benign,2774.py,py
2775,benign\2775.rb,,benign,2775.rb,rb
2776,benign\2776.c,,benign,2776.c,c
2777,benign\2777.html,,benign,2777.html,html
2778,benign\2778.php,,benign,2778.php,php
2779,benign\2779.py,,benign,2779.py,py
2780,benign\2780.rb,,benign,2780.rb,rb
2781,benign\2781.c,,benign,2781.c,c
2782,benign\2782.html,,benign,2782.html,html
2783,benign\2783.php,,benign,2783.php,php
2784,benign\2784.py,,benign,2784.py,py
2785,benign\2785.rb,,benign,2785.rb,rb
2786,benign\2786.c,,benign,2786.c,c
2787,benign\2787.html,,benign,2787.html,html
2788,benign\2788.php,,benign,2788.php,php
2789,benign\2789.py,,benign,2789.py,py
2790,benign\2790.rb,,benign,2790.rb,rb
2791,benign\2791.c,,benign,2791.c,c
2792,benign\2792.html,,benign,2792.html,html
2793,benign\2793.php,,benign,2793.php,php
2794,benign\2794.py,,benign,2794.py,py
2795,benign\2795.rb,,benign,2795.rb,rb
2796,benign\2796.c,,benign,2796.c,c
2797,benign\2797.html,,benign,2797.html,html
2798,benign\2798.php,,benign,2798.php,php
2799,benign\2799.py,,benign,2799.py,py
2800,benign\2800.rb,,benign,2800.rb,rb
2801,benign\2801.c,,benign,2801.c,c
2802,benign\2802.html,,benign,2802.html,html
2803,benign\2803.php,,benign,2803.php,php
2804,benign\2804.py,,benign,2804.py,py
2805,benign\2805.rb,,benign,2805.rb,rb
2806,benign\2806.c,,benign,2806.c,c
2807,benign\2807.html,,benign,2807.html,html
2808,benign\2808.php,,benign,2808.php,php
2809,benign\2809.py,,benign,2809.py,py
2810,benign\2810.rb,,benign,2810.rb,rb
2811,benign\2811.c,,benign,2811.c,c
2812,benign\2812.html,,benign,2812.html,html
2813,benign\2813.php,,benign,2813.php,php
2814,benign\2814.py,,benign,2814.py,py
2815,benign\2815.rb,,benign,2815.rb,rb
2816,benign\2816.c,,benign,2816.c,c
2817,benign\2817.html,,benign,2817.html,html
2818,benign\2818.php,,benign,2818.php,php
2819,benign\2819.py,,benign,2819.py,py
2820,benign\2820.rb,,benign,2820.rb,rb
2821,benign\2821.c,,benign,2821.c,c
2822,benign\2822.html,,benign,2822.html,html
2823,benign\2823.php,,benign,2823.php,php
2824,benign\2824.py,,benign,2824.py,py
2825,benign\2825.rb,,benign,2825.rb,rb
2826,benign\2826.c,,benign,2826.c,c
2827,benign\2827.html,,benign,2827.html,html
2828,benign\2828.php,,benign,2828.php,php
2829,benign\2829.py,,benign,2829.py,py
2830,benign\2830.rb,,benign,2830.rb,rb
2831,benign\2831.c,,benign,2831.c,c
2832,benign\2832.html,,benign,2832.html,html
2833,benign\2833.php,,benign,2833.php,php
2834,benign\2834.py,,benign,2834.py,py
2835,benign\2835.rb,,benign,2835.rb,rb
2836,benign\2836.c,,benign,2836.c,c
2837,benign\2837.html,,benign,2837.html,html
2838,benign\2838.php,,benign,2838.php,php
2839,benign\2839.py,,benign,2839.py,py
2840,benign\2840.rb,,benign,2840.rb,rb
2841,benign\2841.c,,benign,2841.c,c
2842,benign\2842.html,,benign,2842.html,html
2843,benign\2843.php,,benign,2843.php,php
2844,benign\2844.py,,benign,2844.py,py
2845,benign\2845.rb,,benign,2845.rb,rb
2846,benign\2846.c,,benign,2846.c,c
2847,benign\2847.html,,benign,2847.html,html
2848,benign\2848.php,,benign,2848.php,php
2849,benign\2849.py,,benign,2849.py,py
2850,benign\2850.rb,,benign,2850.rb,rb
2851,benign\2851.c,,benign,2851.c,c
2852,benign\2852.html,,benign,2852.html,html
2853,benign\2853.php,,benign,2853.php,php
2854,benign\2854.py,,benign,2854.py,py
2855,benign\2855.rb,,benign,2855.rb,rb
2856,benign\2856.c,,benign,2856.c,c
2857,benign\2857.html,,benign,2857.html,html
2858,benign\2858.php,,benign,2858.php,php
2859,benign\2859.py,,benign,2859.py,py
2860,benign\2860.rb,,benign,2860.rb,rb
2861,benign\2861.c,,benign,2861.c,c
2862,benign\2862.html,,benign,2862.html,html
2863,benign\2863.php,,benign,2863.php,php
2864,benign\2864.py,,benign,2864.py,py
2865,benign\2865.rb,,benign,2865.rb,rb
2866,benign\2866.c,,benign,2866.c,c
2867,benign\2867.html,,benign,2867.html,html
2868,benign\2868.php,,benign,2868.php,php
2869,benign\2869.py,,benign,2869.py,py
2870,benign\2870.rb,,benign,2870.rb,rb
2871,benign\2871.c,,benign,2871.c,c
2872,benign\2872.html,,benign,2872.html,html
2873,benign\2873.php,,benign,2873.php,php
2874,benign\2874.py,,benign,2874.py,py
2875,benign\2875.rb,,benign,2875.rb,rb
2876,benign\2876.c,,benign,2876.c,c
2877,benign\2877.html,,benign,2877.html,html
2878,benign\2878.php,,benign,2878.php,php
2879,benign\2879.py,,benign,2879.py,py
2880,benign\2880.rb,,benign,2880.rb,rb
2881,benign\2881.c,,benign,2881.c,c
2882,benign\2882.html,,benign,2882.html,html
2883,benign\2883.php,,benign,2883.php,php
2884,benign\2884.py,,benign,2884.py,py
2885,benign\2885.rb,,benign,2885.rb,rb
2886,benign\2886.c,,benign,2886.c,c
2887,benign\2887.html,,benign,2887.html,html
2888,benign\2888.php,,benign,2888.php,php
2889,benign\2889.py,,benign,2889.py,py
2890,benign\2890.rb,,benign,2890.rb,rb
2891,benign\2891.c,,benign,2891.c,c
2892,benign\2892.html,,benign,2892.html,html
2893,benign\2893.php,,benign,2893.php,php
2894,benign\2894.py,,benign,2894.py,py
2895,benign\2895.rb,,benign,2895.rb,rb
2896,benign\2896.c,,benign,2896.c,c
2897,benign\2897.html,,benign,2897.html,html
2898,benign\2898.php,,benign,2898.php,php
2899,benign\2899.py,,benign,2899.py,py
2900,benign\2900.rb,,benign,2900.rb,rb
2901,benign\2901.c,,benign,2901.c,c
2902,benign\2902.html,,benign,2902.html,html
2903,benign\2903.php,,benign,2903.php,php
2904,benign\2904.py,,benign,2904.py,py
2905,benign\2905.rb,,benign,2905.rb,rb
2906,benign\2906.c,,benign,2906.c,c
2907,benign\2907.html,,benign,2907.html,html
2908,benign\2908.php,,benign,2908.php,php
2909,benign\2909.py,,benign,2909.py,py
2910,benign\2910.rb,,benign,2910.rb,rb
2911,benign\2911.c,,benign,2911.c,c
2912,benign\2912.html,,benign,2912.html,html
2913,benign\2913.php,,benign,2913.php,php
2914,benign\2914.py,,benign,2914.py,py
2915,benign\2915.rb,,benign,2915.rb,rb
2916,benign\2916.c,,benign,2916.c,c
2917,benign\2917.html,,benign,2917.html,html
2918,benign\2918.php,,benign,2918.php,php
2919,benign\2919.py,,benign,2919.py,py
2920,benign\2920.rb,,benign,2920.rb,rb
2921,benign\2921.c,,benign,2921.c,c
2922,benign\2922.html,,benign,2922.html,html
2923,benign\2923.php,,benign,2923.php,php
2924,benign\2924.py,,benign,2924.py,py
2925,benign\2925.rb,,benign,2925.rb,rb
2926,benign\2926.c,,benign,2926.c,c
2927,benign\2927.html,,benign,2927.html,html
2928,benign\2928.php,,benign,2928.php,php
2929,benign\2929.py,,benign,2929.py,py
2930,benign\2930.rb,,benign,2930.rb,rb
2931,benign\2931.c,,benign,2931.c,c
2932,benign\2932.html,,benign,2932.html,html
2933,benign\2933.php,,benign,2933.php,php
2934,benign\2934.py,,benign,2934.py,py
2935,benign\2935.rb,,benign,2935.rb,rb
2936,benign\2936.c,,benign,2936.c,c
2937,benign\2937.html,,benign,2937.html,html
2938,benign\2938.php,,benign,2938.php,php
2939,benign\2939.py,,benign,2939.py,py
2940,benign\2940.rb,,benign,2940.rb,rb
2941,benign\2941.c,,benign,2941.c,c
2942,benign\2942.html,,benign,2942.html,html
2943,benign\2943.php,,benign,2943.php,php
2944,benign\2944.py,,benign,2944.py,py
2945,benign\2945.rb,,benign,2945.rb,rb
2946,benign\2946.c,,benign,2946.c,c
2947,benign\2947.html,,benign,2947.html,html
2948,benign\2948.php,,benign,2948.php,php
2949,benign\2949.py,,benign,2949.py,py
2950,benign\2950.rb,,benign,2950.rb,rb
2951,benign\2951.c,,benign,2951.c,c
2952,benign\2952.html,,benign,2952.html,html
2953,benign\2953.php,,benign,2953.php,php
2954,benign\2954.py,,benign,2954.py,py
2955,benign\2955.rb,,benign,2955.rb,rb
2956,benign\2956.c,,benign,2956.c,c
2957,benign\2957.html,,benign,2957.html,html
2958,benign\2958.php,,benign,2958.php,php
2959,benign\2959.py,,benign,2959.py,py
2960,benign\2960.rb,,benign,2960.rb,rb
2961,benign\2961.c,,benign,2961.c,c
2962,benign\2962.html,,benign,2962.html,html
2963,benign\2963.php,,benign,2963.php,php
2964,benign\2964.py,,benign,2964.py,py
2965,benign\2965.rb,,benign,2965.rb,rb
2966,benign\2966.c,,benign,2966.c,c
2967,benign\2967.html,,benign,2967.html,html
2968,benign\2968.php,,benign,2968.php,php
2969,benign\2969.py,,benign,2969.py,py
2970,benign\2970.rb,,benign,2970.rb,rb
2971,benign\2971.c,,benign,2971.c,c
2972,benign\2972.html,,benign,2972.html,html
2973,benign\2973.php,,benign,2973.php,php
2974,benign\2974.py,,benign,2974.py,py
2975,benign\2975.rb,,benign,2975.rb,rb
2976,benign\2976.c,,benign,2976.c,c
2977,benign\2977.html,,benign,2977.html,html
2978,benign\2978.php,,benign,2978.php,php
2979,benign\2979.py,,benign,2979.py,py
2980,benign\2980.rb,,benign,2980.rb,rb
2981,benign\2981.c,,benign,2981.c,c
2982,benign\2982.html,,benign,2982.html,html
2983,benign\2983.php,,benign,2983.php,php
2984,benign\2984.py,,benign,2984.py,py
2985,benign\2985.rb,,benign,2985.rb,rb
2986,benign\2986.c,,benign,2986.c,c
2987,benign\2987.html,,benign,2987.html,html
2988,benign\2988.php,,benign,2988.php,php
2989,benign\2989.py,,benign,2989.py,py
2990,benign\2990.rb,,benign,2990.rb,rb
2991,benign\2991.c,,benign,2991.c,c
2992,benign\2992.html,,benign,2992.html,html
2993,benign\2993.php,,benign,2993.php,php
2994,benign\2994.py,,benign,2994.py,py
2995,benign\2995.rb,,benign,2995.rb,rb
2996,benign\2996.c,,benign,2996.c,c
2997,benign\2997.html,,benign,2997.html,html
2998,benign\2998.php,,benign,2998.php,php
2999,benign\2999.py,,benign,2999.py,py
3000,benign\3000.rb,,benign,3000.rb,rb
3001,benign\3001.c,,benign,3001.c,c
3002,benign\3002.html,,benign,3002.html,html
3003,benign\3003.php,,benign,3003.php,php
3004,benign\3004.py,,benign,3004.py,py
3005,benign\3005.rb,,benign,3005.rb,rb
3006,benign\3006.c,,benign,3006.c,c
3007,benign\3007.html,,benign,3007.html,html
3008,benign\3008.php,,benign,3008.php,php
3009,benign\3009.py,,benign,3009.py,py
3010,benign\3010.rb,,benign,3010.rb,rb
3011,benign\3011.c,,benign,3011.c,c
3012,benign\3012.html,,benign,3012.html,html
3013,benign\3013.php,,benign,3013.php,php
3014,benign\3014.py,,benign,3014.py,py
3015,benign\3015.rb,,benign,3015.rb,rb
3016,benign\3016.c,,benign,3016.c,c
3017,benign\3017.html,,benign,3017.html,html
3018,benign\3018.php,,benign,3018.php,php
3019,benign\3019.py,,benign,3019.py,py
3020,benign\3020.rb,,benign,3020.rb,rb
3021,benign\3021.c,,benign,3021.c,c
3022,benign\3022.html,,benign,3022.html,html
3023,benign\3023.php,,benign,3023.php,php
3024,benign\3024.py,,benign,3024.py,py
3025,benign\3025.rb,,benign,3025.rb,rb
3026,benign\3026.c,,benign,3026.c,c
3027,benign\3027.html,,benign,3027.html,html
3028,benign\3028.php,,benign,3028.php,php
3029,benign\3029.py,,benign,3029.py,py
3030,benign\3030.rb,,benign,3030.rb,rb
3031,benign\3031.c,,benign,3031.c,c
3032,benign\3032.html,,benign,3032.html,html
3033,benign\3033.php,,benign,3033.php,php
3034,benign\3034.py,,benign,3034.py,py
3035,benign\3035.rb,,benign,3035.rb,rb
3036,benign\3036.c,,benign,3036.c,c
3037,benign\3037.html,,benign,3037.html,html
3038,benign\3038.php,,benign,3038.php,php
3039,benign\3039.py,,benign,3039.py,py
3040,benign\3040.rb,,benign,3040.rb,rb
3041,benign\3041.c,,benign,3041.c,c
3042,benign\3042.html,,benign,3042.html,html
3043,benign\3043.php,,benign,3043.php,php
3044,benign\3044.py,,benign,3044.py,py
3045,benign\3045.rb,,benign,3045.rb,rb
3046,benign\3046.c,,benign,3046.c,c
3047,benign\3047.html,,benign,3047.html,html
3048,benign\3048.php,,benign,3048.php,php
3049,benign\3049.py,,benign,3049.py,py
3050,benign\3050.rb,,benign,3050.rb,rb
3051,benign\3051.c,,benign,3051.c,c
3052,benign\3052.html,,benign,3052.html,html
3053,benign\3053.php,,benign,3053.php,php
3054,benign\3054.py,,benign,3054.py,py
3055,benign\3055.rb,,benign,3055.rb,rb
3056,benign\3056.c,,benign,3056.c,c
3057,benign\3057.html,,benign,3057.html,html
3058,benign\3058.php,,benign,3058.php,php
3059,benign\3059.py,,benign,3059.py,py
3060,benign\3060.rb,,benign,3060.rb,rb
3061,benign\3061.c,,benign,3061.c,c
3062,benign\3062.html,,benign,3062.html,html
3063,benign\3063.php,,benign,3063.php,php
3064,benign\3064.py,,benign,3064.py,py
3065,benign\3065.rb,,benign,3065.rb,rb
3066,benign\3066.c,,benign,3066.c,c
3067,benign\3067.html,,benign,3067.html,html
3068,benign\3068.php,,benign,3068.php,php
3069,benign\3069.py,,benign,3069.py,py
3070,benign\3070.rb,,benign,3070.rb,rb
3071,benign\3071.c,,benign,3071.c,c
3072,benign\3072.html,,benign,3072.html,html
3073,benign\3073.php,,benign,3073.php,php
3074,benign\3074.py,,benign,3074.py,py
3075,benign\3075.rb,,benign,3075.rb,rb
3076,benign\3076.c,,benign,3076.c,c
3077,benign\3077.html,,benign,3077.html,html
3078,benign\3078.php,,benign,3078.php,php
3079,benign\3079.py,,benign,3079.py,py
3080,benign\3080.rb,,benign,3080.rb,rb
3081,benign\3081.c,,benign,3081.c,c
3082,benign\3082.html,,benign,3082.html,html
3083,benign\3083.php,,benign,3083.php,php
3084,benign\3084.py,,benign,3084.py,py
3085,benign\3085.rb,,benign,3085.rb,rb
3086,benign\3086.c,,benign,3086.c,c
3087,benign\3087.html,,benign,3087.html,html
3088,benign\3088.php,,benign,3088.php,php
3089,benign\3089.py,,benign,3089.py,py
3090,benign\3090.rb,,benign,3090.rb,rb
3091,benign\3091.c,,benign,3091.c,c
3092,benign\3092.html,,benign,3092.html,html
3093,benign\3093.php,,benign,3093.php,php
3094,benign\3094.py,,benign,3094.py,py
3095,benign\3095.rb,,benign,3095.rb,rb
3096,benign\3096.c,,benign,3096.c,c
3097,benign\3097.html,,benign,3097.html,html
3098,benign\3098.php,,benign,3098.php,php
3099,benign\3099.py,,benign,3099.py,py
3100,benign\3100.rb,,benign,3100.rb,rb
3101,benign\3101.c,,benign,3101.c,c
3102,benign\3102.html,,benign,3102.html,html
3103,benign\3103.php,,benign,3103.php,php
3104,benign\3104.py,,benign,3104.py,py
3105,benign\3105.rb,,benign,3105.rb,rb
3106,benign\3106.c,,benign,3106.c,c
3107,benign\3107.html,,benign,3107.html,html
3108,benign\3108.php,,benign,3108.php,php
3109,benign\3109.py,,benign,3109.py,py
3110,benign\3110.rb,,benign,3110.rb,rb
3111,benign\3111.c,,benign,3111.c,c
3112,benign\3112.html,,benign,3112.html,html
3113,benign\3113.php,,benign,3113.php,php
3114,benign\3114.py,,benign,3114.py,py
3115,benign\3115.rb,,benign,3115.rb,rb
3116,benign\3116.c,,benign,3116.c,c
3117,benign\3117.html,,benign,3117.html,html
3118,benign\3118.php,,benign,3118.php,php
3119,benign\3119.py,,benign,3119.py,py
3120,benign\3120.rb,,benign,3120.rb,rb
3121,benign\3121.c,,benign,3121.c,c
3122,benign\3122.html,,benign,3122.html,html
3123,benign\3123.php,,benign,3123.php,php
3124,benign\3124.py,,benign,3124.py,py
3125,benign\3125.rb,,benign,3125.rb,rb
3126,benign\3126.c,,benign,3126.c,c
3127,benign\3127.html,,benign,3127.html,html
3128,benign\3128.php,,benign,3128.php,php
3129,benign\3129.py,,benign,3129.py,py
3130,benign\3130.rb,,benign,3130.rb,rb
3131,benign\3131.c,,benign,3131.c,c
3132,benign\3132.html,,benign,3132.html,html
3133,benign\3133.php,,benign,3133.php,php
3134,benign\3134.py,,benign,3134.py,py
3135,benign\3135.rb,,benign,3135.rb,rb
3136,benign\3136.c,,benign,3136.c,c
3137,benign\3137.html,,benign,3137.html,html
3138,benign\3138.php,,benign,3138.php,php
3139,benign\3139.py,,benign,3139.py,py
3140,benign\3140.rb,,benign,3140.rb,rb
3141,benign\3141.c,,benign,3141.c,c
3142,benign\3142.html,,benign,3142.html,html
3143,benign\3143.php,,benign,3143.php,php
3144,benign\3144.py,,benign,3144.py,py
3145,benign\3145.rb,,benign,3145.rb,rb
3146,benign\3146.c,,benign,3146.c,c
3147,benign\3147.html,,benign,3147.html,html
3148,benign\3148.php,,benign,3148.php,php
3149,benign\3149.py,,benign,3149.py,py
3150,benign\3150.rb,,benign,3150.rb,rb
3151,benign\3151.c,,benign,3151.c,c
3152,benign\3152.html,,benign,3152.html,html
3153,benign\3153.php,,benign,3153.php,php
3154,benign\3154.py,,benign,3154.py,py
3155,benign\3155.rb,,benign,3155.rb,rb
3156,benign\3156.c,,benign,3156.c,c
3157,benign\3157.html,,benign,3157.html,html
3158,benign\3158.php,,benign,3158.php,php
3159,benign\3159.py,,benign,3159.py,py
3160,benign\3160.rb,,benign,3160.rb,rb
3161,benign\3161.c,,benign,3161.c,c
3162,benign\3162.html,,benign,3162.html,html
3163,benign\3163.php,,benign,3163.php,php
3164,benign\3164.py,,benign,3164.py,py
3165,benign\3165.rb,,benign,3165.rb,rb
3166,benign\3166.c,,benign,3166.c,c
3167,benign\3167.html,,benign,3167.html,html
3168,benign\3168.php,,benign,3168.php,php
3169,benign\3169.py,,benign,3169.py,py
3170,benign\3170.rb,,benign,3170.rb,rb
3171,benign\3171.c,,benign,3171.c,c
3172,benign\3172.html,,benign,3172.html,html
3173,benign\3173.php,,benign,3173.php,php
3174,benign\3174.py,,benign,3174.py,py
3175,benign\3175.rb,,benign,3175.rb,rb
3176,benign\3176.c,,benign,3176.c,c
3177,benign\3177.html,,benign,3177.html,html
3178,benign\3178.php,,benign,3178.php,php
3179,benign\3179.py,,benign,3179.py,py
3180,benign\3180.rb,,benign,3180.rb,rb
3181,benign\3181.c,,benign,3181.c,c
3182,benign\3182.html,,benign,3182.html,html
3183,benign\3183.php,,benign,3183.php,php
3184,benign\3184.py,,benign,3184.py,py
3185,benign\3185.rb,,benign,3185.rb,rb
3186,benign\3186.c,,benign,3186.c,c
3187,benign\3187.html,,benign,3187.html,html
3188,benign\3188.php,,benign,3188.php,php
3189,benign\3189.py,,benign,3189.py,py
3190,benign\3190.rb,,benign,3190.rb,rb
3191,benign\3191.c,,benign,3191.c,c
3192,benign\3192.html,,benign,3192.html,html
3193,benign\3193.php,,benign,3193.php,php
3194,benign\3194.py,,benign,3194.py,py
3195,benign\3195.rb,,benign,3195.rb,rb
3196,benign\3196.c,,benign,3196.c,c
3197,benign\3197.html,,benign,3197.html,html
3198,benign\3198.php,,benign,3198.php,php
3199,benign\3199.py,,benign,3199.py,py
3200,benign\3200.rb,,benign,3200.rb,rb
3201,benign\3201.c,,benign,3201.c,c
3202,benign\3202.html,,benign,3202.html,html
3203,benign\3203.php,,benign,3203.php,php
3204,benign\3204.py,,benign,3204.py,py
3205,benign\3205.rb,,benign,3205.rb,rb
3206,benign\3206.c,,benign,3206.c,c
3207,benign\3207.html,,benign,3207.html,html
3208,benign\3208.php,,benign,3208.php,php
3209,benign\3209.py,,benign,3209.py,py
3210,benign\3210.rb,,benign,3210.rb,rb
3211,benign\3211.c,,benign,3211.c,c
3212,benign\3212.html,,benign,3212.html,html
3213,benign\3213.php,,benign,3213.php,php
3214,benign\3214.py,,benign,3214.py,py
3215,benign\3215.rb,,benign,3215.rb,rb
3216,benign\3216.c,,benign,3216.c,c
3217,benign\3217.html,,benign,3217.html,html
3218,benign\3218.php,,benign,3218.php,php
3219,benign\3219.py,,benign,3219.py,py
3220,benign\3220.rb,,benign,3220.rb,rb
3221,benign\3221.c,,benign,3221.c,c
3222,benign\3222.html,,benign,3222.html,html
3223,benign\3223.php,,benign,3223.php,php
3224,benign\3224.py,,benign,3224.py,py
3225,benign\3225.rb,,benign,3225.rb,rb
3226,benign\3226.c,,benign,3226.c,c
3227,benign\3227.html,,benign,3227.html,html
3228,benign\3228.php,,benign,3228.php,php
3229,benign\3229.py,,benign,3229.py,py
3230,benign\3230.rb,,benign,3230.rb,rb
3231,benign\3231.c,,benign,3231.c,c
3232,benign\3232.html,,benign,3232.html,html
3233,benign\3233.php,,benign,3233.php,php
3234,benign\3234.py,,benign,3234.py,py
3235,benign\3235.rb,,benign,3235.rb,rb
3236,benign\3236.c,,benign,3236.c,c
3237,benign\3237.html,,benign,3237.html,html
3238,benign\3238.php,,benign,3238.php,php
3239,benign\3239.py,,benign,3239.py,py
3240,benign\3240.rb,,benign,3240.rb,rb
3241,benign\3241.c,,benign,3241.c,c
3242,benign\3242.html,,benign,3242.html,html
3243,benign\3243.php,,benign,3243.php,php
3244,benign\3244.py,,benign,3244.py,py
3245,benign\3245.rb,,benign,3245.rb,rb
3246,benign\3246.c,,benign,3246.c,c
3247,benign\3247.html,,benign,3247.html,html
3248,benign\3248.php,,benign,3248.php,php
3249,benign\3249.py,,benign,3249.py,py
3250,benign\3250.rb,,benign,3250.rb,rb
3251,benign\3251.c,,benign,3251.c,c
3252,benign\3252.html,,benign,3252.html,html
3253,benign\3253.php,,benign,3253.php,php
3254,benign\3254.py,,benign,3254.py,py
3255,benign\3255.rb,,benign,3255.rb,rb
3256,benign\3256.c,,benign,3256.c,c
3257,benign\3257.html,,benign,3257.html,html
3258,benign\3258.php,,benign,3258.php,php
3259,benign\3259.py,,benign,3259.py,py
3260,benign\3260.rb,,benign,3260.rb,rb
3261,benign\3261.c,,benign,3261.c,c
3262,benign\3262.html,,benign,3262.html,html
3263,benign\3263.php,,benign,3263.php,php
3264,benign\3264.py,,benign,3264.py,py
3265,benign\3265.rb,,benign,3265.rb,rb
3266,benign\3266.c,,benign,3266.c,c
3267,benign\3267.html,,benign,3267.html,html
3268,benign\3268.php,,benign,3268.php,php
3269,benign\3269.py,,benign,3269.py,py
3270,benign\3270.rb,,benign,3270.rb,rb
3271,benign\3271.c,,benign,3271.c,c
3272,benign\3272.html,,benign,3272.html,html
3273,benign\3273.php,,benign,3273.php,php
3274,benign\3274.py,,benign,3274.py,py
3275,benign\3275.rb,,benign,3275.rb,rb
3276,benign\3276.c,,benign,3276.c,c
3277,benign\3277.html,,benign,3277.html,html
3278,benign\3278.php,,benign,3278.php,php
3279,benign\3279.py,,benign,3279.py,py
3280,benign\3280.rb,,benign,3280.rb,rb
3281,benign\3281.c,,benign,3281.c,c
3282,benign\3282.html,,benign,3282.html,html
3283,benign\3283.php,,benign,3283.php,php
3284,benign\3284.py,,benign,3284.py,py
3285,benign\3285.rb,,benign,3285.rb,rb
3286,benign\3286.c,,benign,3286.c,c
3287,benign\3287.html,,benign,3287.html,html
3288,benign\3288.php,,benign,3288.php,php
3289,benign\3289.py,,benign,3289.py,py
3290,benign\3290.rb,,benign,3290.rb,rb
3291,benign\3291.c,,benign,3291.c,c
3292,benign\3292.html,,benign,3292.html,html
3293,benign\3293.php,,benign,3293.php,php
3294,benign\3294.py,,benign,3294.py,py
3295,benign\3295.rb,,benign,3295.rb,rb
3296,benign\3296.c,,benign,3296.c,c
3297,benign\3297.html,,benign,3297.html,html
3298,benign\3298.php,,benign,3298.php,php
3299,benign\3299.py,,benign,3299.py,py
3300,benign\3300.rb,,benign,3300.rb,rb
3301,benign\3301.c,,benign,3301.c,c
3302,benign\3302.html,,benign,3302.html,html
3303,benign\3303.php,,benign,3303.php,php
3304,benign\3304.py,,benign,3304.py,py
3305,benign\3305.rb,,benign,3305.rb,rb
3306,benign\3306.c,,benign,3306.c,c
3307,benign\3307.html,,benign,3307.html,html
3308,benign\3308.php,,benign,3308.php,php
3309,benign\3309.py,,benign,3309.py,py
3310,benign\3310.rb,,benign,3310.rb,rb
3311,benign\3311.c,,benign,3311.c,c
3312,benign\3312.html,,benign,3312.html,html
3313,benign\3313.php,,benign,3313.php,php
3314,benign\3314.py,,benign,3314.py,py
3315,benign\3315.rb,,benign,3315.rb,rb
3316,benign\3316.c,,benign,3316.c,c
3317,benign\3317.html,,benign,3317.html,html
3318,benign\3318.php,,benign,3318.php,php
3319,benign\3319.py,,benign,3319.py,py
3320,benign\3320.rb,,benign,3320.rb,rb
3321,benign\3321.c,,benign,3321.c,c
3322,benign\3322.html,,benign,3322.html,html
3323,benign\3323.php,,benign,3323.php,php
3324,benign\3324.py,,benign,3324.py,py
3325,benign\3325.rb,,benign,3325.rb,rb
3326,benign\3326.c,,benign,3326.c,c
3327,benign\3327.html,,benign,3327.html,html
3328,benign\3328.php,,benign,3328.php,php
3329,benign\3329.py,,benign,3329.py,py
3330,benign\3330.rb,,benign,3330.rb,rb
3331,benign\3331.c,,benign,3331.c,c
3332,benign\3332.html,,benign,3332.html,html
3333,benign\3333.php,,benign,3333.php,php
3334,benign\3334.py,,benign,3334.py,py
3335,benign\3335.rb,,benign,3335.rb,rb
3336,benign\3336.c,,benign,3336.c,c
3337,benign\3337.html,,benign,3337.html,html
3338,benign\3338.php,,benign,3338.php,php
3339,benign\3339.py,,benign,3339.py,py
3340,benign\3340.rb,,benign,3340.rb,rb
3341,benign\3341.c,,benign,3341.c,c
3342,benign\3342.html,,benign,3342.html,html
3343,benign\3343.php,,benign,3343.php,php
3344,benign\3344.py,,benign,3344.py,py
3345,benign\3345.rb,,benign,3345.rb,rb
3346,benign\3346.c,,benign,3346.c,c
3347,benign\3347.html,,benign,3347.html,html
3348,benign\3348.php,,benign,3348.php,php
3349,benign\3349.py,,benign,3349.py,py
3350,benign\3350.rb,,benign,3350.rb,rb
3351,benign\3351.c,,benign,3351.c,c
3352,benign\3352.html,,benign,3352.html,html
3353,benign\3353.php,,benign,3353.php,php
3354,benign\3354.py,,benign,3354.py,py
3355,benign\3355.rb,,benign,3355.rb,rb
3356,benign\3356.c,,benign,3356.c,c
3357,benign\3357.html,,benign,3357.html,html
3358,benign\3358.php,,benign,3358.php,php
3359,benign\3359.py,,benign,3359.py,py
3360,benign\3360.rb,,benign,3360.rb,rb
3361,benign\3361.c,,benign,3361.c,c
3362,benign\3362.html,,benign,3362.html,html
3363,benign\3363.php,,benign,3363.php,php
3364,benign\3364.py,,benign,3364.py,py
3365,benign\3365.rb,,benign,3365.rb,rb
3366,benign\3366.c,,benign,3366.c,c
3367,benign\3367.html,,benign,3367.html,html
3368,benign\3368.php,,benign,3368.php,php
3369,benign\3369.py,,benign,3369.py,py
3370,benign\3370.rb,,benign,3370.rb,rb
3371,benign\3371.c,,benign,3371.c,c
3372,benign\3372.html,,benign,3372.html,html
3373,benign\3373.php,,benign,3373.php,php
3374,benign\3374.py,,benign,3374.py,py
3375,benign\3375.rb,,benign,3375.rb,rb
3376,benign\3376.c,,benign,3376.c,c
3377,benign\3377.html,,benign,3377.html,html
3378,benign\3378.php,,benign,3378.php,php
3379,benign\3379.py,,benign,3379.py,py
3380,benign\3380.rb,,benign,3380.rb,rb
3381,benign\3381.c,,benign,3381.c,c
3382,benign\3382.html,,benign,3382.html,html
3383,benign\3383.php,,benign,3383.php,php
3384,benign\3384.py,,benign,3384.py,py
3385,benign\3385.rb,,benign,3385.rb,rb
3386,benign\3386.c,,benign,3386.c,c
3387,benign\3387.html,,benign,3387.html,html
3388,benign\3388.php,,benign,3388.php,php
3389,benign\3389.py,,benign,3389.py,py
3390,benign\3390.rb,,benign,3390.rb,rb
3391,benign\3391.c,,benign,3391.c,c
3392,benign\3392.html,,benign,3392.html,html
3393,benign\3393.php,,benign,3393.php,php
3394,benign\3394.py,,benign,3394.py,py
3395,benign\3395.rb,,benign,3395.rb,rb
3396,benign\3396.c,,benign,3396.c,c
3397,benign\3397.html,,benign,3397.html,html
3398,benign\3398.php,,benign,3398.php,php
3399,benign\3399.py,,benign,3399.py,py
3400,benign\3400.rb,,benign,3400.rb,rb
3401,benign\3401.c,,benign,3401.c,c
3402,benign\3402.html,,benign,3402.html,html
3403,benign\3403.php,,benign,3403.php,php
3404,benign\3404.py,,benign,3404.py,py
3405,benign\3405.rb,,benign,3405.rb,rb
3406,benign\3406.c,,benign,3406.c,c
3407,benign\3407.html,,benign,3407.html,html
3408,benign\3408.php,,benign,3408.php,php
3409,benign\3409.py,,benign,3409.py,py
3410,benign\3410.rb,,benign,3410.rb,rb
3411,benign\3411.c,,benign,3411.c,c
3412,benign\3412.html,,benign,3412.html,html
3413,benign\3413.php,,benign,3413.php,php
3414,benign\3414.py,,benign,3414.py,py
3415,benign\3415.rb,,benign,3415.rb,rb
3416,benign\3416.c,,benign,3416.c,c
3417,benign\3417.html,,benign,3417.html,html
3418,benign\3418.php,,benign,3418.php,php
3419,benign\3419.py,,benign,3419.py,py
3420,benign\3420.rb,,benign,3420.rb,rb
3421,benign\3421.c,,benign,3421.c,c
3422,benign\3422.html,,benign,3422.html,html
3423,benign\3423.php,,benign,3423.php,php
3424,benign\3424.py,,benign,3424.py,py
3425,benign\3425.rb,,benign,3425.rb,rb
3426,benign\3426.c,,benign,3426.c,c
3427,benign\3427.html,,benign,3427.html,html
3428,benign\3428.php,,benign,3428.php,php
3429,benign\3429.py,,benign,3429.py,py
3430,benign\3430.rb,,benign,3430.rb,rb
3431,benign\3431.c,,benign,3431.c,c
3432,benign\3432.html,,benign,3432.html,html
3433,benign\3433.php,,benign,3433.php,php
3434,benign\3434.py,,benign,3434.py,py
3435,benign\3435.rb,,benign,3435.rb,rb
3436,benign\3436.c,,benign,3436.c,c
3437,benign\3437.html,,benign,3437.html,html
3438,benign\3438.php,,benign,3438.php,php
3439,benign\3439.py,,benign,3439.py,py
3440,benign\3440.rb,,benign,3440.rb,rb
3441,benign\3441.c,,benign,3441.c,c
3442,benign\3442.html,,benign,3442.html,html
3443,benign\3443.php,,benign,3443.php,php
3444,benign\3444.py,,benign,3444.py,py
3445,benign\3445.rb,,benign,3445.rb,rb
3446,benign\3446.c,,benign,3446.c,c
3447,benign\3447.html,,benign,3447.html,html
3448,benign\3448.php,,benign,3448.php,php
3449,benign\3449.py,,benign,3449.py,py
3450,benign\3450.rb,,benign,3450.rb,rb
3451,benign\3451.c,,benign,3451.c,c
3452,benign\3452.html,,benign,3452.html,html
3453,benign\3453.php,,benign,3453.php,php
3454,benign\3454.py,,benign,3454.py,py
3455,benign\3455.rb,,benign,3455.rb,rb
3456,benign\3456.c,,benign,3456.c,c
3457,benign\3457.html,,benign,3457.html,html
3458,benign\3458.php,,benign,3458.php,php
3459,benign\3459.py,,benign,3459.py,py
3460,benign\3460.rb,,benign,3460.rb,rb
3461,benign\3461.c,,benign,3461.c,c
3462,benign\3462.html,,benign,3462.html,html
3463,benign\3463.php,,benign,3463.php,php
3464,benign\3464.py,,benign,3464.py,py
3465,benign\3465.rb,,benign,3465.rb,rb
3466,benign\3466.c,,benign,3466.c,c
3467,benign\3467.html,,benign,3467.html,html
3468,benign\3468.php,,benign,3468.php,php
3469,benign\3469.py,,benign,3469.py,py
3470,benign\3470.rb,,benign,3470.rb,rb
3471,benign\3471.c,,benign,3471.c,c
3472,benign\3472.html,,benign,3472.html,html
3473,benign\3473.php,,benign,3473.php,php
3474,benign\3474.py,,benign,3474.py,py
3475,benign\3475.rb,,benign,3475.rb,rb
3476,benign\3476.c,,benign,3476.c,c
3477,benign\3477.html,,benign,3477.html,html
3478,benign\3478.php,,benign,3478.php,php
3479,benign\3479.py,,benign,3479.py,py
3480,benign\3480.rb,,benign,3480.rb,rb
3481,benign\3481.c,,benign,3481.c,c
3482,benign\3482.html,,benign,3482.html,html
3483,benign\3483.php,,benign,3483.php,php
3484,benign\3484.py,,benign,3484.py,py
3485,benign\3485.rb,,benign,3485.rb,rb
3486,benign\3486.c,,benign,3486.c,c
3487,benign\3487.html,,benign,3487.html,html
3488,benign\3488.php,,benign,3488.php,php
3489,benign\3489.py,,benign,3489.py,py
3490,benign\3490.rb,,benign,3490.rb,rb
3491,benign\3491.c,,benign,3491.c,c
3492,benign\3492.html,,benign,3492.html,html
3493,benign\3493.php,,benign,3493.php,php
3494,benign\3494.py,,benign,3494.py,py
3495,benign\3495.rb,,benign,3495.rb,rb
3496,benign\3496.c,,benign,3496.c,c
3497,benign\3497.html,,benign,3497.html,html
3498,benign\3498.php,,benign,3498.php,php
3499,benign\3499.py,,benign,3499.py,py
3500,benign\3500.rb,,benign,3500.rb,rb
3501,benign\3501.c,,benign,3501.c,c
3502,benign\3502.html,,benign,3502.html,html
3503,benign\3503.php,,benign,3503.php,php
3504,benign\3504.py,,benign,3504.py,py
3505,benign\3505.rb,,benign,3505.rb,rb
3506,benign\3506.c,,benign,3506.c,c
3507,benign\3507.html,,benign,3507.html,html
3508,benign\3508.php,,benign,3508.php,php
3509,benign\3509.py,,benign,3509.py,py
3510,benign\3510.rb,,benign,3510.rb,rb
3511,benign\3511.c,,benign,3511.c,c
3512,benign\3512.html,,benign,3512.html,html
3513,benign\3513.php,,benign,3513.php,php
3514,benign\3514.py,,benign,3514.py,py
3515,benign\3515.rb,,benign,3515.rb,rb
3516,benign\3516.c,,benign,3516.c,c
3517,benign\3517.html,,benign,3517.html,html
3518,benign\3518.php,,benign,3518.php,php
3519,benign\3519.py,,benign,3519.py,py
3520,benign\3520.rb,,benign,3520.rb,rb
3521,benign\3521.c,,benign,3521.c,c
3522,benign\3522.html,,benign,3522.html,html
3523,benign\3523.php,,benign,3523.php,php
3524,benign\3524.py,,benign,3524.py,py
3525,benign\3525.rb,,benign,3525.rb,rb
3526,benign\3526.c,,benign,3526.c,c
3527,benign\3527.html,,benign,3527.html,html
3528,benign\3528.php,,benign,3528.php,php
3529,benign\3529.py,,benign,3529.py,py
3530,benign\3530.rb,,benign,3530.rb,rb
3531,benign\3531.c,,benign,3531.c,c
3532,benign\3532.html,,benign,3532.html,html
3533,benign\3533.php,,benign,3533.php,php
3534,benign\3534.py,,benign,3534.py,py
3535,benign\3535.rb,,benign,3535.rb,rb
3536,benign\3536.c,,benign,3536.c,c
3537,benign\3537.html,,benign,3537.html,html
3538,benign\3538.php,,benign,3538.php,php
3539,benign\3539.py,,benign,3539.py,py
3540,benign\3540.rb,,benign,3540.rb,rb
3541,benign\3541.c,,benign,3541.c,c
3542,benign\3542.html,,benign,3542.html,html
3543,benign\3543.php,,benign,3543.php,php
3544,benign\3544.py,,benign,3544.py,py
3545,benign\3545.rb,,benign,3545.rb,rb
3546,benign\3546.c,,benign,3546.c,c
3547,benign\3547.html,,benign,3547.html,html
3548,benign\3548.php,,benign,3548.php,php
3549,benign\3549.py,,benign,3549.py,py
3550,benign\3550.rb,,benign,3550.rb,rb
3551,benign\3551.c,,benign,3551.c,c
3552,benign\3552.html,,benign,3552.html,html
3553,benign\3553.php,,benign,3553.php,php
3554,benign\3554.py,,benign,3554.py,py
3555,benign\3555.rb,,benign,3555.rb,rb
3556,benign\3556.c,,benign,3556.c,c
3557,benign\3557.html,,benign,3557.html,html
3558,benign\3558.php,,benign,3558.php,php
3559,benign\3559.py,,benign,3559.py,py
3560,benign\3560.rb,,benign,3560.rb,rb
3561,benign\3561.c,,benign,3561.c,c
3562,benign\3562.html,,benign,3562.html,html
3563,benign\3563.php,,benign,3563.php,php
3564,benign\3564.py,,benign,3564.py,py
3565,benign\3565.rb,,benign,3565.rb,rb
3566,benign\3566.c,,benign,3566.c,c
3567,benign\3567.html,,benign,3567.html,html
3568,benign\3568.php,,benign,3568.php,php
3569,benign\3569.py,,benign,3569.py,py
3570,benign\3570.rb,,benign,3570.rb,rb
3571,benign\3571.c,,benign,3571.c,c
3572,benign\3572.html,,benign,3572.html,html
3573,benign\3573.php,,benign,3573.php,php
3574,benign\3574.py,,benign,3574.py,py
3575,benign\3575.rb,,benign,3575.rb,rb
3576,benign\3576.c,,benign,3576.c,c
3577,benign\3577.html,,benign,3577.html,html
3578,benign\3578.php,,benign,3578.php,php
3579,benign\3579.py,,benign,3579.py,py
3580,benign\3580.rb,,benign,3580.rb,rb
3581,benign\3581.c,,benign,3581.c,c
3582,benign\3582.html,,benign,3582.html,html
3583,benign\3583.php,,benign,3583.php,php
3584,benign\3584.py,,benign,3584.py,py
3585,benign\3585.rb,,benign,3585.rb,rb
3586,benign\3586.c,,benign,3586.c,c
3587,benign\3587.html,,benign,3587.html,html
3588,benign\3588.php,,benign,3588.php,php
3589,benign\3589.py,,benign,3589.py,py
3590,benign\3590.rb,,benign,3590.rb,rb
3591,benign\3591.c,,benign,3591.c,c
3592,benign\3592.html,,benign,3592.html,html
3593,benign\3593.php,,benign,3593.php,php
3594,benign\3594.py,,benign,3594.py,py
3595,benign\3595.rb,,benign,3595.rb,rb
3596,benign\3596.c,,benign,3596.c,c
3597,benign\3597.html,,benign,3597.html,html
3598,benign\3598.php,,benign,3598.php,php
3599,benign\3599.py,,benign,3599.py,py
3600,benign\3600.rb,,benign,3600.rb,rb
3601,benign\3601.c,,benign,3601.c,c
3602,benign\3602.html,,benign,3602.html,html
3603,benign\3603.php,,benign,3603.php,php
3604,benign\3604.py,,benign,3604.py,py
3605,benign\3605.rb,,benign,3605.rb,rb
3606,benign\3606.c,,benign,3606.c,c
3607,benign\3607.html,,benign,3607.html,html
3608,benign\3608.php,,benign,3608.php,php
3609,benign\3609.py,,benign,3609.py,py
3610,benign\3610.rb,,benign,3610.rb,rb
3611,benign\3611.c,,benign,3611.c,c
3612,benign\3612.html,,benign,3612.html,html
3613,benign\3613.php,,benign,3613.php,php
3614,benign\3614.py,,benign,3614.py,py
3615,benign\3615.rb,,benign,3615.rb,rb
3616,benign\3616.c,,benign,3616.c,c
3617,benign\3617.html,,benign,3617.html,html
3618,benign\3618.php,,benign,3618.php,php
3619,benign\3619.py,,benign,3619.py,py
3620,benign\3620.rb,,benign,3620.rb,rb
3621,benign\3621.c,,benign,3621.c,c
3622,benign\3622.html,,benign,3622.html,html
3623,benign\3623.php,,benign,3623.php,php
3624,benign\3624.py,,benign,3624.py,py
3625,benign\3625.rb,,benign,3625.rb,rb
3626,benign\3626.c,,benign,3626.c,c
3627,benign\3627.html,,benign,3627.html,html
3628,benign\3628.php,,benign,3628.php,php
3629,benign\3629.py,,benign,3629.py,py
3630,benign\3630.rb,,benign,3630.rb,rb
3631,benign\3631.c,,benign,3631.c,c
3632,benign\3632.html,,benign,3632.html,html
3633,benign\3633.php,,benign,3633.php,php
3634,benign\3634.py,,benign,3634.py,py
3635,benign\3635.rb,,benign,3635.rb,rb
3636,benign\3636.c,,benign,3636.c,c
3637,benign\3637.html,,benign,3637.html,html
3638,benign\3638.php,,benign,3638.php,php
3639,benign\3639.py,,benign,3639.py,py
3640,benign\3640.rb,,benign,3640.rb,rb
3641,benign\3641.c,,benign,3641.c,c
3642,benign\3642.html,,benign,3642.html,html
3643,benign\3643.php,,benign,3643.php,php
3644,benign\3644.py,,benign,3644.py,py
3645,benign\3645.rb,,benign,3645.rb,rb
3646,benign\3646.c,,benign,3646.c,c
3647,benign\3647.html,,benign,3647.html,html
3648,benign\3648.php,,benign,3648.php,php
3649,benign\3649.py,,benign,3649.py,py
3650,benign\3650.rb,,benign,3650.rb,rb
3651,benign\3651.c,,benign,3651.c,c
3652,benign\3652.html,,benign,3652.html,html
3653,benign\3653.php,,benign,3653.php,php
3654,benign\3654.py,,benign,3654.py,py
3655,benign\3655.rb,,benign,3655.rb,rb
3656,benign\3656.c,,benign,3656.c,c
3657,benign\3657.html,,benign,3657.html,html
3658,benign\3658.php,,benign,3658.php,php
3659,benign\3659.py,,benign,3659.py,py
3660,benign\3660.rb,,benign,3660.rb,rb
3661,benign\3661.c,,benign,3661.c,c
3662,benign\3662.html,,benign,3662.html,html
3663,benign\3663.php,,benign,3663.php,php
3664,benign\3664.py,,benign,3664.py,py
3665,benign\3665.rb,,benign,3665.rb,rb
3666,benign\3666.c,,benign,3666.c,c
3667,benign\3667.html,,benign,3667.html,html
3668,benign\3668.php,,benign,3668.php,php
3669,benign\3669.py,,benign,3669.py,py
3670,benign\3670.rb,,benign,3670.rb,rb
3671,benign\3671.c,,benign,3671.c,c
3672,benign\3672.html,,benign,3672.html,html
3673,benign\3673.php,,benign,3673.php,php
3674,benign\3674.py,,benign,3674.py,py
3675,benign\3675.rb,,benign,3675.rb,rb
3676,benign\3676.c,,benign,3676.c,c
3677,benign\3677.html,,benign,3677.html,html
3678,benign\3678.php,,benign,3678.php,php
3679,benign\3679.py,,benign,3679.py,py
3680,benign\3680.rb,,benign,3680.rb,rb
3681,benign\3681.c,,benign,3681.c,c
3682,benign\3682.html,,benign,3682.html,html
3683,benign\3683.php,,benign,3683.php,php
3684,benign\3684.py,,benign,3684.py,py
3685,benign\3685.rb,,benign,3685.rb,rb
3686,benign\3686.c,,benign,3686.c,c
3687,benign\3687.html,,benign,3687.html,html
3688,benign\3688.php,,benign,3688.php,php
3689,benign\3689.py,,benign,3689.py,py
3690,benign\3690.rb,,benign,3690.rb,rb
3691,benign\3691.c,,benign,3691.c,c
3692,benign\3692.html,,benign,3692.html,html
3693,benign\3693.php,,benign,3693.php,php
3694,benign\3694.py,,benign,3694.py,py
3695,benign\3695.rb,,benign,3695.rb,rb
3696,benign\3696.c,,benign,3696.c,c
3697,benign\3697.html,,benign,3697.html,html
3698,benign\3698.php,,benign,3698.php,php
3699,benign\3699.py,,benign,3699.py,py
3700,benign\3700.rb,,benign,3700.rb,rb
3701,benign\3701.c,,benign,3701.c,c
3702,benign\3702.html,,benign,3702.html,html
3703,benign\3703.php,,benign,3703.php,php
3704,benign\3704.py,,benign,3704.py,py
3705,benign\3705.rb,,benign,3705.rb,rb
3706,benign\3706.c,,benign,3706.c,c
3707,benign\3707.html,,benign,3707.html,html
3708,benign\3708.php,,benign,3708.php,php
3709,benign\3709.py,,benign,3709.py,py
3710,benign\3710.rb,,benign,3710.rb,rb
3711,benign\3711.c,,benign,3711.c,c
3712,benign\3712.html,,benign,3712.html,html
3713,benign\3713.php,,benign,3713.php,php
3714,benign\3714.py,,benign,3714.py,py
3715,benign\3715.rb,,benign,3715.rb,rb
3716,benign\3716.c,,benign,3716.c,c
3717,benign\3717.html,,benign,3717.html,html
3718,benign\3718.php,,benign,3718.php,php
3719,benign\3719.py,,benign,3719.py,py
3720,benign\3720.rb,,benign,3720.rb,rb
3721,benign\3721.c,,benign,3721.c,c
3722,benign\3722.html,,benign,3722.html,html
3723,benign\3723.php,,benign,3723.php,php
3724,benign\3724.py,,benign,3724.py,py
3725,benign\3725.rb,,benign,3725.rb,rb
3726,benign\3726.c,,benign,3726.c,c
3727,benign\3727.html,,benign,3727.html,html
3728,benign\3728.php,,benign,3728.php,php
3729,benign\3729.py,,benign,3729.py,py
3730,benign\3730.rb,,benign,3730.rb,rb
3731,benign\3731.c,,benign,3731.c,c
3732,benign\3732.html,,benign,3732.html,html
3733,benign\3733.php,,benign,3733.php,php
3734,benign\3734.py,,benign,3734.py,py
3735,benign\3735.rb,,benign,3735.rb,rb
3736,benign\3736.c,,benign,3736.c,c
3737,benign\3737.html,,benign,3737.html,html
3738,benign\3738.php,,benign,3738.php,php
3739,benign\3739.py,,benign,3739.py,py
3740,benign\3740.rb,,benign,3740.rb,rb
3741,benign\3741.c,,benign,3741.c,c
3742,benign\3742.html,,benign,3742.html,html
3743,benign\3743.php,,benign,3743.php,php
3744,benign\3744.py,,benign,3744.py,py
3745,benign\3745.rb,,benign,3745.rb,rb
3746,benign\3746.c,,benign,3746.c,c
3747,benign\3747.html,,benign,3747.html,html
3748,benign\3748.php,,benign,3748.php,php
3749,benign\3749.py,,benign,3749.py,py
3750,benign\3750.rb,,benign,3750.rb,rb
3751,benign\3751.c,,benign,3751.c,c
3752,benign\3752.html,,benign,3752.html,html
3753,benign\3753.php,,benign,3753.php,php
3754,benign\3754.py,,benign,3754.py,py
3755,benign\3755.rb,,benign,3755.rb,rb
3756,benign\3756.c,,benign,3756.c,c
3757,benign\3757.html,,benign,3757.html,html
3758,benign\3758.php,,benign,3758.php,php
3759,benign\3759.py,,benign,3759.py,py
3760,benign\3760.rb,,benign,3760.rb,rb
3761,benign\3761.c,,benign,3761.c,c
3762,benign\3762.html,,benign,3762.html,html
3763,benign\3763.php,,benign,3763.php,php
3764,benign\3764.py,,benign,3764.py,py
3765,benign\3765.rb,,benign,3765.rb,rb
3766,benign\3766.c,,benign,3766.c,c
3767,benign\3767.html,,benign,3767.html,html
3768,benign\3768.php,,benign,3768.php,php
3769,benign\3769.py,,benign,3769.py,py
3770,benign\3770.rb,,benign,3770.rb,rb
3771,benign\3771.c,,benign,3771.c,c
3772,benign\3772.html,,benign,3772.html,html
3773,benign\3773.php,,benign,3773.php,php
3774,benign\3774.py,,benign,3774.py,py
3775,benign\3775.rb,,benign,3775.rb,rb
3776,benign\3776.c,,benign,3776.c,c
3777,benign\3777.html,,benign,3777.html,html
3778,benign\3778.php,,benign,3778.php,php
3779,benign\3779.py,,benign,3779.py,py
3780,benign\3780.rb,,benign,3780.rb,rb
3781,benign\3781.c,,benign,3781.c,c
3782,benign\3782.html,,benign,3782.html,html
3783,benign\3783.php,,benign,3783.php,php
3784,benign\3784.py,,benign,3784.py,py
3785,benign\3785.rb,,benign,3785.rb,rb
3786,benign\3786.c,,benign,3786.c,c
3787,benign\3787.html,,benign,3787.html,html
3788,benign\3788.php,,benign,3788.php,php
3789,benign\3789.py,,benign,3789.py,py
3790,benign\3790.rb,,benign,3790.rb,rb
3791,benign\3791.c,,benign,3791.c,c
3792,benign\3792.html,,benign,3792.html,html
3793,benign\3793.php,,benign,3793.php,php
3794,benign\3794.py,,benign,3794.py,py
3795,benign\3795.rb,,benign,3795.rb,rb
3796,benign\3796.c,,benign,3796.c,c
3797,benign\3797.html,,benign,3797.html,html
3798,benign\3798.php,,benign,3798.php,php
3799,benign\3799.py,,benign,3799.py,py
3800,benign\3800.rb,,benign,3800.rb,rb
3801,benign\3801.c,,benign,3801.c,c
3802,benign\3802.html,,benign,3802.html,html
3803,benign\3803.php,,benign,3803.php,php
3804,benign\3804.py,,benign,3804.py,py
3805,benign\3805.rb,,benign,3805.rb,rb
3806,benign\3806.c,,benign,3806.c,c
3807,benign\3807.html,,benign,3807.html,html
3808,benign\3808.php,,benign,3808.php,php
3809,benign\3809.py,,benign,3809.py,py
3810,benign\3810.rb,,benign,3810.rb,rb
3811,benign\3811.c,,benign,3811.c,c
3812,benign\3812.html,,benign,3812.html,html
3813,benign\3813.php,,benign,3813.php,php
3814,benign\3814.py,,benign,3814.py,py
3815,benign\3815.rb,,benign,3815.rb,rb
3816,benign\3816.c,,benign,3816.c,c
3817,benign\3817.html,,benign,3817.html,html
3818,benign\3818.php,,benign,3818.php,php
3819,benign\3819.py,,benign,3819.py,py
3820,benign\3820.rb,,benign,3820.rb,rb
3821,benign\3821.c,,benign,3821.c,c
3822,benign\3822.html,,benign,3822.html,html
3823,benign\3823.php,,benign,3823.php,php
3824,benign\3824.py,,benign,3824.py,py
3825,benign\3825.rb,,benign,3825.rb,rb
3826,benign\3826.c,,benign,3826.c,c
3827,benign\3827.html,,benign,3827.html,html
3828,benign\3828.php,,benign,3828.php,php
3829,benign\3829.py,,benign,3829.py,py
3830,benign\3830.rb,,benign,3830.rb,rb
3831,benign\3831.c,,benign,3831.c,c
3832,benign\3832.html,,benign,3832.html,html
3833,benign\3833.php,,benign,3833.php,php
3834,benign\3834.py,,benign,3834.py,py
3835,benign\3835.rb,,benign,3835.rb,rb
3836,benign\3836.c,,benign,3836.c,c
3837,benign\3837.html,,benign,3837.html,html
3838,benign\3838.php,,benign,3838.php,php
3839,benign\3839.py,,benign,3839.py,py
3840,benign\3840.rb,,benign,3840.rb,rb
3841,benign\3841.c,,benign,3841.c,c
3842,benign\3842.html,,benign,3842.html,html
3843,benign\3843.php,,benign,3843.php,php
3844,benign\3844.py,,benign,3844.py,py
3845,benign\3845.rb,,benign,3845.rb,rb
3846,benign\3846.c,,benign,3846.c,c
3847,benign\3847.html,,benign,3847.html,html
3848,benign\3848.php,,benign,3848.php,php
3849,benign\3849.py,,benign,3849.py,py
3850,benign\3850.rb,,benign,3850.rb,rb
3851,benign\3851.c,,benign,3851.c,c
3852,benign\3852.html,,benign,3852.html,html
3853,benign\3853.php,,benign,3853.php,php
3854,benign\3854.py,,benign,3854.py,py
3855,benign\3855.rb,,benign,3855.rb,rb
3856,benign\3856.c,,benign,3856.c,c
3857,benign\3857.html,,benign,3857.html,html
3858,benign\3858.php,,benign,3858.php,php
3859,benign\3859.py,,benign,3859.py,py
3860,benign\3860.rb,,benign,3860.rb,rb
3861,benign\3861.c,,benign,3861.c,c
3862,benign\3862.html,,benign,3862.html,html
3863,benign\3863.php,,benign,3863.php,php
3864,benign\3864.py,,benign,3864.py,py
3865,benign\3865.rb,,benign,3865.rb,rb
3866,benign\3866.c,,benign,3866.c,c
3867,benign\3867.html,,benign,3867.html,html
3868,benign\3868.php,,benign,3868.php,php
3869,benign\3869.py,,benign,3869.py,py
3870,benign\3870.rb,,benign,3870.rb,rb
3871,benign\3871.c,,benign,3871.c,c
3872,benign\3872.html,,benign,3872.html,html
3873,benign\3873.php,,benign,3873.php,php
3874,benign\3874.py,,benign,3874.py,py
3875,benign\3875.rb,,benign,3875.rb,rb
3876,benign\3876.c,,benign,3876.c,c
3877,benign\3877.html,,benign,3877.html,html
3878,benign\3878.php,,benign,3878.php,php
3879,benign\3879.py,,benign,3879.py,py
3880,benign\3880.rb,,benign,3880.rb,rb
3881,benign\3881.c,,benign,3881.c,c
3882,benign\3882.html,,benign,3882.html,html
3883,benign\3883.php,,benign,3883.php,php
3884,benign\3884.py,,benign,3884.py,py
3885,benign\3885.rb,,benign,3885.rb,rb
3886,benign\3886.c,,benign,3886.c,c
3887,benign\3887.html,,benign,3887.html,html
3888,benign\3888.php,,benign,3888.php,php
3889,benign\3889.py,,benign,3889.py,py
3890,benign\3890.rb,,benign,3890.rb,rb
3891,benign\3891.c,,benign,3891.c,c
3892,benign\3892.html,,benign,3892.html,html
3893,benign\3893.php,,benign,3893.php,php
3894,benign\3894.py,,benign,3894.py,py
3895,benign\3895.rb,,benign,3895.rb,rb
3896,benign\3896.c,,benign,3896.c,c
3897,benign\3897.html,,benign,3897.html,html
3898,benign\3898.php,,benign,3898.php,php
3899,benign\3899.py,,benign,3899.py,py
3900,benign\3900.rb,,benign,3900.rb,rb
3901,benign\3901.c,,benign,3901.c,c
3902,benign\3902.html,,benign,3902.html,html
3903,benign\3903.php,,benign,3903.php,php
3904,benign\3904.py,,benign,3904.py,py
3905,benign\3905.rb,,benign,3905.rb,rb
3906,benign\3906.c,,benign,3906.c,c
3907,benign\3907.html,,benign,3907.html,html
3908,benign\3908.php,,benign,3908.php,php
3909,benign\3909.py,,benign,3909.py,py
3910,benign\3910.rb,,benign,3910.rb,rb
3911,benign\3911.c,,benign,3911.c,c
3912,benign\3912.html,,benign,3912.html,html
3913,benign\3913.php,,benign,3913.php,php
3914,benign\3914.py,,benign,3914.py,py
3915,benign\3915.rb,,benign,3915.rb,rb
3916,benign\3916.c,,benign,3916.c,c
3917,benign\3917.html,,benign,3917.html,html
3918,benign\3918.php,,benign,3918.php,php
3919,benign\3919.py,,benign,3919.py,py
3920,benign\3920.rb,,benign,3920.rb,rb
3921,benign\3921.c,,benign,3921.c,c
3922,benign\3922.html,,benign,3922.html,html
3923,benign\3923.php,,benign,3923.php,php
3924,benign\3924.py,,benign,3924.py,py
3925,benign\3925.rb,,benign,3925.rb,rb
3926,benign\3926.c,,benign,3926.c,c
3927,benign\3927.html,,benign,3927.html,html
3928,benign\3928.php,,benign,3928.php,php
3929,benign\3929.py,,benign,3929.py,py
3930,benign\3930.rb,,benign,3930.rb,rb
3931,benign\3931.c,,benign,3931.c,c
3932,benign\3932.html,,benign,3932.html,html
3933,benign\3933.php,,benign,3933.php,php
3934,benign\3934.py,,benign,3934.py,py
3935,benign\3935.rb,,benign,3935.rb,rb
3936,benign\3936.c,,benign,3936.c,c
3937,benign\3937.html,,benign,3937.html,html
3938,benign\3938.php,,benign,3938.php,php
3939,benign\3939.py,,benign,3939.py,py
3940,benign\3940.rb,,benign,3940.rb,rb
3941,benign\3941.c,,benign,3941.c,c
3942,benign\3942.html,,benign,3942.html,html
3943,benign\3943.php,,benign,3943.php,php
3944,benign\3944.py,,benign,3944.py,py
3945,benign\3945.rb,,benign,3945.rb,rb
3946,benign\3946.c,,benign,3946.c,c
3947,benign\3947.html,,benign,3947.html,html
3948,benign\3948.php,,benign,3948.php,php
3949,benign\3949.py,,benign,3949.py,py
3950,benign\3950.rb,,benign,3950.rb,rb
3951,benign\3951.c,,benign,3951.c,c
3952,benign\3952.html,,benign,3952.html,html
3953,benign\3953.php,,benign,3953.php,php
3954,benign\3954.py,,benign,3954.py,py
3955,benign\3955.rb,,benign,3955.rb,rb
3956,benign\3956.c,,benign,3956.c,c
3957,benign\3957.html,,benign,3957.html,html
3958,benign\3958.php,,benign,3958.php,php
3959,benign\3959.py,,benign,3959.py,py
3960,benign\3960.rb,,benign,3960.rb,rb
3961,benign\3961.c,,benign,3961.c,c
3962,benign\3962.html,,benign,3962.html,html
3963,benign\3963.php,,benign,3963.php,php
3964,benign\3964.py,,benign,3964.py,py
3965,benign\3965.rb,,benign,3965.rb,rb
3966,benign\3966.c,,benign,3966.c,c
3967,benign\3967.html,,benign,3967.html,html
3968,benign\3968.php,,benign,3968.php,php
3969,benign\3969.py,,benign,3969.py,py
3970,benign\3970.rb,,benign,3970.rb,rb
3971,benign\3971.c,,benign,3971.c,c
3972,benign\3972.html,,benign,3972.html,html
3973,benign\3973.php,,benign,3973.php,php
3974,benign\3974.py,,benign,3974.py,py
3975,benign\3975.rb,,benign,3975.rb,rb
3976,benign\3976.c,,benign,3976.c,c
3977,benign\3977.html,,benign,3977.html,html
3978,benign\3978.php,,benign,3978.php,php
3979,benign\3979.py,,benign,3979.py,py
3980,benign\3980.rb,,benign,3980.rb,rb
3981,benign\3981.c,,benign,3981.c,c
3982,benign\3982.html,,benign,3982.html,html
3983,benign\3983.php,,benign,3983.php,php
3984,benign\3984.py,,benign,3984.py,py
3985,benign\3985.rb,,benign,3985.rb,rb
3986,benign\3986.c,,benign,3986.c,c
3987,benign\3987.html,,benign,3987.html,html
3988,benign\3988.php,,benign,3988.php,php
3989,benign\3989.py,,benign,3989.py,py
3990,benign\3990.rb,,benign,3990.rb,rb
3991,benign\3991.c,,benign,3991.c,c
3992,benign\3992.html,,benign,3992.html,html
3993,benign\3993.php,,benign,3993.php,php
3994,benign\3994.py,,benign,3994.py,py
3995,benign\3995.rb,,benign,3995.rb,rb
3996,benign\3996.c,,benign,3996.c,c
3997,benign\3997.html,,benign,3997.html,html
3998,benign\3998.php,,benign,3998.php,php
3999,benign\3999.py,,benign,3999.py,py
4000,benign\4000.rb,,benign,4000.rb,rb
4001,benign\4001.c,,benign,4001.c,c
4002,benign\4002.html,,benign,4002.html,html
4003,benign\4003.php,,benign,4003.php,php
4004,benign\4004.py,,benign,4004.py,py
4005,benign\4005.rb,,benign,4005.rb,rb
4006,benign\4006.c,,benign,4006.c,c
4007,benign\4007.html,,benign,4007.html,html
4008,benign\4008.php,,benign,4008.php,php
4009,benign\4009.py,,benign,4009.py,py
4010,benign\4010.rb,,benign,4010.rb,rb
4011,benign\4011.c,,benign,4011.c,c
4012,benign\4012.html,,benign,4012.html,html
4013,benign\4013.php,,benign,4013.php,php
4014,benign\4014.py,,benign,4014.py,py
4015,benign\4015.rb,,benign,4015.rb,rb
4016,benign\4016.c,,benign,4016.c,c
4017,benign\4017.html,,benign,4017.html,html
4018,benign\4018.php,,benign,4018.php,php
4019,benign\4019.py,,benign,4019.py,py
4020,benign\4020.rb,,benign,4020.rb,rb
4021,benign\4021.c,,benign,4021.c,c
4022,benign\4022.html,,benign,4022.html,html
4023,benign\4023.php,,benign,4023.php,php
4024,benign\4024.py,,benign,4024.py,py
4025,benign\4025.rb,,benign,4025.rb,rb
4026,benign\4026.c,,benign,4026.c,c
4027,benign\4027.html,,benign,4027.html,html
4028,benign\4028.php,,benign,4028.php,php
4029,benign\4029.py,,benign,4029.py,py
4030,benign\4030.rb,,benign,4030.rb,rb
4031,benign\4031.c,,benign,4031.c,c
4032,benign\4032.html,,benign,4032.html,html
4033,benign\4033.php,,benign,4033.php,php
4034,benign\4034.py,,benign,4034.py,py
4035,benign\4035.rb,,benign,4035.rb,rb
4036,benign\4036.c,,benign,4036.c,c
4037,benign\4037.html,,benign,4037.html,html
4038,benign\4038.php,,benign,4038.php,php
4039,benign\4039.py,,benign,4039.py,py
4040,benign\4040.rb,,benign,4040.rb,rb
4041,benign\4041.c,,benign,4041.c,c
4042,benign\4042.html,,benign,4042.html,html
4043,benign\4043.php,,benign,4043.php,php
4044,benign\4044.py,,benign,4044.py,py
4045,benign\4045.rb,,benign,4045.rb,rb
4046,benign\4046.c,,benign,4046.c,c
4047,benign\4047.html,,benign,4047.html,html
4048,benign\4048.php,,benign,4048.php,php
4049,benign\4049.py,,benign,4049.py,py
4050,benign\4050.rb,,benign,4050.rb,rb
4051,benign\4051.c,,benign,4051.c,c
4052,benign\4052.html,,benign,4052.html,html
4053,benign\4053.php,,benign,4053.php,php
4054,benign\4054.py,,benign,4054.py,py
4055,benign\4055.rb,,benign,4055.rb,rb
4056,benign\4056.c,,benign,4056.c,c
4057,benign\4057.html,,benign,4057.html,html
4058,benign\4058.php,,benign,4058.php,php
4059,benign\4059.py,,benign,4059.py,py
4060,benign\4060.rb,,benign,4060.rb,rb
4061,benign\4061.c,,benign,4061.c,c
4062,benign\4062.html,,benign,4062.html,html
4063,benign\4063.php,,benign,4063.php,php
4064,benign\4064.py,,benign,4064.py,py
4065,benign\4065.rb,,benign,4065.rb,rb
4066,benign\4066.c,,benign,4066.c,c
4067,benign\4067.html,,benign,4067.html,html
4068,benign\4068.php,,benign,4068.php,php
4069,benign\4069.py,,benign,4069.py,py
4070,benign\4070.rb,,benign,4070.rb,rb
4071,benign\4071.c,,benign,4071.c,c
4072,benign\4072.html,,benign,4072.html,html
4073,benign\4073.php,,benign,4073.php,php
4074,benign\4074.py,,benign,4074.py,py
4075,benign\4075.rb,,benign,4075.rb,rb
4076,benign\4076.c,,benign,4076.c,c
4077,benign\4077.html,,benign,4077.html,html
4078,benign\4078.php,,benign,4078.php,php
4079,benign\4079.py,,benign,4079.py,py
4080,benign\4080.rb,,benign,4080.rb,rb
4081,benign\4081.c,,benign,4081.c,c
4082,benign\4082.html,,benign,4082.html,html
4083,benign\4083.php,,benign,4083.php,php
4084,benign\4084.py,,benign,4084.py,py
4085,benign\4085.rb,,benign,4085.rb,rb
4086,benign\4086.c,,benign,4086.c,c
4087,benign\4087.html,,benign,4087.html,html
4088,benign\4088.php,,benign,4088.php,php
4089,benign\4089.py,,benign,4089.py,py
4090,benign\4090.rb,,benign,4090.rb,rb
4091,benign\4091.c,,benign,4091.c,c
4092,benign\4092.html,,benign,4092.html,html
4093,benign\4093.php,,benign,4093.php,php
4094,benign\4094.py,,benign,4094.py,py
4095,benign\4095.rb,,benign,4095.rb,rb
4096,benign\4096.c,,benign,4096.c,c
4097,benign\4097.html,,benign,4097.html,html
4098,benign\4098.php,,benign,4098.php,php
4099,benign\4099.py,,benign,4099.py,py
4100,benign\4100.rb,,benign,4100.rb,rb
4101,benign\4101.c,,benign,4101.c,c
4102,benign\4102.html,,benign,4102.html,html
4103,benign\4103.php,,benign,4103.php,php
4104,benign\4104.py,,benign,4104.py,py
4105,benign\4105.rb,,benign,4105.rb,rb
4106,benign\4106.c,,benign,4106.c,c
4107,benign\4107.html,,benign,4107.html,html
4108,benign\4108.php,,benign,4108.php,php
4109,benign\4109.py,,benign,4109.py,py
4110,benign\4110.rb,,benign,4110.rb,rb
4111,benign\4111.c,,benign,4111.c,c
4112,benign\4112.html,,benign,4112.html,html
4113,benign\4113.php,,benign,4113.php,php
4114,benign\4114.py,,benign,4114.py,py
4115,benign\4115.rb,,benign,4115.rb,rb
4116,benign\4116.c,,benign,4116.c,c
4117,benign\4117.html,,benign,4117.html,html
4118,benign\4118.php,,benign,4118.php,php
4119,benign\4119.py,,benign,4119.py,py
4120,benign\4120.rb,,benign,4120.rb,rb
4121,benign\4121.c,,benign,4121.c,c
4122,benign\4122.html,,benign,4122.html,html
4123,benign\4123.php,,benign,4123.php,php
4124,benign\4124.py,,benign,4124.py,py
4125,benign\4125.rb,,benign,4125.rb,rb
4126,benign\4126.c,,benign,4126.c,c
4127,benign\4127.html,,benign,4127.html,html
4128,benign\4128.php,,benign,4128.php,php
4129,benign\4129.py,,benign,4129.py,py
4130,benign\4130.rb,,benign,4130.rb,rb
4131,benign\4131.c,,benign,4131.c,c
4132,benign\4132.html,,benign,4132.html,html
4133,benign\4133.php,,benign,4133.php,php
4134,benign\4134.py,,benign,4134.py,py
4135,benign\4135.rb,,benign,4135.rb,rb
4136,benign\4136.c,,benign,4136.c,c
4137,benign\4137.html,,benign,4137.html,html
4138,benign\4138.php,,benign,4138.php,php
4139,benign\4139.py,,benign,4139.py,py
4140,benign\4140.rb,,benign,4140.rb,rb
4141,benign\4141.c,,benign,4141.c,c
4142,benign\4142.html,,benign,4142.html,html
4143,benign\4143.php,,benign,4143.php,php
4144,benign\4144.py,,benign,4144.py,py
4145,benign\4145.rb,,benign,4145.rb,rb
4146,benign\4146.c,,benign,4146.c,c
4147,benign\4147.html,,benign,4147.html,html
4148,benign\4148.php,,benign,4148.php,php
4149,benign\4149.py,,benign,4149.py,py
4150,benign\4150.rb,,benign,4150.rb,rb
4151,benign\4151.c,,benign,4151.c,c
4152,benign\4152.html,,benign,4152.html,html
4153,benign\4153.php,,benign,4153.php,php
4154,benign\4154.py,,benign,4154.py,py
4155,benign\4155.rb,,benign,4155.rb,rb
4156,benign\4156.c,,benign,4156.c,c
4157,benign\4157.html,,benign,4157.html,html
4158,benign\4158.php,,benign,4158.php,php
4159,benign\4159.py,,benign,4159.py,py
4160,benign\4160.rb,,benign,4160.rb,rb
4161,benign\4161.c,,benign,4161.c,c
4162,benign\4162.html,,benign,4162.html,html
4163,benign\4163.php,,benign,4163.php,php
4164,benign\4164.py,,benign,4164.py,py
4165,benign\4165.rb,,benign,4165.rb,rb
4166,benign\4166.c,,benign,4166.c,c
4167,benign\4167.html,,benign,4167.html,html
4168,benign\4168.php,,benign,4168.php,php
4169,benign\4169.py,,benign,4169.py,py
4170,benign\4170.rb,,benign,4170.rb,rb
4171,benign\4171.c,,benign,4171.c,c
4172,benign\4172.html,,benign,4172.html,html
4173,benign\4173.php,,benign,4173.php,php
4174,benign\4174.py,,benign,4174.py,py
4175,benign\4175.rb,,benign,4175.rb,rb
4176,benign\4176.c,,benign,4176.c,c
4177,benign\4177.html,,benign,4177.html,html
4178,benign\4178.php,,benign,4178.php,php
4179,benign\4179.py,,benign,4179.py,py
4180,benign\4180.rb,,benign,4180.rb,rb
4181,benign\4181.c,,benign,4181.c,c
4182,benign\4182.html,,benign,4182.html,html
4183,benign\4183.php,,benign,4183.php,php
4184,benign\4184.py,,benign,4184.py,py
4185,benign\4185.rb,,benign,4185.rb,rb
4186,benign\4186.c,,benign,4186.c,c
4187,benign\4187.html,,benign,4187.html,html
4188,benign\4188.php,,benign,4188.php,php
4189,benign\4189.py,,benign,4189.py,py
4190,benign\4190.rb,,benign,4190.rb,rb
4191,benign\4191.c,,benign,4191.c,c
4192,benign\4192.html,,benign,4192.html,html
4193,benign\4193.php,,benign,4193.php,php
4194,benign\4194.py,,benign,4194.py,py
4195,benign\4195.rb,,benign,4195.rb,rb
4196,benign\4196.c,,benign,4196.c,c
4197,benign\4197.html,,benign,4197.html,html
4198,benign\4198.php,,benign,4198.php,php
4199,benign\4199.py,,benign,4199.py,py
4200,benign\4200.rb,,benign,4200.rb,rb
4201,benign\4201.c,,benign,4201.c,c
4202,benign\4202.html,,benign,4202.html,html
4203,benign\4203.php,,benign,4203.php,php
4204,benign\4204.py,,benign,4204.py,py
4205,benign\4205.rb,,benign,4205.rb,rb
4206,benign\4206.c,,benign,4206.c,c
4207,benign\4207.html,,benign,4207.html,html
4208,benign\4208.php,,benign,4208.php,php
4209,benign\4209.py,,benign,4209.py,py
4210,benign\4210.rb,,benign,4210.rb,rb
4211,benign\4211.c,,benign,4211.c,c
4212,benign\4212.html,,benign,4212.html,html
4213,benign\4213.php,,benign,4213.php,php
4214,benign\4214.py,,benign,4214.py,py
4215,benign\4215.rb,,benign,4215.rb,rb
4216,benign\4216.c,,benign,4216.c,c
4217,benign\4217.html,,benign,4217.html,html
4218,benign\4218.php,,benign,4218.php,php
4219,benign\4219.py,,benign,4219.py,py
4220,benign\4220.rb,,benign,4220.rb,rb
4221,benign\4221.c,,benign,4221.c,c
4222,benign\4222.html,,benign,4222.html,html
4223,benign\4223.php,,benign,4223.php,php
4224,benign\4224.py,,benign,4224.py,py
4225,benign\4225.rb,,benign,4225.rb,rb
4226,benign\4226.c,,benign,4226.c,c
4227,benign\4227.html,,benign,4227.html,html
4228,benign\4228.php,,benign,4228.php,php
4229,benign\4229.py,,benign,4229.py,py
4230,benign\4230.rb,,benign,4230.rb,rb
4231,benign\4231.c,,benign,4231.c,c
4232,benign\4232.html,,benign,4232.html,html
4233,benign\4233.php,,benign,4233.php,php
4234,benign\4234.py,,benign,4234.py,py
4235,benign\4235.rb,,benign,4235.rb,rb
4236,benign\4236.c,,benign,4236.c,c
4237,benign\4237.html,,benign,4237.html,html
4238,benign\4238.php,,benign,4238.php,php
4239,benign\4239.py,,benign,4239.py,py
4240,benign\4240.rb,,benign,4240.rb,rb
4241,benign\4241.c,,benign,4241.c,c
4242,benign\4242.html,,benign,4242.html,html
4243,benign\4243.php,,benign,4243.php,php
4244,benign\4244.py,,benign,4244.py,py
4245,benign\4245.rb,,benign,4245.rb,rb
4246,benign\4246.c,,benign,4246.c,c
4247,benign\4247.html,,benign,4247.html,html
4248,benign\4248.php,,benign,4248.php,php
4249,benign\4249.py,,benign,4249.py,py
4250,benign\4250.rb,,benign,4250.rb,rb
4251,benign\4251.c,,benign,4251.c,c
4252,benign\4252.html,,benign,4252.html,html
4253,benign\4253.php,,benign,4253.php,php
4254,benign\4254.py,,benign,4254.py,py
4255,benign\4255.rb,,benign,4255.rb,rb
4256,benign\4256.c,,benign,4256.c,c
4257,benign\4257.html,,benign,4257.html,html
4258,benign\4258.php,,benign,4258.php,php
4259,benign\4259.py,,benign,4259.py,py
4260,benign\4260.rb,,benign,4260.rb,rb
4261,benign\4261.c,,benign,4261.c,c
4262,benign\4262.html,,benign,4262.html,html
4263,benign\4263.php,,benign,4263.php,php
4264,benign\4264.py,,benign,4264.py,py
4265,benign\4265.rb,,benign,4265.rb,rb
4266,benign\4266.c,,benign,4266.c,c
4267,benign\4267.html,,benign,4267.html,html
4268,benign\4268.php,,benign,4268.php,php
4269,benign\4269.py,,benign,4269.py,py
4270,benign\4270.rb,,benign,4270.rb,rb
4271,benign\4271.c,,benign,4271.c,c
4272,benign\4272.html,,benign,4272.html,html
4273,benign\4273.php,,benign,4273.php,php
4274,benign\4274.py,,benign,4274.py,py
4275,benign\4275.rb,,benign,4275.rb,rb
4276,benign\4276.c,,benign,4276.c,c
4277,benign\4277.html,,benign,4277.html,html
4278,benign\4278.php,,benign,4278.php,php
4279,benign\4279.py,,benign,4279.py,py
4280,benign\4280.rb,,benign,4280.rb,rb
4281,benign\4281.c,,benign,4281.c,c
4282,benign\4282.html,,benign,4282.html,html
4283,benign\4283.php,,benign,4283.php,php
4284,benign\4284.py,,benign,4284.py,py
4285,benign\4285.rb,,benign,4285.rb,rb
4286,benign\4286.c,,benign,4286.c,c
4287,benign\4287.html,,benign,4287.html,html
4288,benign\4288.php,,benign,4288.php,php
4289,benign\4289.py,,benign,4289.py,py
4290,benign\4290.rb,,benign,4290.rb,rb
4291,benign\4291.c,,benign,4291.c,c
4292,benign\4292.html,,benign,4292.html,html
4293,benign\4293.php,,benign,4293.php,php
4294,benign\4294.py,,benign,4294.py,py
4295,benign\4295.rb,,benign,4295.rb,rb
4296,benign\4296.c,,benign,4296.c,c
4297,benign\4297.html,,benign,4297.html,html
4298,benign\4298.php,,benign,4298.php,php
4299,benign\4299.py,,benign,4299.py,py
4300,benign\4300.rb,,benign,4300.rb,rb
4301,benign\4301.c,,benign,4301.c,c
4302,benign\4302.html,,benign,4302.html,html
4303,benign\4303.php,,benign,4303.php,php
4304,benign\4304.py,,benign,4304.py,py
4305,benign\4305.rb,,benign,4305.rb,rb
4306,benign\4306.c,,benign,4306.c,c
4307,benign\4307.html,,benign,4307.html,html
4308,benign\4308.php,,benign,4308.php,php
4309,benign\4309.py,,benign,4309.py,py
4310,benign\4310.rb,,benign,4310.rb,rb
4311,benign\4311.c,,benign,4311.c,c
4312,benign\4312.html,,benign,4312.html,html
4313,benign\4313.php,,benign,4313.php,php
4314,benign\4314.py,,benign,4314.py,py
4315,benign\4315.rb,,benign,4315.rb,rb
4316,benign\4316.c,,benign,4316.c,c
4317,benign\4317.html,,benign,4317.html,html
4318,benign\4318.php,,benign,4318.php,php
4319,benign\4319.py,,benign,4319.py,py
4320,benign\4320.rb,,benign,4320.rb,rb
4321,benign\4321.c,,benign,4321.c,c
4322,benign\4322.html,,benign,4322.html,html
4323,benign\4323.php,,benign,4323.php,php
4324,benign\4324.py,,benign,4324.py,py
4325,benign\4325.rb,,benign,4325.rb,rb
4326,benign\4326.c,,benign,4326.c,c
4327,benign\4327.html,,benign,4327.html,html
4328,benign\4328.php,,benign,4328.php,php
4329,benign\4329.py,,benign,4329.py,py
4330,benign\4330.rb,,benign,4330.rb,rb
4331,benign\4331.c,,benign,4331.c,c
4332,benign\4332.html,,benign,4332.html,html
4333,benign\4333.php,,benign,4333.php,php
4334,benign\4334.py,,benign,4334.py,py
4335,benign\4335.rb,,benign,4335.rb,rb
4336,benign\4336.c,,benign,4336.c,c
4337,benign\4337.html,,benign,4337.html,html
4338,benign\4338.php,,benign,4338.php,php
4339,benign\4339.py,,benign,4339.py,py
4340,benign\4340.rb,,benign,4340.rb,rb
4341,benign\4341.c,,benign,4341.c,c
4342,benign\4342.html,,benign,4342.html,html
4343,benign\4343.php,,benign,4343.php,php
4344,benign\4344.py,,benign,4344.py,py
4345,benign\4345.rb,,benign,4345.rb,rb
4346,benign\4346.c,,benign,4346.c,c
4347,benign\4347.html,,benign,4347.html,html
4348,benign\4348.php,,benign,4348.php,php
4349,benign\4349.py,,benign,4349.py,py
4350,benign\4350.rb,,benign,4350.rb,rb
4351,benign\4351.c,,benign,4351.c,c
4352,benign\4352.html,,benign,4352.html,html
4353,benign\4353.php,,benign,4353.php,php
4354,benign\4354.py,,benign,4354.py,py
4355,benign\4355.rb,,benign,4355.rb,rb
4356,benign\4356.c,,benign,4356.c,c
4357,benign\4357.html,,benign,4357.html,html
4358,benign\4358.php,,benign,4358.php,php
4359,benign\4359.py,,benign,4359.py,py
4360,benign\4360.rb,,benign,4360.rb,rb
4361,benign\4361.c,,benign,4361.c,c
4362,benign\4362.html,,benign,4362.html,html
4363,benign\4363.php,,benign,4363.php,php
4364,benign\4364.py,,benign,4364.py,py
4365,benign\4365.rb,,benign,4365.rb,rb
4366,benign\4366.c,,benign,4366.c,c
4367,benign\4367.html,,benign,4367.html,html
4368,benign\4368.php,,benign,4368.php,php
4369,benign\4369.py,,benign,4369.py,py
4370,benign\4370.rb,,benign,4370.rb,rb
4371,benign\4371.c,,benign,4371.c,c
4372,benign\4372.html,,benign,4372.html,html
4373,benign\4373.php,,benign,4373.php,php
4374,benign\4374.py,,benign,4374.py,py
4375,benign\4375.rb,,benign,4375.rb,rb
4376,benign\4376.c,,benign,4376.c,c
4377,benign\4377.html,,benign,4377.html,html
4378,benign\4378.php,,benign,4378.php,php
4379,benign\4379.py,,benign,4379.py,py
4380,benign\4380.rb,,benign,4380.rb,rb
4381,benign\4381.c,,benign,4381.c,c
4382,benign\4382.html,,benign,4382.html,html
4383,benign\4383.php,,benign,4383.php,php
4384,benign\4384.py,,benign,4384.py,py
4385,benign\4385.rb,,benign,4385.rb,rb
4386,benign\4386.c,,benign,4386.c,c
4387,benign\4387.html,,benign,4387.html,html
4388,benign\4388.php,,benign,4388.php,php
4389,benign\4389.py,,benign,4389.py,py
4390,benign\4390.rb,,benign,4390.rb,rb
4391,benign\4391.c,,benign,4391.c,c
4392,benign\4392.html,,benign,4392.html,html
4393,benign\4393.php,,benign,4393.php,php
4394,benign\4394.py,,benign,4394.py,py
4395,benign\4395.rb,,benign,4395.rb,rb
4396,benign\4396.c,,benign,4396.c,c
4397,benign\4397.html,,benign,4397.html,html
4398,benign\4398.php,,benign,4398.php,php
4399,benign\4399.py,,benign,4399.py,py
4400,benign\4400.rb,,benign,4400.rb,rb
4401,benign\4401.c,,benign,4401.c,c
4402,benign\4402.html,,benign,4402.html,html
4403,benign\4403.php,,benign,4403.php,php
4404,benign\4404.py,,benign,4404.py,py
4405,benign\4405.rb,,benign,4405.rb,rb
4406,benign\4406.c,,benign,4406.c,c
4407,benign\4407.html,,benign,4407.html,html
4408,benign\4408.php,,benign,4408.php,php
4409,benign\4409.py,,benign,4409.py,py
4410,benign\4410.rb,,benign,4410.rb,rb
4411,benign\4411.c,,benign,4411.c,c
4412,benign\4412.html,,benign,4412.html,html
4413,benign\4413.php,,benign,4413.php,php
4414,benign\4414.py,,benign,4414.py,py
4415,benign\4415.rb,,benign,4415.rb,rb
4416,benign\4416.c,,benign,4416.c,c
4417,benign\4417.html,,benign,4417.html,html
4418,benign\4418.php,,benign,4418.php,php
4419,benign\4419.py,,benign,4419.py,py
4420,benign\4420.rb,,benign,4420.rb,rb
4421,benign\4421.c,,benign,4421.c,c
4422,benign\4422.html,,benign,4422.html,html
4423,benign\4423.php,,benign,4423.php,php
4424,benign\4424.py,,benign,4424.py,py
4425,benign\4425.rb,,benign,4425.rb,rb
4426,benign\4426.c,,benign,4426.c,c
4427,benign\4427.html,,benign,4427.html,html
4428,benign\4428.php,,benign,4428.php,php
4429,benign\4429.py,,benign,4429.py,py
4430,benign\4430.rb,,benign,4430.rb,rb
4431,benign\4431.c,,benign,4431.c,c
4432,benign\4432.html,,benign,4432.html,html
4433,benign\4433.php,,benign,4433.php,php
4434,benign\4434.py,,benign,4434.py,py
4435,benign\4435.rb,,benign,4435.rb,rb
4436,benign\4436.c,,benign,4436.c,c
4437,benign\4437.html,,benign,4437.html,html
4438,benign\4438.php,,benign,4438.php,php
4439,benign\4439.py,,benign,4439.py,py
4440,benign\4440.rb,,benign,4440.rb,rb
4441,benign\4441.c,,benign,4441.c,c
4442,benign\4442.html,,benign,4442.html,html
4443,benign\4443.php,,benign,4443.php,php
4444,benign\4444.py,,benign,4444.py,py
4445,benign\4445.rb,,benign,4445.rb,rb
4446,benign\4446.c,,benign,4446.c,c
4447,benign\4447.html,,benign,4447.html,html
4448,benign\4448.php,,benign,4448.php,php
4449,benign\4449.py,,benign,4449.py,py
4450,benign\4450.rb,,benign,4450.rb,rb
4451,benign\4451.c,,benign,4451.c,c
4452,benign\4452.html,,benign,4452.html,html
4453,benign\4453.php,,benign,4453.php,php
4454,benign\4454.py,,benign,4454.py,py
4455,benign\4455.rb,,benign,4455.rb,rb
4456,benign\4456.c,,benign,4456.c,c
4457,benign\4457.html,,benign,4457.html,html
4458,benign\4458.php,,benign,4458.php,php
4459,benign\4459.py,,benign,4459.py,py
4460,benign\4460.rb,,benign,4460.rb,rb
4461,benign\4461.c,,benign,4461.c,c
4462,benign\4462.html,,benign,4462.html,html
4463,benign\4463.php,,benign,4463.php,php
4464,benign\4464.py,,benign,4464.py,py
4465,benign\4465.rb,,benign,4465.rb,rb
4466,benign\4466.c,,benign,4466.c,c
4467,benign\4467.html,,benign,4467.html,html
4468,benign\4468.php,,benign,4468.php,php
4469,benign\4469.py,,benign,4469.py,py
4470,benign\4470.rb,,benign,4470.rb,rb
4471,benign\4471.c,,benign,4471.c,c
4472,benign\4472.html,,benign,4472.html,html
4473,benign\4473.php,,benign,4473.php,php
4474,benign\4474.py,,benign,4474.py,py
4475,benign\4475.rb,,benign,4475.rb,rb
4476,benign\4476.c,,benign,4476.c,c
4477,benign\4477.html,,benign,4477.html,html
4478,benign\4478.php,,benign,4478.php,php
4479,benign\4479.py,,benign,4479.py,py
4480,benign\4480.rb,,benign,4480.rb,rb
4481,benign\4481.c,,benign,4481.c,c
4482,benign\4482.html,,benign,4482.html,html
4483,benign\4483.php,,benign,4483.php,php
4484,benign\4484.py,,benign,4484.py,py
4485,benign\4485.rb,,benign,4485.rb,rb
4486,benign\4486.c,,benign,4486.c,c
4487,benign\4487.html,,benign,4487.html,html
4488,benign\4488.php,,benign,4488.php,php
4489,benign\4489.py,,benign,4489.py,py
4490,benign\4490.rb,,benign,4490.rb,rb
4491,benign\4491.c,,benign,4491.c,c
4492,benign\4492.html,,benign,4492.html,html
4493,benign\4493.php,,benign,4493.php,php
4494,benign\4494.py,,benign,4494.py,py
4495,benign\4495.rb,,benign,4495.rb,rb
4496,benign\4496.c,,benign,4496.c,c
4497,benign\4497.html,,benign,4497.html,html
4498,benign\4498.php,,benign,4498.php,php
4499,benign\4499.py,,benign,4499.py,py
4500,benign\4500.rb,,benign,4500.rb,rb
4501,benign\4501.c,,benign,4501.c,c
4502,benign\4502.html,,benign,4502.html,html
4503,benign\4503.php,,benign,4503.php,php
4504,benign\4504.py,,benign,4504.py,py
4505,benign\4505.rb,,benign,4505.rb,rb
4506,benign\4506.c,,benign,4506.c,c
4507,benign\4507.html,,benign,4507.html,html
4508,benign\4508.php,,benign,4508.php,php
4509,benign\4509.py,,benign,4509.py,py
4510,benign\4510.rb,,benign,4510.rb,rb
4511,benign\4511.c,,benign,4511.c,c
4512,benign\4512.html,,benign,4512.html,html
4513,benign\4513.php,,benign,4513.php,php
4514,benign\4514.py,,benign,4514.py,py
4515,benign\4515.rb,,benign,4515.rb,rb
4516,benign\4516.c,,benign,4516.c,c
4517,benign\4517.html,,benign,4517.html,html
4518,benign\4518.php,,benign,4518.php,php
4519,benign\4519.py,,benign,4519.py,py
4520,benign\4520.rb,,benign,4520.rb,rb
4521,benign\4521.c,,benign,4521.c,c
4522,benign\4522.html,,benign,4522.html,html
4523,benign\4523.php,,benign,4523.php,php
4524,benign\4524.py,,benign,4524.py,py
4525,benign\4525.rb,,benign,4525.rb,rb
4526,benign\4526.c,,benign,4526.c,c
4527,benign\4527.html,,benign,4527.html,html
4528,benign\4528.php,,benign,4528.php,php
4529,benign\4529.py,,benign,4529.py,py
4530,benign\4530.rb,,benign,4530.rb,rb
4531,benign\4531.c,,benign,4531.c,c
4532,benign\4532.html,,benign,4532.html,html
4533,benign\4533.php,,benign,4533.php,php
4534,benign\4534.py,,benign,4534.py,py
4535,benign\4535.rb,,benign,4535.rb,rb
4536,benign\4536.c,,benign,4536.c,c
4537,benign\4537.html,,benign,4537.html,html
4538,benign\4538.php,,benign,4538.php,php
4539,benign\4539.py,,benign,4539.py,py
4540,benign\4540.rb,,benign,4540.rb,rb
4541,benign\4541.c,,benign,4541.c,c
4542,benign\4542.html,,benign,4542.html,html
4543,benign\4543.php,,benign,4543.php,php
4544,benign\4544.py,,benign,4544.py,py
4545,benign\4545.rb,,benign,4545.rb,rb
4546,benign\4546.c,,benign,4546.c,c
4547,benign\4547.html,,benign,4547.html,html
4548,benign\4548.php,,benign,4548.php,php
4549,benign\4549.py,,benign,4549.py,py
4550,benign\4550.rb,,benign,4550.rb,rb
4551,benign\4551.c,,benign,4551.c,c
4552,benign\4552.html,,benign,4552.html,html
4553,benign\4553.php,,benign,4553.php,php
4554,benign\4554.py,,benign,4554.py,py
4555,benign\4555.rb,,benign,4555.rb,rb
4556,benign\4556.c,,benign,4556.c,c
4557,benign\4557.html,,benign,4557.html,html
4558,benign\4558.php,,benign,4558.php,php
4559,benign\4559.py,,benign,4559.py,py
4560,benign\4560.rb,,benign,4560.rb,rb
4561,benign\4561.c,,benign,4561.c,c
4562,benign\4562.html,,benign,4562.html,html
4563,benign\4563.php,,benign,4563.php,php
4564,benign\4564.py,,benign,4564.py,py
4565,benign\4565.rb,,benign,4565.rb,rb
4566,benign\4566.c,,benign,4566.c,c
4567,benign\4567.html,,benign,4567.html,html
4568,benign\4568.php,,benign,4568.php,php
4569,benign\4569.py,,benign,4569.py,py
4570,benign\4570.rb,,benign,4570.rb,rb
4571,benign\4571.c,,benign,4571.c,c
4572,benign\4572.html,,benign,4572.html,html
4573,benign\4573.php,,benign,4573.php,php
4574,benign\4574.py,,benign,4574.py,py
4575,benign\4575.rb,,benign,4575.rb,rb
4576,benign\4576.c,,benign,4576.c,c
4577,benign\4577.html,,benign,4577.html,html
4578,benign\4578.php,,benign,4578.php,php
4579,benign\4579.py,,benign,4579.py,py
4580,benign\4580.rb,,benign,4580.rb,rb
4581,benign\4581.c,,benign,4581.c,c
4582,benign\4582.html,,benign,4582.html,html
4583,benign\4583.php,,benign,4583.php,php
4584,benign\4584.py,,benign,4584.py,py
4585,benign\4585.rb,,benign,4585.rb,rb
4586,benign\4586.c,,benign,4586.c,c
4587,benign\4587.html,,benign,4587.html,html
4588,benign\4588.php,,benign,4588.php,php
4589,benign\4589.py,,benign,4589.py,py
4590,benign\4590.rb,,benign,4590.rb,rb
4591,benign\4591.c,,benign,4591.c,c
4592,benign\4592.html,,benign,4592.html,html
4593,benign\4593.php,,benign,4593.php,php
4594,benign\4594.py,,benign,4594.py,py
4595,benign\4595.rb,,benign,4595.rb,rb
4596,benign\4596.c,,benign,4596.c,c
4597,benign\4597.html,,benign,4597.html,html
4598,benign\4598.php,,benign,4598.php,php
4599,benign\4599.py,,benign,4599.py,py
4600,benign\4600.rb,,benign,4600.rb,rb
4601,benign\4601.c,,benign,4601.c,c
4602,benign\4602.html,,benign,4602.html,html
4603,benign\4603.php,,benign,4603.php,php
4604,benign\4604.py,,benign,4604.py,py
4605,benign\4605.rb,,benign,4605.rb,rb
4606,benign\4606.c,,benign,4606.c,c
4607,benign\4607.html,,benign,4607.html,html
4608,benign\4608.php,,benign,4608.php,php
4609,benign\4609.py,,benign,4609.py,py
4610,benign\4610.rb,,benign,4610.rb,rb
4611,benign\4611.c,,benign,4611.c,c
4612,benign\4612.html,,benign,4612.html,html
4613,benign\4613.php,,benign,4613.php,php
4614,benign\4614.py,,benign,4614.py,py
4615,benign\4615.rb,,benign,4615.rb,rb
4616,benign\4616.c,,benign,4616.c,c
4617,benign\4617.html,,benign,4617.html,html
4618,benign\4618.php,,benign,4618.php,php
4619,benign\4619.py,,benign,4619.py,py
4620,benign\4620.rb,,benign,4620.rb,rb
4621,benign\4621.c,,benign,4621.c,c
4622,benign\4622.html,,benign,4622.html,html
4623,benign\4623.php,,benign,4623.php,php
4624,benign\4624.py,,benign,4624.py,py
4625,benign\4625.rb,,benign,4625.rb,rb
4626,benign\4626.c,,benign,4626.c,c
4627,benign\4627.html,,benign,4627.html,html
4628,benign\4628.php,,benign,4628.php,php
4629,benign\4629.py,,benign,4629.py,py
4630,benign\4630.rb,,benign,4630.rb,rb
4631,benign\4631.c,,benign,4631.c,c
4632,benign\4632.html,,benign,4632.html,html
4633,benign\4633.php,,benign,4633.php,php
4634,benign\4634.py,,benign,4634.py,py
4635,benign\4635.rb,,benign,4635.rb,rb
4636,benign\4636.c,,benign,4636.c,c
4637,benign\4637.html,,benign,4637.html,html
4638,benign\4638.php,,benign,4638.php,php
4639,benign\4639.py,,benign,4639.py,py
4640,benign\4640.rb,,benign,4640.rb,rb
4641,benign\4641.c,,benign,4641.c,c
4642,benign\4642.html,,benign,4642.html,html
4643,benign\4643.php,,benign,4643.php,php
4644,benign\4644.py,,benign,4644.py,py
4645,benign\4645.rb,,benign,4645.rb,rb
4646,benign\4646.c,,benign,4646.c,c
4647,benign\4647.html,,benign,4647.html,html
4648,benign\4648.php,,benign,4648.php,php
4649,benign\4649.py,,benign,4649.py,py
4650,benign\4650.rb,,benign,4650.rb,rb
4651,benign\4651.c,,benign,4651.c,c
4652,benign\4652.html,,benign,4652.html,html
4653,benign\4653.php,,benign,4653.php,php
4654,benign\4654.py,,benign,4654.py,py
4655,benign\4655.rb,,benign,4655.rb,rb
4656,benign\4656.c,,benign,4656.c,c
4657,benign\4657.html,,benign,4657.html,html
4658,benign\4658.php,,benign,4658.php,php
4659,benign\4659.py,,benign,4659.py,py
4660,benign\4660.rb,,benign,4660.rb,rb
4661,benign\4661.c,,benign,4661.c,c
4662,benign\4662.html,,benign,4662.html,html
4663,benign\4663.php,,benign,4663.php,php
4664,benign\4664.py,,benign,4664.py,py
4665,benign\4665.rb,,benign,4665.rb,rb
4666,benign\4666.c,,benign,4666.c,c
4667,benign\4667.html,,benign,4667.html,html
4668,benign\4668.php,,benign,4668.php,php
4669,benign\4669.py,,benign,4669.py,py
4670,benign\4670.rb,,benign,4670.rb,rb
4671,benign\4671.c,,benign,4671.c,c
4672,benign\4672.html,,benign,4672.html,html
4673,benign\4673.php,,benign,4673.php,php
4674,benign\4674.py,,benign,4674.py,py
4675,benign\4675.rb,,benign,4675.rb,rb
4676,benign\4676.c,,benign,4676.c,c
4677,benign\4677.html,,benign,4677.html,html
4678,benign\4678.php,,benign,4678.php,php
4679,benign\4679.py,,benign,4679.py,py
4680,benign\4680.rb,,benign,4680.rb,rb
4681,benign\4681.c,,benign,4681.c,c
4682,benign\4682.html,,benign,4682.html,html
4683,benign\4683.php,,benign,4683.php,php
4684,benign\4684.py,,benign,4684.py,py
4685,benign\4685.rb,,benign,4685.rb,rb
4686,benign\4686.c,,benign,4686.c,c
4687,benign\4687.html,,benign,4687.html,html
4688,benign\4688.php,,benign,4688.php,php
4689,benign\4689.py,,benign,4689.py,py
4690,benign\4690.rb,,benign,4690.rb,rb
4691,benign\4691.c,,benign,4691.c,c
4692,benign\4692.html,,benign,4692.html,html
4693,benign\4693.php,,benign,4693.php,php
4694,benign\4694.py,,benign,4694.py,py
4695,benign\4695.rb,,benign,4695.rb,rb
4696,benign\4696.c,,benign,4696.c,c
4697,benign\4697.html,,benign,4697.html,html
4698,benign\4698.php,,benign,4698.php,php
4699,benign\4699.py,,benign,4699.py,py
4700,benign\4700.rb,,benign,4700.rb,rb
4701,benign\4701.c,,benign,4701.c,c
4702,benign\4702.html,,benign,4702.html,html
4703,benign\4703.php,,benign,4703.php,php
4704,benign\4704.py,,benign,4704.py,py
4705,benign\4705.rb,,benign,4705.rb,rb
4706,benign\4706.c,,benign,4706.c,c
4707,benign\4707.html,,benign,4707.html,html
4708,benign\4708.php,,benign,4708.php,php
4709,benign\4709.py,,benign,4709.py,py
4710,benign\4710.rb,,benign,4710.rb,rb
4711,benign\4711.c,,benign,4711.c,c
4712,benign\4712.html,,benign,4712.html,html
4713,benign\4713.php,,benign,4713.php,php
4714,benign\4714.py,,benign,4714.py,py
4715,benign\4715.rb,,benign,4715.rb,rb
4716,benign\4716.c,,benign,4716.c,c
4717,benign\4717.html,,benign,4717.html,html
4718,benign\4718.php,,benign,4718.php,php
4719,benign\4719.py,,benign,4719.py,py
4720,benign\4720.rb,,benign,4720.rb,rb
4721,benign\4721.c,,benign,4721.c,c
4722,benign\4722.html,,benign,4722.html,html
4723,benign\4723.php,,benign,4723.php,php
4724,benign\4724.py,,benign,4724.py,py
4725,benign\4725.rb,,benign,4725.rb,rb
4726,benign\4726.c,,benign,4726.c,c
4727,benign\4727.html,,benign,4727.html,html
4728,benign\4728.php,,benign,4728.php,php
4729,benign\4729.py,,benign,4729.py,py
4730,benign\4730.rb,,benign,4730.rb,rb
4731,benign\4731.c,,benign,4731.c,c
4732,benign\4732.html,,benign,4732.html,html
4733,benign\4733.php,,benign,4733.php,php
4734,benign\4734.py,,benign,4734.py,py
4735,benign\4735.rb,,benign,4735.rb,rb
4736,benign\4736.c,,benign,4736.c,c
4737,benign\4737.html,,benign,4737.html,html
4738,benign\4738.php,,benign,4738.php,php
4739,benign\4739.py,,benign,4739.py,py
4740,benign\4740.rb,,benign,4740.rb,rb
4741,benign\4741.c,,benign,4741.c,c
4742,benign\4742.html,,benign,4742.html,html
4743,benign\4743.php,,benign,4743.php,php
4744,benign\4744.py,,benign,4744.py,py
4745,benign\4745.rb,,benign,4745.rb,rb
4746,benign\4746.c,,benign,4746.c,c
4747,benign\4747.html,,benign,4747.html,html
4748,benign\4748.php,,benign,4748.php,php
4749,benign\4749.py,,benign,4749.py,py
4750,benign\4750.rb,,benign,4750.rb,rb
4751,benign\4751.c,,benign,4751.c,c
4752,benign\4752.html,,benign,4752.html,html
4753,benign\4753.php,,benign,4753.php,php
4754,benign\4754.py,,benign,4754.py,py
4755,benign\4755.rb,,benign,4755.rb,rb
4756,benign\4756.c,,benign,4756.c,c
4757,benign\4757.html,,benign,4757.html,html
4758,benign\4758.php,,benign,4758.php,php
4759,benign\4759.py,,benign,4759.py,py
4760,benign\4760.rb,,benign,4760.rb,rb
4761,benign\4761.c,,benign,4761.c,c
4762,benign\4762.html,,benign,4762.html,html
4763,benign\4763.php,,benign,4763.php,php
4764,benign\4764.py,,benign,4764.py,py
4765,benign\4765.rb,,benign,4765.rb,rb
4766,benign\4766.c,,benign,4766.c,c
4767,benign\4767.html,,benign,4767.html,html
4768,benign\4768.php,,benign,4768.php,php
4769,benign\4769.py,,benign,4769.py,py
4770,benign\4770.rb,,benign,4770.rb,rb
4771,benign\4771.c,,benign,4771.c,c
4772,benign\4772.html,,benign,4772.html,html
4773,benign\4773.php,,benign,4773.php,php
4774,benign\4774.py,,benign,4774.py,py
4775,benign\4775.rb,,benign,4775.rb,rb
4776,benign\4776.c,,benign,4776.c,c
4777,benign\4777.html,,benign,4777.html,html
4778,benign\4778.php,,benign,4778.php,php
4779,benign\4779.py,,benign,4779.py,py
4780,benign\4780.rb,,benign,4780.rb,rb
4781,benign\4781.c,,benign,4781.c,c
4782,benign\4782.html,,benign,4782.html,html
4783,benign\4783.php,,benign,4783.php,php
4784,benign\4784.py,,benign,4784.py,py
4785,benign\4785.rb,,benign,4785.rb,rb
4786,benign\4786.c,,benign,4786.c,c
4787,benign\4787.html,,benign,4787.html,html
4788,benign\4788.php,,benign,4788.php,php
4789,benign\4789.py,,benign,4789.py,py
4790,benign\4790.rb,,benign,4790.rb,rb
4791,benign\4791.c,,benign,4791.c,c
4792,benign\4792.html,,benign,4792.html,html
4793,benign\4793.php,,benign,4793.php,php
4794,benign\4794.py,,benign,4794.py,py
4795,benign\4795.rb,,benign,4795.rb,rb
4796,benign\4796.c,,benign,4796.c,c
4797,benign\4797.html,,benign,4797.html,html
4798,benign\4798.php,,benign,4798.php,php
4799,benign\4799.py,,benign,4799.py,py
4800,benign\4800.rb,,benign,4800.rb,rb
4801,benign\4801.c,,benign,4801.c,c
4802,benign\4802.html,,benign,4802.html,html
4803,benign\4803.php,,benign,4803.php,php
4804,benign\4804.py,,benign,4804.py,py
4805,benign\4805.rb,,benign,4805.rb,rb
4806,benign\4806.c,,benign,4806.c,c
4807,benign\4807.html,,benign,4807.html,html
4808,benign\4808.php,,benign,4808.php,php
4809,benign\4809.py,,benign,4809.py,py
4810,benign\4810.rb,,benign,4810.rb,rb
4811,benign\4811.c,,benign,4811.c,c
4812,benign\4812.html,,benign,4812.html,html
4813,benign\4813.php,,benign,4813.php,php
4814,benign\4814.py,,benign,4814.py,py
4815,benign\4815.rb,,benign,4815.rb,rb
4816,benign\4816.c,,benign,4816.c,c
4817,benign\4817.html,,benign,4817.html,html
4818,benign\4818.php,,benign,4818.php,php
4819,benign\4819.py,,benign,4819.py,py
4820,benign\4820.rb,,benign,4820.rb,rb
4821,benign\4821.c,,benign,4821.c,c
4822,benign\4822.html,,benign,4822.html,html
4823,benign\4823.php,,benign,4823.php,php
4824,benign\4824.py,,benign,4824.py,py
4825,benign\4825.rb,,benign,4825.rb,rb
4826,benign\4826.c,,benign,4826.c,c
4827,benign\4827.html,,benign,4827.html,html
4828,benign\4828.php,,benign,4828.php,php
4829,benign\4829.py,,benign,4829.py,py
4830,benign\4830.rb,,benign,4830.rb,rb
4831,benign\4831.c,,benign,4831.c,c
4832,benign\4832.html,,benign,4832.html,html
4833,benign\4833.php,,benign,4833.php,php
4834,benign\4834.py,,benign,4834.py,py
4835,benign\4835.rb,,benign,4835.rb,rb
4836,benign\4836.c,,benign,4836.c,c
4837,benign\4837.html,,benign,4837.html,html
4838,benign\4838.php,,benign,4838.php,php
4839,benign\4839.py,,benign,4839.py,py
4840,benign\4840.rb,,benign,4840.rb,rb
4841,benign\4841.c,,benign,4841.c,c
4842,benign\4842.html,,benign,4842.html,html
4843,benign\4843.php,,benign,4843.php,php
4844,benign\4844.py,,benign,4844.py,py
4845,benign\4845.rb,,benign,4845.rb,rb
4846,benign\4846.c,,benign,4846.c,c
4847,benign\4847.html,,benign,4847.html,html
4848,benign\4848.php,,benign,4848.php,php
4849,benign\4849.py,,benign,4849.py,py
4850,benign\4850.rb,,benign,4850.rb,rb
4851,benign\4851.c,,benign,4851.c,c
4852,benign\4852.html,,benign,4852.html,html
4853,benign\4853.php,,benign,4853.php,php
4854,benign\4854.py,,benign,4854.py,py
4855,benign\4855.rb,,benign,4855.rb,rb
4856,benign\4856.c,,benign,4856.c,c
4857,benign\4857.html,,benign,4857.html,html
4858,benign\4858.php,,benign,4858.php,php
4859,benign\4859.py,,benign,4859.py,py
4860,benign\4860.rb,,benign,4860.rb,rb
4861,benign\4861.c,,benign,4861.c,c
4862,benign\4862.html,,benign,4862.html,html
4863,benign\4863.php,,benign,4863.php,php
4864,benign\4864.py,,benign,4864.py,py
4865,benign\4865.rb,,benign,4865.rb,rb
4866,benign\4866.c,,benign,4866.c,c
4867,benign\4867.html,,benign,4867.html,html
4868,benign\4868.php,,benign,4868.php,php
4869,benign\4869.py,,benign,4869.py,py
4870,benign\4870.rb,,benign,4870.rb,rb
4871,benign\4871.c,,benign,4871.c,c
4872,benign\4872.html,,benign,4872.html,html
4873,benign\4873.php,,benign,4873.php,php
4874,benign\4874.py,,benign,4874.py,py
4875,benign\4875.rb,,benign,4875.rb,rb
4876,benign\4876.c,,benign,4876.c,c
4877,benign\4877.html,,benign,4877.html,html
4878,benign\4878.php,,benign,4878.php,php
4879,benign\4879.py,,benign,4879.py,py
4880,benign\4880.rb,,benign,4880.rb,rb
4881,benign\4881.c,,benign,4881.c,c
4882,benign\4882.html,,benign,4882.html,html
4883,benign\4883.php,,benign,4883.php,php
4884,benign\4884.py,,benign,4884.py,py
4885,benign\4885.rb,,benign,4885.rb,rb
4886,benign\4886.c,,benign,4886.c,c
4887,benign\4887.html,,benign,4887.html,html
4888,benign\4888.php,,benign,4888.php,php
4889,benign\4889.py,,benign,4889.py,py
4890,benign\4890.rb,,benign,4890.rb,rb
4891,benign\4891.c,,benign,4891.c,c
4892,benign\4892.html,,benign,4892.html,html
4893,benign\4893.php,,benign,4893.php,php
4894,benign\4894.py,,benign,4894.py,py
4895,benign\4895.rb,,benign,4895.rb,rb
4896,benign\4896.c,,benign,4896.c,c
4897,benign\4897.html,,benign,4897.html,html
4898,benign\4898.php,,benign,4898.php,php
4899,benign\4899.py,,benign,4899.py,py
4900,benign\4900.rb,,benign,4900.rb,rb
4901,benign\4901.c,,benign,4901.c,c
4902,benign\4902.html,,benign,4902.html,html
4903,benign\4903.php,,benign,4903.php,php
4904,benign\4904.py,,benign,4904.py,py
4905,benign\4905.rb,,benign,4905.rb,rb
4906,benign\4906.c,,benign,4906.c,c
4907,benign\4907.html,,benign,4907.html,html
4908,benign\4908.php,,benign,4908.php,php
4909,benign\4909.py,,benign,4909.py,py
4910,benign\4910.rb,,benign,4910.rb,rb
4911,benign\4911.c,,benign,4911.c,c
4912,benign\4912.html,,benign,4912.html,html
4913,benign\4913.php,,benign,4913.php,php
4914,benign\4914.py,,benign,4914.py,py
4915,benign\4915.rb,,benign,4915.rb,rb
4916,benign\4916.c,,benign,4916.c,c
4917,benign\4917.html,,benign,4917.html,html
4918,benign\4918.php,,benign,4918.php,php
4919,benign\4919.py,,benign,4919.py,py
4920,benign\4920.rb,,benign,4920.rb,rb
4921,benign\4921.c,,benign,4921.c,c
4922,benign\4922.html,,benign,4922.html,html
4923,benign\4923.php,,benign,4923.php,php
4924,benign\4924.py,,benign,4924.py,py
4925,benign\4925.rb,,benign,4925.rb,rb
4926,benign\4926.c,,benign,4926.c,c
4927,benign\4927.html,,benign,4927.html,html
4928,benign\4928.php,,benign,4928.php,php
4929,benign\4929.py,,benign,4929.py,py
4930,benign\4930.rb,,benign,4930.rb,rb
4931,benign\4931.c,,benign,4931.c,c
4932,benign\4932.html,,benign,4932.html,html
4933,benign\4933.php,,benign,4933.php,php
4934,benign\4934.py,,benign,4934.py,py
4935,benign\4935.rb,,benign,4935.rb,rb
4936,benign\4936.c,,benign,4936.c,c
4937,benign\4937.html,,benign,4937.html,html
4938,benign\4938.php,,benign,4938.php,php
4939,benign\4939.py,,benign,4939.py,py
4940,benign\4940.rb,,benign,4940.rb,rb
4941,benign\4941.c,,benign,4941.c,c
4942,benign\4942.html,,benign,4942.html,html
4943,benign\4943.php,,benign,4943.php,php
4944,benign\4944.py,,benign,4944.py,py
4945,benign\4945.rb,,benign,4945.rb,rb
4946,benign\4946.c,,benign,4946.c,c
4947,benign\4947.html,,benign,4947.html,html
4948,benign\4948.php,,benign,4948.php,php
4949,benign\4949.py,,benign,4949.py,py
4950,benign\4950.rb,,benign,4950.rb,rb
4951,benign\4951.c,,benign,4951.c,c
4952,benign\4952.html,,benign,4952.html,html
4953,benign\4953.php,,benign,4953.php,php
4954,benign\4954.py,,benign,4954.py,py
4955,benign\4955.rb,,benign,4955.rb,rb
4956,benign\4956.c,,benign,4956.c,c
4957,benign\4957.html,,benign,4957.html,html
4958,benign\4958.php,,benign,4958.php,php
4959,benign\4959.py,,benign,4959.py,py
4960,benign\4960.rb,,benign,4960.rb,rb
4961,benign\4961.c,,benign,4961.c,c
4962,benign\4962.html,,benign,4962.html,html
4963,benign\4963.php,,benign,4963.php,php
4964,benign\4964.py,,benign,4964.py,py
4965,benign\4965.rb,,benign,4965.rb,rb
4966,benign\4966.c,,benign,4966.c,c
4967,benign\4967.html,,benign,4967.html,html
4968,benign\4968.php,,benign,4968.php,php
4969,benign\4969.py,,benign,4969.py,py
4970,benign\4970.rb,,benign,4970.rb,rb
4971,benign\4971.c,,benign,4971.c,c
4972,benign\4972.html,,benign,4972.html,html
4973,benign\4973.php,,benign,4973.php,php
4974,benign\4974.py,,benign,4974.py,py
4975,benign\4975.rb,,benign,4975.rb,rb
4976,benign\4976.c,,benign,4976.c,c
4977,benign\4977.html,,benign,4977.html,html
4978,benign\4978.php,,benign,4978.php,php
4979,benign\4979.py,,benign,4979.py,py
4980,benign\4980.rb,,benign,4980.rb,rb
4981,benign\4981.c,,benign,4981.c,c
4982,benign\4982.html,,benign,4982.html,html
4983,benign\4983.php,,benign,4983.php,php
4984,benign\4984.py,,benign,4984.py,py
4985,benign\4985.rb,,benign,4985.rb,rb
4986,benign\4986.c,,benign,4986.c,c
4987,benign\4987.html,,benign,4987.html,html
4988,benign\4988.php,,benign,4988.php,php
4989,benign\4989.py,,benign,4989.py,py
4990,benign\4990.rb,,benign,4990.rb,rb
4991,benign\4991.c,,benign,4991.c,c
4992,benign\4992.html,,benign,4992.html,html
4993,benign\4993.php,,benign,4993.php,php
4994,benign\4994.py,,benign,4994.py,py
4995,benign\4995.rb,,benign,4995.rb,rb
4996,benign\4996.c,,benign,4996.c,c
4997,benign\4997.html,,benign,4997.html,html
4998,benign\4998.php,,benign,4998.php,php
4999,benign\4999.py,,benign,4999.py,py
5000,benign\5000.rb,,benign,5000.rb,rb
5001,overflow\5001.rb,aix,overflow,5001.rb,rb
5002,overflow\5002.rb,aix,overflow,5002.rb,rb
5003,overflow\5003.c,aix,overflow,5003.c,c
5004,overflow\5004.c,aix,overflow,5004.c,c
5005,overflow\5005.pl,aix,overflow,5005.pl,pl
5006,overflow\5006.c,aix,overflow,5006.c,c
5007,overflow\5007.c,aix,overflow,5007.c,c
5008,overflow\5008.c,aix,overflow,5008.c,c
5009,overflow\5009.rb,aix,overflow,5009.rb,rb
5010,overflow\5010.pl,aix,overflow,5010.pl,pl
5011,overflow\5011.c,aix,overflow,5011.c,c
5012,overflow\5012.c,aix,overflow,5012.c,c
5013,overflow\5013.c,aix,overflow,5013.c,c
5014,overflow\5014.c,aix,overflow,5014.c,c
5015,overflow\5015.c,aix,overflow,5015.c,c
5016,overflow\5016.c,aix,overflow,5016.c,c
5017,overflow\5017.c,aix,overflow,5017.c,c
5018,overflow\5018.c,aix,overflow,5018.c,c
5019,overflow\5019.c,aix,overflow,5019.c,c
5020,overflow\5020.pl,aix,overflow,5020.pl,pl
5021,overflow\5021.pl,aix,overflow,5021.pl,pl
5022,overflow\5022.c,aix,overflow,5022.c,c
5023,overflow\5023.c,aix,overflow,5023.c,c
5024,overflow\5024.c,aix,overflow,5024.c,c
5025,overflow\5025.c,aix,overflow,5025.c,c
5026,overflow\5026.pl,aix,overflow,5026.pl,pl
5027,overflow\5027.rb,aix,overflow,5027.rb,rb
5028,denial of service\5028.c,android,denial of service,5028.c,c
5029,denial of service\5029.py,android,denial of service,5029.py,py
5030,file path\5030.py,android,file path,5030.py,py
5031,denial of service\5031.py,android,denial of service,5031.py,py
5032,denial of service\5032.py,android,denial of service,5032.py,py
5033,denial of service\5033.py,android,denial of service,5033.py,py
5034,overflow\5034.html,android,overflow,5034.html,html
5035,overflow\5035.py,android,overflow,5035.py,py
5036,denial of service\5036.c,android,denial of service,5036.c,c
5037,overflow\5037.c,android,overflow,5037.c,c
5038,denial of service\5038.py,android,denial of service,5038.py,py
5039,denial of service\5039.py,android,denial of service,5039.py,py
5040,denial of service\5040.py,android,denial of service,5040.py,py
5041,overflow\5041.py,android,overflow,5041.py,py
5042,overflow\5042.rb,android,overflow,5042.rb,rb
5043,file path\5043.py,android,file path,5043.py,py
5044,overflow\5044.rb,arm,overflow,5044.rb,rb
5045,overflow\5045.py,asp,overflow,5045.py,py
5046,injection\5046.html,asp,injection,5046.html,html
5047,injection\5047.html,asp,injection,5047.html,html
5048,injection\5048.html,asp,injection,5048.html,html
5049,injection\5049.html,asp,injection,5049.html,html
5050,injection\5050.html,asp,injection,5050.html,html
5051,injection\5051.pl,asp,injection,5051.pl,pl
5052,injection\5052.pl,asp,injection,5052.pl,pl
5053,injection\5053.pl,asp,injection,5053.pl,pl
5054,injection\5054.pl,asp,injection,5054.pl,pl
5055,injection\5055.pl,asp,injection,5055.pl,pl
5056,injection\5056.html,asp,injection,5056.html,html
5057,injection\5057.pl,asp,injection,5057.pl,pl
5058,injection\5058.pl,asp,injection,5058.pl,pl
5059,injection\5059.pl,asp,injection,5059.pl,pl
5060,injection\5060.pl,asp,injection,5060.pl,pl
5061,injection\5061.pl,asp,injection,5061.pl,pl
5062,injection\5062.pl,asp,injection,5062.pl,pl
5063,injection\5063.html,asp,injection,5063.html,html
5064,injection\5064.pl,asp,injection,5064.pl,pl
5065,injection\5065.pl,asp,injection,5065.pl,pl
5066,injection\5066.pl,asp,injection,5066.pl,pl
5067,injection\5067.html,asp,injection,5067.html,html
5068,injection\5068.pl,asp,injection,5068.pl,pl
5069,injection\5069.pl,asp,injection,5069.pl,pl
5070,injection\5070.pl,asp,injection,5070.pl,pl
5071,injection\5071.html,asp,injection,5071.html,html
5072,injection\5072.pl,asp,injection,5072.pl,pl
5073,injection\5073.pl,asp,injection,5073.pl,pl
5074,injection\5074.pl,asp,injection,5074.pl,pl
5075,injection\5075.html,asp,injection,5075.html,html
5076,injection\5076.pl,asp,injection,5076.pl,pl
5077,injection\5077.pl,asp,injection,5077.pl,pl
5078,injection\5078.html,asp,injection,5078.html,html
5079,injection\5079.pl,asp,injection,5079.pl,pl
5080,injection\5080.html,asp,injection,5080.html,html
5081,injection\5081.pl,asp,injection,5081.pl,pl
5082,injection\5082.pl,asp,injection,5082.pl,pl
5083,injection\5083.pl,asp,injection,5083.pl,pl
5084,injection\5084.pl,asp,injection,5084.pl,pl
5085,injection\5085.html,asp,injection,5085.html,html
5086,injection\5086.pl,asp,injection,5086.pl,pl
5087,injection\5087.pl,asp,injection,5087.pl,pl
5088,injection\5088.pl,asp,injection,5088.pl,pl
5089,injection\5089.pl,asp,injection,5089.pl,pl
5090,injection\5090.pl,asp,injection,5090.pl,pl
5091,injection\5091.pl,asp,injection,5091.pl,pl
5092,injection\5092.py,asp,injection,5092.py,py
5093,injection\5093.pl,asp,injection,5093.pl,pl
5094,injection\5094.pl,asp,injection,5094.pl,pl
5095,file path\5095.pl,asp,file path,5095.pl,pl
5096,injection\5096.py,asp,injection,5096.py,py
5097,injection\5097.pl,asp,injection,5097.pl,pl
5098,injection\5098.py,asp,injection,5098.py,py
5099,injection\5099.html,asp,injection,5099.html,html
5100,injection\5100.php,asp,injection,5100.php,php
5101,injection\5101.html,asp,injection,5101.html,html
5102,injection\5102.pl,asp,injection,5102.pl,pl
5103,injection\5103.pl,asp,injection,5103.pl,pl
5104,injection\5104.pl,asp,injection,5104.pl,pl
5105,injection\5105.html,asp,injection,5105.html,html
5106,injection\5106.pl,asp,injection,5106.pl,pl
5107,injection\5107.pl,asp,injection,5107.pl,pl
5108,injection\5108.pl,asp,injection,5108.pl,pl
5109,injection\5109.pl,asp,injection,5109.pl,pl
5110,injection\5110.html,asp,injection,5110.html,html
5111,injection\5111.html,asp,injection,5111.html,html
5112,injection\5112.pl,asp,injection,5112.pl,pl
5113,injection\5113.py,asp,injection,5113.py,py
5114,file path\5114.py,aspx,file path,5114.py,py
5115,file path\5115.py,aspx,file path,5115.py,py
5116,file path\5116.py,aspx,file path,5116.py,py
5117,file path\5117.py,aspx,file path,5117.py,py
5118,denial of service\5118.c,bsd,denial of service,5118.c,c
5119,overflow\5119.c,bsd,overflow,5119.c,c
5120,denial of service\5120.c,bsd,denial of service,5120.c,c
5121,denial of service\5121.c,bsd,denial of service,5121.c,c
5122,denial of service\5122.c,bsd,denial of service,5122.c,c
5123,denial of service\5123.c,bsd,denial of service,5123.c,c
5124,denial of service\5124.c,bsd,denial of service,5124.c,c
5125,denial of service\5125.c,bsd,denial of service,5125.c,c
5126,denial of service\5126.pl,bsd,denial of service,5126.pl,pl
5127,denial of service\5127.c,bsd,denial of service,5127.c,c
5128,denial of service\5128.c,bsd,denial of service,5128.c,c
5129,denial of service\5129.c,bsd,denial of service,5129.c,c
5130,denial of service\5130.c,bsd,denial of service,5130.c,c
5131,denial of service\5131.c,bsd,denial of service,5131.c,c
5132,denial of service\5132.c,bsd,denial of service,5132.c,c
5133,overflow\5133.pl,bsd,overflow,5133.pl,pl
5134,denial of service\5134.c,bsd,denial of service,5134.c,c
5135,denial of service\5135.c,bsd,denial of service,5135.c,c
5136,denial of service\5136.c,bsd,denial of service,5136.c,c
5137,denial of service\5137.c,bsd,denial of service,5137.c,c
5138,denial of service\5138.c,bsd,denial of service,5138.c,c
5139,denial of service\5139.c,bsd,denial of service,5139.c,c
5140,overflow\5140.c,bsd,overflow,5140.c,c
5141,overflow\5141.c,bsd,overflow,5141.c,c
5142,overflow\5142.c,bsd,overflow,5142.c,c
5143,overflow\5143.c,bsd,overflow,5143.c,c
5144,overflow\5144.c,bsd,overflow,5144.c,c
5145,overflow\5145.c,bsd,overflow,5145.c,c
5146,overflow\5146.c,bsd,overflow,5146.c,c
5147,overflow\5147.c,bsd,overflow,5147.c,c
5148,overflow\5148.pl,bsd,overflow,5148.pl,pl
5149,overflow\5149.c,bsd,overflow,5149.c,c
5150,overflow\5150.c,bsd,overflow,5150.c,c
5151,overflow\5151.c,bsd,overflow,5151.c,c
5152,overflow\5152.rb,bsd,overflow,5152.rb,rb
5153,overflow\5153.c,bsd,overflow,5153.c,c
5154,overflow\5154.pl,bsd,overflow,5154.pl,pl
5155,overflow\5155.rb,bsd,overflow,5155.rb,rb
5156,overflow\5156.c,bsd,overflow,5156.c,c
5157,overflow\5157.c,bsd,overflow,5157.c,c
5158,overflow\5158.c,bsd,overflow,5158.c,c
5159,overflow\5159.rb,bsd,overflow,5159.rb,rb
5160,overflow\5160.rb,bsd_x86,overflow,5160.rb,rb
5161,injection\5161.py,cfm,injection,5161.py,py
5162,denial of service\5162.pl,cgi,denial of service,5162.pl,pl
5163,denial of service\5163.pl,cgi,denial of service,5163.pl,pl
5164,denial of service\5164.pl,cgi,denial of service,5164.pl,pl
5165,denial of service\5165.pl,cgi,denial of service,5165.pl,pl
5166,denial of service\5166.c,cgi,denial of service,5166.c,c
5167,injection\5167.rb,cgi,injection,5167.rb,rb
5168,overflow\5168.c,cgi,overflow,5168.c,c
5169,injection\5169.rb,cgi,injection,5169.rb,rb
5170,overflow\5170.c,cgi,overflow,5170.c,c
5171,injection\5171.py,cgi,injection,5171.py,py
5172,overflow\5172.pl,cgi,overflow,5172.pl,pl
5173,injection\5173.rb,cgi,injection,5173.rb,rb
5174,overflow\5174.rb,cgi,overflow,5174.rb,rb
5175,overflow\5175.rb,cgi,overflow,5175.rb,rb
5176,overflow\5176.rb,cgi,overflow,5176.rb,rb
5177,injection\5177.rb,cgi,injection,5177.rb,rb
5178,overflow\5178.c,cgi,overflow,5178.c,c
5179,injection\5179.py,cgi,injection,5179.py,py
5180,overflow\5180.rb,cgi,overflow,5180.rb,rb
5181,overflow\5181.rb,cgi,overflow,5181.rb,rb
5182,overflow\5182.pl,cgi,overflow,5182.pl,pl
5183,overflow\5183.pl,cgi,overflow,5183.pl,pl
5184,injection\5184.rb,cgi,injection,5184.rb,rb
5185,injection\5185.rb,cgi,injection,5185.rb,rb
5186,overflow\5186.c,cgi,overflow,5186.c,c
5187,overflow\5187.pl,cgi,overflow,5187.pl,pl
5188,file path\5188.pl,cgi,file path,5188.pl,pl
5189,overflow\5189.pl,cgi,overflow,5189.pl,pl
5190,injection\5190.rb,cgi,injection,5190.rb,rb
5191,injection\5191.rb,cgi,injection,5191.rb,rb
5192,injection\5192.rb,cgi,injection,5192.rb,rb
5193,injection\5193.py,cgi,injection,5193.py,py
5194,injection\5194.rb,cgi,injection,5194.rb,rb
5195,injection\5195.rb,cgi,injection,5195.rb,rb
5196,injection\5196.rb,cgi,injection,5196.rb,rb
5197,injection\5197.rb,cgi,injection,5197.rb,rb
5198,injection\5198.rb,cgi,injection,5198.rb,rb
5199,injection\5199.py,cgi,injection,5199.py,py
5200,injection\5200.py,cgi,injection,5200.py,py
5201,injection\5201.pl,cgi,injection,5201.pl,pl
5202,injection\5202.pl,cgi,injection,5202.pl,pl
5203,injection\5203.pl,cgi,injection,5203.pl,pl
5204,injection\5204.pl,cgi,injection,5204.pl,pl
5205,injection\5205.rb,cgi,injection,5205.rb,rb
5206,injection\5206.rb,cgi,injection,5206.rb,rb
5207,file path\5207.py,cgi,file path,5207.py,py
5208,injection\5208.pl,cgi,injection,5208.pl,pl
5209,file path\5209.html,cgi,file path,5209.html,html
5210,injection\5210.rb,cgi,injection,5210.rb,rb
5211,injection\5211.rb,cgi,injection,5211.rb,rb
5212,file path\5212.pl,cgi,file path,5212.pl,pl
5213,file path\5213.py,cgi,file path,5213.py,py
5214,file path\5214.rb,cgi,file path,5214.rb,rb
5215,denial of service\5215.c,freebsd,denial of service,5215.c,c
5216,denial of service\5216.c,freebsd,denial of service,5216.c,c
5217,denial of service\5217.c,freebsd,denial of service,5217.c,c
5218,denial of service\5218.c,freebsd,denial of service,5218.c,c
5219,denial of service\5219.c,freebsd,denial of service,5219.c,c
5220,denial of service\5220.c,freebsd,denial of service,5220.c,c
5221,denial of service\5221.c,freebsd,denial of service,5221.c,c
5222,denial of service\5222.c,freebsd,denial of service,5222.c,c
5223,denial of service\5223.c,freebsd,denial of service,5223.c,c
5224,denial of service\5224.c,freebsd,denial of service,5224.c,c
5225,denial of service\5225.c,freebsd,denial of service,5225.c,c
5226,denial of service\5226.c,freebsd,denial of service,5226.c,c
5227,overflow\5227.pl,freebsd,overflow,5227.pl,pl
5228,denial of service\5228.c,freebsd,denial of service,5228.c,c
5229,overflow\5229.c,freebsd,overflow,5229.c,c
5230,overflow\5230.c,freebsd,overflow,5230.c,c
5231,overflow\5231.c,freebsd,overflow,5231.c,c
5232,overflow\5232.c,freebsd,overflow,5232.c,c
5233,overflow\5233.pl,freebsd,overflow,5233.pl,pl
5234,overflow\5234.pl,freebsd,overflow,5234.pl,pl
5235,overflow\5235.c,freebsd,overflow,5235.c,c
5236,overflow\5236.c,freebsd,overflow,5236.c,c
5237,overflow\5237.c,freebsd,overflow,5237.c,c
5238,overflow\5238.c,freebsd,overflow,5238.c,c
5239,overflow\5239.pl,freebsd,overflow,5239.pl,pl
5240,overflow\5240.c,freebsd,overflow,5240.c,c
5241,overflow\5241.pl,freebsd,overflow,5241.pl,pl
5242,overflow\5242.pl,freebsd,overflow,5242.pl,pl
5243,overflow\5243.pl,freebsd,overflow,5243.pl,pl
5244,overflow\5244.pl,freebsd,overflow,5244.pl,pl
5245,overflow\5245.pl,freebsd,overflow,5245.pl,pl
5246,overflow\5246.pl,freebsd,overflow,5246.pl,pl
5247,overflow\5247.pl,freebsd,overflow,5247.pl,pl
5248,overflow\5248.c,freebsd,overflow,5248.c,c
5249,overflow\5249.pl,freebsd,overflow,5249.pl,pl
5250,injection\5250.rb,freebsd,injection,5250.rb,rb
5251,overflow\5251.c,freebsd_x86-64,overflow,5251.c,c
5252,overflow\5252.c,freebsd_x86-64,overflow,5252.c,c
5253,file path\5253.py,go,file path,5253.py,py
5254,denial of service\5254.py,hardware,denial of service,5254.py,py
5255,denial of service\5255.c,hardware,denial of service,5255.c,c
5256,denial of service\5256.c,hardware,denial of service,5256.c,c
5257,denial of service\5257.rb,hardware,denial of service,5257.rb,rb
5258,denial of service\5258.rb,hardware,denial of service,5258.rb,rb
5259,denial of service\5259.c,hardware,denial of service,5259.c,c
5260,denial of service\5260.py,hardware,denial of service,5260.py,py
5261,denial of service\5261.pl,hardware,denial of service,5261.pl,pl
5262,denial of service\5262.py,hardware,denial of service,5262.py,py
5263,denial of service\5263.pl,hardware,denial of service,5263.pl,pl
5264,denial of service\5264.html,hardware,denial of service,5264.html,html
5265,denial of service\5265.html,hardware,denial of service,5265.html,html
5266,denial of service\5266.py,hardware,denial of service,5266.py,py
5267,denial of service\5267.c,hardware,denial of service,5267.c,c
5268,denial of service\5268.c,hardware,denial of service,5268.c,c
5269,denial of service\5269.pl,hardware,denial of service,5269.pl,pl
5270,denial of service\5270.pl,hardware,denial of service,5270.pl,pl
5271,denial of service\5271.py,hardware,denial of service,5271.py,py
5272,denial of service\5272.py,hardware,denial of service,5272.py,py
5273,denial of service\5273.c,hardware,denial of service,5273.c,c
5274,denial of service\5274.c,hardware,denial of service,5274.c,c
5275,denial of service\5275.c,hardware,denial of service,5275.c,c
5276,denial of service\5276.pl,hardware,denial of service,5276.pl,pl
5277,denial of service\5277.c,hardware,denial of service,5277.c,c
5278,denial of service\5278.pl,hardware,denial of service,5278.pl,pl
5279,denial of service\5279.pl,hardware,denial of service,5279.pl,pl
5280,denial of service\5280.pl,hardware,denial of service,5280.pl,pl
5281,denial of service\5281.c,hardware,denial of service,5281.c,c
5282,denial of service\5282.c,hardware,denial of service,5282.c,c
5283,overflow\5283.c,hardware,overflow,5283.c,c
5284,denial of service\5284.c,hardware,denial of service,5284.c,c
5285,denial of service\5285.pl,hardware,denial of service,5285.pl,pl
5286,denial of service\5286.pl,hardware,denial of service,5286.pl,pl
5287,denial of service\5287.pl,hardware,denial of service,5287.pl,pl
5288,denial of service\5288.pl,hardware,denial of service,5288.pl,pl
5289,denial of service\5289.pl,hardware,denial of service,5289.pl,pl
5290,denial of service\5290.pl,hardware,denial of service,5290.pl,pl
5291,denial of service\5291.pl,hardware,denial of service,5291.pl,pl
5292,denial of service\5292.pl,hardware,denial of service,5292.pl,pl
5293,denial of service\5293.pl,hardware,denial of service,5293.pl,pl
5294,denial of service\5294.c,hardware,denial of service,5294.c,c
5295,denial of service\5295.rb,hardware,denial of service,5295.rb,rb
5296,denial of service\5296.py,hardware,denial of service,5296.py,py
5297,denial of service\5297.py,hardware,denial of service,5297.py,py
5298,denial of service\5298.c,hardware,denial of service,5298.c,c
5299,denial of service\5299.c,hardware,denial of service,5299.c,c
5300,denial of service\5300.pl,hardware,denial of service,5300.pl,pl
5301,denial of service\5301.py,hardware,denial of service,5301.py,py
5302,denial of service\5302.c,hardware,denial of service,5302.c,c
5303,denial of service\5303.c,hardware,denial of service,5303.c,c
5304,overflow\5304.pl,hardware,overflow,5304.pl,pl
5305,denial of service\5305.c,hardware,denial of service,5305.c,c
5306,overflow\5306.py,hardware,overflow,5306.py,py
5307,denial of service\5307.py,hardware,denial of service,5307.py,py
5308,overflow\5308.py,hardware,overflow,5308.py,py
5309,denial of service\5309.py,hardware,denial of service,5309.py,py
5310,denial of service\5310.py,hardware,denial of service,5310.py,py
5311,denial of service\5311.pl,hardware,denial of service,5311.pl,pl
5312,denial of service\5312.pl,hardware,denial of service,5312.pl,pl
5313,denial of service\5313.pl,hardware,denial of service,5313.pl,pl
5314,denial of service\5314.c,hardware,denial of service,5314.c,c
5315,overflow\5315.py,hardware,overflow,5315.py,py
5316,overflow\5316.py,hardware,overflow,5316.py,py
5317,denial of service\5317.py,hardware,denial of service,5317.py,py
5318,denial of service\5318.pl,hardware,denial of service,5318.pl,pl
5319,denial of service\5319.py,hardware,denial of service,5319.py,py
5320,denial of service\5320.pl,hardware,denial of service,5320.pl,pl
5321,denial of service\5321.pl,hardware,denial of service,5321.pl,pl
5322,denial of service\5322.pl,hardware,denial of service,5322.pl,pl
5323,overflow\5323.py,hardware,overflow,5323.py,py
5324,denial of service\5324.pl,hardware,denial of service,5324.pl,pl
5325,denial of service\5325.pl,hardware,denial of service,5325.pl,pl
5326,denial of service\5326.php,hardware,denial of service,5326.php,php
5327,denial of service\5327.py,hardware,denial of service,5327.py,py
5328,denial of service\5328.c,hardware,denial of service,5328.c,c
5329,denial of service\5329.pl,hardware,denial of service,5329.pl,pl
5330,denial of service\5330.pl,hardware,denial of service,5330.pl,pl
5331,denial of service\5331.c,hardware,denial of service,5331.c,c
5332,denial of service\5332.c,hardware,denial of service,5332.c,c
5333,denial of service\5333.py,hardware,denial of service,5333.py,py
5334,denial of service\5334.pl,hardware,denial of service,5334.pl,pl
5335,denial of service\5335.c,hardware,denial of service,5335.c,c
5336,denial of service\5336.pl,hardware,denial of service,5336.pl,pl
5337,overflow\5337.pl,hardware,overflow,5337.pl,pl
5338,denial of service\5338.pl,hardware,denial of service,5338.pl,pl
5339,denial of service\5339.py,hardware,denial of service,5339.py,py
5340,denial of service\5340.c,hardware,denial of service,5340.c,c
5341,denial of service\5341.py,hardware,denial of service,5341.py,py
5342,denial of service\5342.py,hardware,denial of service,5342.py,py
5343,overflow\5343.py,hardware,overflow,5343.py,py
5344,denial of service\5344.c,hardware,denial of service,5344.c,c
5345,denial of service\5345.html,hardware,denial of service,5345.html,html
5346,denial of service\5346.c,hardware,denial of service,5346.c,c
5347,denial of service\5347.pl,hardware,denial of service,5347.pl,pl
5348,denial of service\5348.py,hardware,denial of service,5348.py,py
5349,denial of service\5349.py,hardware,denial of service,5349.py,py
5350,denial of service\5350.py,hardware,denial of service,5350.py,py
5351,denial of service\5351.c,hardware,denial of service,5351.c,c
5352,denial of service\5352.pl,hardware,denial of service,5352.pl,pl
5353,denial of service\5353.py,hardware,denial of service,5353.py,py
5354,denial of service\5354.py,hardware,denial of service,5354.py,py
5355,denial of service\5355.py,hardware,denial of service,5355.py,py
5356,denial of service\5356.c,hardware,denial of service,5356.c,c
5357,denial of service\5357.c,hardware,denial of service,5357.c,c
5358,denial of service\5358.py,hardware,denial of service,5358.py,py
5359,denial of service\5359.pl,hardware,denial of service,5359.pl,pl
5360,denial of service\5360.py,hardware,denial of service,5360.py,py
5361,denial of service\5361.rb,hardware,denial of service,5361.rb,rb
5362,denial of service\5362.php,hardware,denial of service,5362.php,php
5363,denial of service\5363.py,hardware,denial of service,5363.py,py
5364,denial of service\5364.py,hardware,denial of service,5364.py,py
5365,overflow\5365.pl,hardware,overflow,5365.pl,pl
5366,denial of service\5366.pl,hardware,denial of service,5366.pl,pl
5367,denial of service\5367.py,hardware,denial of service,5367.py,py
5368,denial of service\5368.c,hardware,denial of service,5368.c,c
5369,denial of service\5369.pl,hardware,denial of service,5369.pl,pl
5370,denial of service\5370.c,hardware,denial of service,5370.c,c
5371,denial of service\5371.py,hardware,denial of service,5371.py,py
5372,denial of service\5372.c,hardware,denial of service,5372.c,c
5373,denial of service\5373.pl,hardware,denial of service,5373.pl,pl
5374,denial of service\5374.pl,hardware,denial of service,5374.pl,pl
5375,denial of service\5375.pl,hardware,denial of service,5375.pl,pl
5376,denial of service\5376.py,hardware,denial of service,5376.py,py
5377,denial of service\5377.py,hardware,denial of service,5377.py,py
5378,denial of service\5378.py,hardware,denial of service,5378.py,py
5379,overflow\5379.py,hardware,overflow,5379.py,py
5380,denial of service\5380.py,hardware,denial of service,5380.py,py
5381,denial of service\5381.py,hardware,denial of service,5381.py,py
5382,denial of service\5382.py,hardware,denial of service,5382.py,py
5383,denial of service\5383.c,hardware,denial of service,5383.c,c
5384,denial of service\5384.py,hardware,denial of service,5384.py,py
5385,denial of service\5385.pl,hardware,denial of service,5385.pl,pl
5386,denial of service\5386.rb,hardware,denial of service,5386.rb,rb
5387,denial of service\5387.py,hardware,denial of service,5387.py,py
5388,denial of service\5388.pl,hardware,denial of service,5388.pl,pl
5389,denial of service\5389.py,hardware,denial of service,5389.py,py
5390,overflow\5390.pl,hardware,overflow,5390.pl,pl
5391,denial of service\5391.py,hardware,denial of service,5391.py,py
5392,denial of service\5392.php,hardware,denial of service,5392.php,php
5393,denial of service\5393.c,hardware,denial of service,5393.c,c
5394,overflow\5394.rb,hardware,overflow,5394.rb,rb
5395,overflow\5395.py,hardware,overflow,5395.py,py
5396,overflow\5396.rb,hardware,overflow,5396.rb,rb
5397,overflow\5397.rb,hardware,overflow,5397.rb,rb
5398,overflow\5398.py,hardware,overflow,5398.py,py
5399,file path\5399.py,hardware,file path,5399.py,py
5400,overflow\5400.py,hardware,overflow,5400.py,py
5401,injection\5401.html,hardware,injection,5401.html,html
5402,denial of service\5402.py,hardware,denial of service,5402.py,py
5403,injection\5403.html,hardware,injection,5403.html,html
5404,overflow\5404.py,hardware,overflow,5404.py,py
5405,overflow\5405.pl,hardware,overflow,5405.pl,pl
5406,overflow\5406.c,hardware,overflow,5406.c,c
5407,overflow\5407.c,hardware,overflow,5407.c,c
5408,overflow\5408.py,hardware,overflow,5408.py,py
5409,injection\5409.py,hardware,injection,5409.py,py
5410,overflow\5410.py,hardware,overflow,5410.py,py
5411,overflow\5411.rb,hardware,overflow,5411.rb,rb
5412,overflow\5412.rb,hardware,overflow,5412.rb,rb
5413,overflow\5413.rb,hardware,overflow,5413.rb,rb
5414,injection\5414.rb,hardware,injection,5414.rb,rb
5415,overflow\5415.rb,hardware,overflow,5415.rb,rb
5416,injection\5416.rb,hardware,injection,5416.rb,rb
5417,injection\5417.rb,hardware,injection,5417.rb,rb
5418,overflow\5418.rb,hardware,overflow,5418.rb,rb
5419,overflow\5419.rb,hardware,overflow,5419.rb,rb
5420,injection\5420.html,hardware,injection,5420.html,html
5421,injection\5421.rb,hardware,injection,5421.rb,rb
5422,injection\5422.py,hardware,injection,5422.py,py
5423,injection\5423.py,hardware,injection,5423.py,py
5424,overflow\5424.py,hardware,overflow,5424.py,py
5425,injection\5425.html,hardware,injection,5425.html,html
5426,injection\5426.rb,hardware,injection,5426.rb,rb
5427,injection\5427.py,hardware,injection,5427.py,py
5428,overflow\5428.py,hardware,overflow,5428.py,py
5429,file path\5429.rb,hardware,file path,5429.rb,rb
5430,injection\5430.rb,hardware,injection,5430.rb,rb
5431,file path\5431.py,hardware,file path,5431.py,py
5432,file path\5432.py,hardware,file path,5432.py,py
5433,overflow\5433.rb,hardware,overflow,5433.rb,rb
5434,file path\5434.py,hardware,file path,5434.py,py
5435,file path\5435.py,hardware,file path,5435.py,py
5436,injection\5436.rb,hardware,injection,5436.rb,rb
5437,injection\5437.rb,hardware,injection,5437.rb,rb
5438,overflow\5438.rb,hardware,overflow,5438.rb,rb
5439,overflow\5439.py,hardware,overflow,5439.py,py
5440,injection\5440.py,hardware,injection,5440.py,py
5441,injection\5441.py,hardware,injection,5441.py,py
5442,overflow\5442.rb,hardware,overflow,5442.rb,rb
5443,overflow\5443.rb,hardware,overflow,5443.rb,rb
5444,overflow\5444.py,hardware,overflow,5444.py,py
5445,overflow\5445.py,hardware,overflow,5445.py,py
5446,injection\5446.rb,hardware,injection,5446.rb,rb
5447,injection\5447.rb,hardware,injection,5447.rb,rb
5448,injection\5448.py,hardware,injection,5448.py,py
5449,injection\5449.py,hardware,injection,5449.py,py
5450,overflow\5450.py,hardware,overflow,5450.py,py
5451,overflow\5451.rb,hardware,overflow,5451.rb,rb
5452,injection\5452.py,hardware,injection,5452.py,py
5453,injection\5453.py,hardware,injection,5453.py,py
5454,injection\5454.py,hardware,injection,5454.py,py
5455,overflow\5455.py,hardware,overflow,5455.py,py
5456,injection\5456.py,hardware,injection,5456.py,py
5457,overflow\5457.pl,hardware,overflow,5457.pl,pl
5458,injection\5458.rb,hardware,injection,5458.rb,rb
5459,overflow\5459.py,hardware,overflow,5459.py,py
5460,injection\5460.html,hardware,injection,5460.html,html
5461,injection\5461.py,hardware,injection,5461.py,py
5462,injection\5462.html,hardware,injection,5462.html,html
5463,injection\5463.rb,hardware,injection,5463.rb,rb
5464,file path\5464.py,hardware,file path,5464.py,py
5465,file path\5465.py,hardware,file path,5465.py,py
5466,file path\5466.rb,hardware,file path,5466.rb,rb
5467,file path\5467.py,hardware,file path,5467.py,py
5468,file path\5468.rb,hardware,file path,5468.rb,rb
5469,injection\5469.py,hardware,injection,5469.py,py
5470,injection\5470.pl,hardware,injection,5470.pl,pl
5471,injection\5471.pl,hardware,injection,5471.pl,pl
5472,injection\5472.pl,hardware,injection,5472.pl,pl
5473,injection\5473.pl,hardware,injection,5473.pl,pl
5474,injection\5474.pl,hardware,injection,5474.pl,pl
5475,file path\5475.py,hardware,file path,5475.py,py
5476,injection\5476.py,hardware,injection,5476.py,py
5477,injection\5477.py,hardware,injection,5477.py,py
5478,injection\5478.py,hardware,injection,5478.py,py
5479,injection\5479.py,hardware,injection,5479.py,py
5480,injection\5480.py,hardware,injection,5480.py,py
5481,file path\5481.rb,hardware,file path,5481.rb,rb
5482,file path\5482.py,hardware,file path,5482.py,py
5483,injection\5483.py,hardware,injection,5483.py,py
5484,injection\5484.py,hardware,injection,5484.py,py
5485,injection\5485.py,hardware,injection,5485.py,py
5486,injection\5486.py,hardware,injection,5486.py,py
5487,injection\5487.html,hardware,injection,5487.html,html
5488,injection\5488.rb,hardware,injection,5488.rb,rb
5489,injection\5489.rb,hardware,injection,5489.rb,rb
5490,injection\5490.py,hardware,injection,5490.py,py
5491,injection\5491.html,hardware,injection,5491.html,html
5492,injection\5492.py,hardware,injection,5492.py,py
5493,file path\5493.pl,hardware,file path,5493.pl,pl
5494,file path\5494.py,hardware,file path,5494.py,py
5495,file path\5495.py,hardware,file path,5495.py,py
5496,file path\5496.py,hardware,file path,5496.py,py
5497,injection\5497.py,hardware,injection,5497.py,py
5498,injection\5498.py,hardware,injection,5498.py,py
5499,injection\5499.html,hardware,injection,5499.html,html
5500,file path\5500.rb,hardware,file path,5500.rb,rb
5501,file path\5501.py,hardware,file path,5501.py,py
5502,overflow\5502.py,hardware,overflow,5502.py,py
5503,denial of service\5503.pl,hp-ux,denial of service,5503.pl,pl
5504,overflow\5504.c,hp-ux,overflow,5504.c,c
5505,overflow\5505.c,hp-ux,overflow,5505.c,c
5506,overflow\5506.c,hp-ux,overflow,5506.c,c
5507,overflow\5507.c,hp-ux,overflow,5507.c,c
5508,overflow\5508.c,hp-ux,overflow,5508.c,c
5509,overflow\5509.c,hp-ux,overflow,5509.c,c
5510,overflow\5510.c,hp-ux,overflow,5510.c,c
5511,overflow\5511.c,hp-ux,overflow,5511.c,c
5512,overflow\5512.pl,hp-ux,overflow,5512.pl,pl
5513,denial of service\5513.pl,ios,denial of service,5513.pl,pl
5514,denial of service\5514.html,ios,denial of service,5514.html,html
5515,denial of service\5515.py,ios,denial of service,5515.py,py
5516,denial of service\5516.py,ios,denial of service,5516.py,py
5517,denial of service\5517.py,ios,denial of service,5517.py,py
5518,denial of service\5518.py,ios,denial of service,5518.py,py
5519,denial of service\5519.py,ios,denial of service,5519.py,py
5520,denial of service\5520.pl,ios,denial of service,5520.pl,pl
5521,denial of service\5521.py,ios,denial of service,5521.py,py
5522,denial of service\5522.py,ios,denial of service,5522.py,py
5523,denial of service\5523.pl,ios,denial of service,5523.pl,pl
5524,denial of service\5524.py,ios,denial of service,5524.py,py
5525,denial of service\5525.py,ios,denial of service,5525.py,py
5526,denial of service\5526.py,ios,denial of service,5526.py,py
5527,denial of service\5527.py,ios,denial of service,5527.py,py
5528,denial of service\5528.py,ios,denial of service,5528.py,py
5529,denial of service\5529.py,ios,denial of service,5529.py,py
5530,denial of service\5530.py,ios,denial of service,5530.py,py
5531,denial of service\5531.py,ios,denial of service,5531.py,py
5532,denial of service\5532.py,ios,denial of service,5532.py,py
5533,denial of service\5533.py,ios,denial of service,5533.py,py
5534,denial of service\5534.py,ios,denial of service,5534.py,py
5535,denial of service\5535.py,ios,denial of service,5535.py,py
5536,denial of service\5536.py,ios,denial of service,5536.py,py
5537,denial of service\5537.py,ios,denial of service,5537.py,py
5538,denial of service\5538.py,ios,denial of service,5538.py,py
5539,denial of service\5539.py,ios,denial of service,5539.py,py
5540,denial of service\5540.py,ios,denial of service,5540.py,py
5541,denial of service\5541.py,ios,denial of service,5541.py,py
5542,denial of service\5542.py,ios,denial of service,5542.py,py
5543,denial of service\5543.py,ios,denial of service,5543.py,py
5544,denial of service\5544.pl,ios,denial of service,5544.pl,pl
5545,denial of service\5545.py,ios,denial of service,5545.py,py
5546,denial of service\5546.py,ios,denial of service,5546.py,py
5547,overflow\5547.rb,ios,overflow,5547.rb,rb
5548,overflow\5548.rb,ios,overflow,5548.rb,rb
5549,file path\5549.py,ios,file path,5549.py,py
5550,denial of service\5550.c,irix,denial of service,5550.c,c
5551,overflow\5551.c,irix,overflow,5551.c,c
5552,overflow\5552.c,irix,overflow,5552.c,c
5553,overflow\5553.c,irix,overflow,5553.c,c
5554,overflow\5554.c,irix,overflow,5554.c,c
5555,overflow\5555.c,irix,overflow,5555.c,c
5556,overflow\5556.c,irix,overflow,5556.c,c
5557,overflow\5557.c,irix,overflow,5557.c,c
5558,overflow\5558.c,irix,overflow,5558.c,c
5559,overflow\5559.c,irix,overflow,5559.c,c
5560,overflow\5560.c,irix,overflow,5560.c,c
5561,injection\5561.html,java,injection,5561.html,html
5562,injection\5562.py,java,injection,5562.py,py
5563,injection\5563.py,java,injection,5563.py,py
5564,injection\5564.py,java,injection,5564.py,py
5565,file path\5565.py,java,file path,5565.py,py
5566,injection\5566.py,java,injection,5566.py,py
5567,file path\5567.py,java,file path,5567.py,py
5568,injection\5568.py,java,injection,5568.py,py
5569,file path\5569.rb,java,file path,5569.rb,rb
5570,injection\5570.html,java,injection,5570.html,html
5571,injection\5571.rb,json,injection,5571.rb,rb
5572,injection\5572.py,json,injection,5572.py,py
5573,injection\5573.rb,jsp,injection,5573.rb,rb
5574,file path\5574.rb,jsp,file path,5574.rb,rb
5575,file path\5575.py,jsp,file path,5575.py,py
5576,file path\5576.rb,jsp,file path,5576.rb,rb
5577,injection\5577.py,jsp,injection,5577.py,py
5578,file path\5578.py,jsp,file path,5578.py,py
5579,injection\5579.php,jsp,injection,5579.php,php
5580,injection\5580.html,jsp,injection,5580.html,html
5581,overflow\5581.py,linux,overflow,5581.py,py
5582,denial of service\5582.py,linux,denial of service,5582.py,py
5583,denial of service\5583.c,linux,denial of service,5583.c,c
5584,overflow\5584.pl,linux,overflow,5584.pl,pl
5585,denial of service\5585.pl,linux,denial of service,5585.pl,pl
5586,denial of service\5586.py,linux,denial of service,5586.py,py
5587,denial of service\5587.c,linux,denial of service,5587.c,c
5588,denial of service\5588.c,linux,denial of service,5588.c,c
5589,denial of service\5589.php,linux,denial of service,5589.php,php
5590,denial of service\5590.c,linux,denial of service,5590.c,c
5591,denial of service\5591.c,linux,denial of service,5591.c,c
5592,denial of service\5592.py,linux,denial of service,5592.py,py
5593,denial of service\5593.pl,linux,denial of service,5593.pl,pl
5594,denial of service\5594.pl,linux,denial of service,5594.pl,pl
5595,denial of service\5595.c,linux,denial of service,5595.c,c
5596,denial of service\5596.c,linux,denial of service,5596.c,c
5597,denial of service\5597.pl,linux,denial of service,5597.pl,pl
5598,denial of service\5598.py,linux,denial of service,5598.py,py
5599,denial of service\5599.py,linux,denial of service,5599.py,py
5600,denial of service\5600.py,linux,denial of service,5600.py,py
5601,denial of service\5601.c,linux,denial of service,5601.c,c
5602,denial of service\5602.c,linux,denial of service,5602.c,c
5603,overflow\5603.c,linux,overflow,5603.c,c
5604,denial of service\5604.c,linux,denial of service,5604.c,c
5605,denial of service\5605.py,linux,denial of service,5605.py,py
5606,denial of service\5606.c,linux,denial of service,5606.c,c
5607,overflow\5607.py,linux,overflow,5607.py,py
5608,denial of service\5608.c,linux,denial of service,5608.c,c
5609,overflow\5609.c,linux,overflow,5609.c,c
5610,denial of service\5610.c,linux,denial of service,5610.c,c
5611,denial of service\5611.c,linux,denial of service,5611.c,c
5612,overflow\5612.pl,linux,overflow,5612.pl,pl
5613,denial of service\5613.py,linux,denial of service,5613.py,py
5614,overflow\5614.py,linux,overflow,5614.py,py
5615,denial of service\5615.c,linux,denial of service,5615.c,c
5616,overflow\5616.py,linux,overflow,5616.py,py
5617,overflow\5617.pl,linux,overflow,5617.pl,pl
5618,overflow\5618.c,linux,overflow,5618.c,c
5619,denial of service\5619.py,linux,denial of service,5619.py,py
5620,denial of service\5620.c,linux,denial of service,5620.c,c
5621,overflow\5621.py,linux,overflow,5621.py,py
5622,denial of service\5622.pl,linux,denial of service,5622.pl,pl
5623,denial of service\5623.pl,linux,denial of service,5623.pl,pl
5624,denial of service\5624.c,linux,denial of service,5624.c,c
5625,overflow\5625.py,linux,overflow,5625.py,py
5626,denial of service\5626.py,linux,denial of service,5626.py,py
5627,denial of service\5627.py,linux,denial of service,5627.py,py
5628,denial of service\5628.rb,linux,denial of service,5628.rb,rb
5629,denial of service\5629.py,linux,denial of service,5629.py,py
5630,overflow\5630.c,linux,overflow,5630.c,c
5631,denial of service\5631.pl,linux,denial of service,5631.pl,pl
5632,overflow\5632.pl,linux,overflow,5632.pl,pl
5633,denial of service\5633.py,linux,denial of service,5633.py,py
5634,overflow\5634.py,linux,overflow,5634.py,py
5635,overflow\5635.py,linux,overflow,5635.py,py
5636,denial of service\5636.pl,linux,denial of service,5636.pl,pl
5637,denial of service\5637.pl,linux,denial of service,5637.pl,pl
5638,overflow\5638.py,linux,overflow,5638.py,py
5639,denial of service\5639.py,linux,denial of service,5639.py,py
5640,denial of service\5640.py,linux,denial of service,5640.py,py
5641,overflow\5641.c,linux,overflow,5641.c,c
5642,denial of service\5642.c,linux,denial of service,5642.c,c
5643,denial of service\5643.c,linux,denial of service,5643.c,c
5644,denial of service\5644.c,linux,denial of service,5644.c,c
5645,denial of service\5645.c,linux,denial of service,5645.c,c
5646,denial of service\5646.rb,linux,denial of service,5646.rb,rb
5647,denial of service\5647.c,linux,denial of service,5647.c,c
5648,denial of service\5648.html,linux,denial of service,5648.html,html
5649,denial of service\5649.html,linux,denial of service,5649.html,html
5650,overflow\5650.py,linux,overflow,5650.py,py
5651,denial of service\5651.c,linux,denial of service,5651.c,c
5652,overflow\5652.c,linux,overflow,5652.c,c
5653,overflow\5653.c,linux,overflow,5653.c,c
5654,denial of service\5654.c,linux,denial of service,5654.c,c
5655,denial of service\5655.c,linux,denial of service,5655.c,c
5656,denial of service\5656.py,linux,denial of service,5656.py,py
5657,denial of service\5657.py,linux,denial of service,5657.py,py
5658,overflow\5658.c,linux,overflow,5658.c,c
5659,denial of service\5659.c,linux,denial of service,5659.c,c
5660,denial of service\5660.pl,linux,denial of service,5660.pl,pl
5661,denial of service\5661.c,linux,denial of service,5661.c,c
5662,denial of service\5662.pl,linux,denial of service,5662.pl,pl
5663,overflow\5663.c,linux,overflow,5663.c,c
5664,denial of service\5664.c,linux,denial of service,5664.c,c
5665,denial of service\5665.py,linux,denial of service,5665.py,py
5666,overflow\5666.c,linux,overflow,5666.c,c
5667,overflow\5667.rb,linux,overflow,5667.rb,rb
5668,overflow\5668.pl,linux,overflow,5668.pl,pl
5669,overflow\5669.py,linux,overflow,5669.py,py
5670,denial of service\5670.html,linux,denial of service,5670.html,html
5671,denial of service\5671.php,linux,denial of service,5671.php,php
5672,denial of service\5672.py,linux,denial of service,5672.py,py
5673,denial of service\5673.py,linux,denial of service,5673.py,py
5674,denial of service\5674.html,linux,denial of service,5674.html,html
5675,overflow\5675.c,linux,overflow,5675.c,c
5676,overflow\5676.c,linux,overflow,5676.c,c
5677,overflow\5677.c,linux,overflow,5677.c,c
5678,overflow\5678.c,linux,overflow,5678.c,c
5679,overflow\5679.pl,linux,overflow,5679.pl,pl
5680,overflow\5680.html,linux,overflow,5680.html,html
5681,denial of service\5681.pl,linux,denial of service,5681.pl,pl
5682,overflow\5682.c,linux,overflow,5682.c,c
5683,overflow\5683.c,linux,overflow,5683.c,c
5684,overflow\5684.c,linux,overflow,5684.c,c
5685,denial of service\5685.c,linux,denial of service,5685.c,c
5686,denial of service\5686.c,linux,denial of service,5686.c,c
5687,overflow\5687.c,linux,overflow,5687.c,c
5688,denial of service\5688.c,linux,denial of service,5688.c,c
5689,denial of service\5689.c,linux,denial of service,5689.c,c
5690,denial of service\5690.c,linux,denial of service,5690.c,c
5691,denial of service\5691.c,linux,denial of service,5691.c,c
5692,denial of service\5692.c,linux,denial of service,5692.c,c
5693,overflow\5693.c,linux,overflow,5693.c,c
5694,denial of service\5694.c,linux,denial of service,5694.c,c
5695,denial of service\5695.c,linux,denial of service,5695.c,c
5696,overflow\5696.c,linux,overflow,5696.c,c
5697,denial of service\5697.c,linux,denial of service,5697.c,c
5698,denial of service\5698.c,linux,denial of service,5698.c,c
5699,denial of service\5699.c,linux,denial of service,5699.c,c
5700,denial of service\5700.c,linux,denial of service,5700.c,c
5701,denial of service\5701.c,linux,denial of service,5701.c,c
5702,denial of service\5702.c,linux,denial of service,5702.c,c
5703,denial of service\5703.c,linux,denial of service,5703.c,c
5704,denial of service\5704.c,linux,denial of service,5704.c,c
5705,denial of service\5705.c,linux,denial of service,5705.c,c
5706,denial of service\5706.c,linux,denial of service,5706.c,c
5707,denial of service\5707.c,linux,denial of service,5707.c,c
5708,overflow\5708.c,linux,overflow,5708.c,c
5709,denial of service\5709.py,linux,denial of service,5709.py,py
5710,denial of service\5710.c,linux,denial of service,5710.c,c
5711,denial of service\5711.c,linux,denial of service,5711.c,c
5712,denial of service\5712.c,linux,denial of service,5712.c,c
5713,denial of service\5713.c,linux,denial of service,5713.c,c
5714,denial of service\5714.c,linux,denial of service,5714.c,c
5715,denial of service\5715.c,linux,denial of service,5715.c,c
5716,denial of service\5716.c,linux,denial of service,5716.c,c
5717,denial of service\5717.c,linux,denial of service,5717.c,c
5718,denial of service\5718.c,linux,denial of service,5718.c,c
5719,denial of service\5719.c,linux,denial of service,5719.c,c
5720,denial of service\5720.c,linux,denial of service,5720.c,c
5721,denial of service\5721.c,linux,denial of service,5721.c,c
5722,denial of service\5722.c,linux,denial of service,5722.c,c
5723,denial of service\5723.c,linux,denial of service,5723.c,c
5724,denial of service\5724.c,linux,denial of service,5724.c,c
5725,denial of service\5725.c,linux,denial of service,5725.c,c
5726,denial of service\5726.c,linux,denial of service,5726.c,c
5727,denial of service\5727.c,linux,denial of service,5727.c,c
5728,overflow\5728.c,linux,overflow,5728.c,c
5729,denial of service\5729.c,linux,denial of service,5729.c,c
5730,denial of service\5730.c,linux,denial of service,5730.c,c
5731,denial of service\5731.c,linux,denial of service,5731.c,c
5732,denial of service\5732.c,linux,denial of service,5732.c,c
5733,denial of service\5733.c,linux,denial of service,5733.c,c
5734,denial of service\5734.c,linux,denial of service,5734.c,c
5735,denial of service\5735.c,linux,denial of service,5735.c,c
5736,denial of service\5736.c,linux,denial of service,5736.c,c
5737,denial of service\5737.c,linux,denial of service,5737.c,c
5738,denial of service\5738.c,linux,denial of service,5738.c,c
5739,denial of service\5739.c,linux,denial of service,5739.c,c
5740,denial of service\5740.c,linux,denial of service,5740.c,c
5741,denial of service\5741.c,linux,denial of service,5741.c,c
5742,denial of service\5742.py,linux,denial of service,5742.py,py
5743,overflow\5743.c,linux,overflow,5743.c,c
5744,denial of service\5744.c,linux,denial of service,5744.c,c
5745,denial of service\5745.c,linux,denial of service,5745.c,c
5746,denial of service\5746.c,linux,denial of service,5746.c,c
5747,denial of service\5747.c,linux,denial of service,5747.c,c
5748,denial of service\5748.c,linux,denial of service,5748.c,c
5749,denial of service\5749.c,linux,denial of service,5749.c,c
5750,denial of service\5750.c,linux,denial of service,5750.c,c
5751,denial of service\5751.c,linux,denial of service,5751.c,c
5752,overflow\5752.c,linux,overflow,5752.c,c
5753,overflow\5753.rb,linux,overflow,5753.rb,rb
5754,denial of service\5754.pl,linux,denial of service,5754.pl,pl
5755,overflow\5755.pl,linux,overflow,5755.pl,pl
5756,overflow\5756.py,linux,overflow,5756.py,py
5757,overflow\5757.py,linux,overflow,5757.py,py
5758,denial of service\5758.py,linux,denial of service,5758.py,py
5759,denial of service\5759.c,linux,denial of service,5759.c,c
5760,denial of service\5760.py,linux,denial of service,5760.py,py
5761,denial of service\5761.php,linux,denial of service,5761.php,php
5762,denial of service\5762.html,linux,denial of service,5762.html,html
5763,denial of service\5763.c,linux,denial of service,5763.c,c
5764,overflow\5764.pl,linux,overflow,5764.pl,pl
5765,denial of service\5765.py,linux,denial of service,5765.py,py
5766,denial of service\5766.html,linux,denial of service,5766.html,html
5767,overflow\5767.py,linux,overflow,5767.py,py
5768,overflow\5768.pl,linux,overflow,5768.pl,pl
5769,overflow\5769.c,linux,overflow,5769.c,c
5770,overflow\5770.c,linux,overflow,5770.c,c
5771,overflow\5771.c,linux,overflow,5771.c,c
5772,denial of service\5772.c,linux,denial of service,5772.c,c
5773,overflow\5773.pl,linux,overflow,5773.pl,pl
5774,overflow\5774.pl,linux,overflow,5774.pl,pl
5775,denial of service\5775.c,linux,denial of service,5775.c,c
5776,overflow\5776.pl,linux,overflow,5776.pl,pl
5777,denial of service\5777.py,linux,denial of service,5777.py,py
5778,denial of service\5778.py,linux,denial of service,5778.py,py
5779,overflow\5779.py,linux,overflow,5779.py,py
5780,denial of service\5780.py,linux,denial of service,5780.py,py
5781,denial of service\5781.py,linux,denial of service,5781.py,py
5782,overflow\5782.c,linux,overflow,5782.c,c
5783,denial of service\5783.c,linux,denial of service,5783.c,c
5784,denial of service\5784.rb,linux,denial of service,5784.rb,rb
5785,denial of service\5785.py,linux,denial of service,5785.py,py
5786,denial of service\5786.py,linux,denial of service,5786.py,py
5787,denial of service\5787.c,linux,denial of service,5787.c,c
5788,overflow\5788.c,linux,overflow,5788.c,c
5789,denial of service\5789.py,linux,denial of service,5789.py,py
5790,denial of service\5790.c,linux,denial of service,5790.c,c
5791,denial of service\5791.c,linux,denial of service,5791.c,c
5792,denial of service\5792.py,linux,denial of service,5792.py,py
5793,denial of service\5793.py,linux,denial of service,5793.py,py
5794,denial of service\5794.c,linux,denial of service,5794.c,c
5795,denial of service\5795.py,linux,denial of service,5795.py,py
5796,denial of service\5796.c,linux,denial of service,5796.c,c
5797,overflow\5797.py,linux,overflow,5797.py,py
5798,denial of service\5798.pl,linux,denial of service,5798.pl,pl
5799,overflow\5799.php,linux,overflow,5799.php,php
5800,denial of service\5800.c,linux,denial of service,5800.c,c
5801,denial of service\5801.c,linux,denial of service,5801.c,c
5802,denial of service\5802.pl,linux,denial of service,5802.pl,pl
5803,overflow\5803.c,linux,overflow,5803.c,c
5804,overflow\5804.py,linux,overflow,5804.py,py
5805,overflow\5805.pl,linux,overflow,5805.pl,pl
5806,denial of service\5806.py,linux,denial of service,5806.py,py
5807,denial of service\5807.c,linux,denial of service,5807.c,c
5808,denial of service\5808.py,linux,denial of service,5808.py,py
5809,overflow\5809.pl,linux,overflow,5809.pl,pl
5810,overflow\5810.rb,linux,overflow,5810.rb,rb
5811,overflow\5811.pl,linux,overflow,5811.pl,pl
5812,denial of service\5812.pl,linux,denial of service,5812.pl,pl
5813,denial of service\5813.rb,linux,denial of service,5813.rb,rb
5814,denial of service\5814.py,linux,denial of service,5814.py,py
5815,denial of service\5815.rb,linux,denial of service,5815.rb,rb
5816,overflow\5816.c,linux,overflow,5816.c,c
5817,overflow\5817.py,linux,overflow,5817.py,py
5818,overflow\5818.pl,linux,overflow,5818.pl,pl
5819,denial of service\5819.c,linux,denial of service,5819.c,c
5820,denial of service\5820.c,linux,denial of service,5820.c,c
5821,denial of service\5821.py,linux,denial of service,5821.py,py
5822,denial of service\5822.py,linux,denial of service,5822.py,py
5823,denial of service\5823.py,linux,denial of service,5823.py,py
5824,denial of service\5824.rb,linux,denial of service,5824.rb,rb
5825,denial of service\5825.c,linux,denial of service,5825.c,c
5826,denial of service\5826.c,linux,denial of service,5826.c,c
5827,denial of service\5827.c,linux,denial of service,5827.c,c
5828,denial of service\5828.pl,linux,denial of service,5828.pl,pl
5829,overflow\5829.py,linux,overflow,5829.py,py
5830,denial of service\5830.c,linux,denial of service,5830.c,c
5831,denial of service\5831.c,linux,denial of service,5831.c,c
5832,overflow\5832.py,linux,overflow,5832.py,py
5833,denial of service\5833.c,linux,denial of service,5833.c,c
5834,denial of service\5834.c,linux,denial of service,5834.c,c
5835,denial of service\5835.c,linux,denial of service,5835.c,c
5836,denial of service\5836.c,linux,denial of service,5836.c,c
5837,denial of service\5837.c,linux,denial of service,5837.c,c
5838,denial of service\5838.pl,linux,denial of service,5838.pl,pl
5839,overflow\5839.c,linux,overflow,5839.c,c
5840,denial of service\5840.py,linux,denial of service,5840.py,py
5841,denial of service\5841.pl,linux,denial of service,5841.pl,pl
5842,denial of service\5842.py,linux,denial of service,5842.py,py
5843,overflow\5843.c,linux,overflow,5843.c,c
5844,overflow\5844.pl,linux,overflow,5844.pl,pl
5845,overflow\5845.py,linux,overflow,5845.py,py
5846,overflow\5846.py,linux,overflow,5846.py,py
5847,denial of service\5847.c,linux,denial of service,5847.c,c
5848,denial of service\5848.rb,linux,denial of service,5848.rb,rb
5849,denial of service\5849.c,linux,denial of service,5849.c,c
5850,denial of service\5850.c,linux,denial of service,5850.c,c
5851,denial of service\5851.pl,linux,denial of service,5851.pl,pl
5852,overflow\5852.c,linux,overflow,5852.c,c
5853,denial of service\5853.c,linux,denial of service,5853.c,c
5854,overflow\5854.c,linux,overflow,5854.c,c
5855,overflow\5855.pl,linux,overflow,5855.pl,pl
5856,denial of service\5856.pl,linux,denial of service,5856.pl,pl
5857,overflow\5857.py,linux,overflow,5857.py,py
5858,denial of service\5858.c,linux,denial of service,5858.c,c
5859,overflow\5859.c,linux,overflow,5859.c,c
5860,overflow\5860.c,linux,overflow,5860.c,c
5861,overflow\5861.c,linux,overflow,5861.c,c
5862,overflow\5862.c,linux,overflow,5862.c,c
5863,overflow\5863.c,linux,overflow,5863.c,c
5864,overflow\5864.c,linux,overflow,5864.c,c
5865,overflow\5865.c,linux,overflow,5865.c,c
5866,overflow\5866.pl,linux,overflow,5866.pl,pl
5867,overflow\5867.c,linux,overflow,5867.c,c
5868,overflow\5868.rb,linux,overflow,5868.rb,rb
5869,overflow\5869.pl,linux,overflow,5869.pl,pl
5870,overflow\5870.c,linux,overflow,5870.c,c
5871,overflow\5871.c,linux,overflow,5871.c,c
5872,overflow\5872.py,linux,overflow,5872.py,py
5873,overflow\5873.c,linux,overflow,5873.c,c
5874,overflow\5874.c,linux,overflow,5874.c,c
5875,overflow\5875.c,linux,overflow,5875.c,c
5876,overflow\5876.py,linux,overflow,5876.py,py
5877,overflow\5877.c,linux,overflow,5877.c,c
5878,overflow\5878.c,linux,overflow,5878.c,c
5879,overflow\5879.c,linux,overflow,5879.c,c
5880,overflow\5880.py,linux,overflow,5880.py,py
5881,overflow\5881.py,linux,overflow,5881.py,py
5882,overflow\5882.py,linux,overflow,5882.py,py
5883,overflow\5883.c,linux,overflow,5883.c,c
5884,overflow\5884.c,linux,overflow,5884.c,c
5885,overflow\5885.c,linux,overflow,5885.c,c
5886,overflow\5886.c,linux,overflow,5886.c,c
5887,overflow\5887.c,linux,overflow,5887.c,c
5888,overflow\5888.py,linux,overflow,5888.py,py
5889,overflow\5889.c,linux,overflow,5889.c,c
5890,injection\5890.py,linux,injection,5890.py,py
5891,overflow\5891.c,linux,overflow,5891.c,c
5892,overflow\5892.c,linux,overflow,5892.c,c
5893,overflow\5893.py,linux,overflow,5893.py,py
5894,overflow\5894.pl,linux,overflow,5894.pl,pl
5895,overflow\5895.c,linux,overflow,5895.c,c
5896,injection\5896.rb,linux,injection,5896.rb,rb
5897,overflow\5897.c,linux,overflow,5897.c,c
5898,overflow\5898.c,linux,overflow,5898.c,c
5899,overflow\5899.py,linux,overflow,5899.py,py
5900,overflow\5900.py,linux,overflow,5900.py,py
5901,overflow\5901.pl,linux,overflow,5901.pl,pl
5902,overflow\5902.c,linux,overflow,5902.c,c
5903,overflow\5903.c,linux,overflow,5903.c,c
5904,overflow\5904.c,linux,overflow,5904.c,c
5905,overflow\5905.c,linux,overflow,5905.c,c
5906,overflow\5906.c,linux,overflow,5906.c,c
5907,overflow\5907.c,linux,overflow,5907.c,c
5908,overflow\5908.c,linux,overflow,5908.c,c
5909,overflow\5909.c,linux,overflow,5909.c,c
5910,overflow\5910.c,linux,overflow,5910.c,c
5911,overflow\5911.c,linux,overflow,5911.c,c
5912,overflow\5912.c,linux,overflow,5912.c,c
5913,overflow\5913.c,linux,overflow,5913.c,c
5914,overflow\5914.c,linux,overflow,5914.c,c
5915,overflow\5915.c,linux,overflow,5915.c,c
5916,overflow\5916.c,linux,overflow,5916.c,c
5917,overflow\5917.py,linux,overflow,5917.py,py
5918,overflow\5918.c,linux,overflow,5918.c,c
5919,overflow\5919.c,linux,overflow,5919.c,c
5920,overflow\5920.c,linux,overflow,5920.c,c
5921,overflow\5921.c,linux,overflow,5921.c,c
5922,overflow\5922.c,linux,overflow,5922.c,c
5923,overflow\5923.c,linux,overflow,5923.c,c
5924,overflow\5924.py,linux,overflow,5924.py,py
5925,overflow\5925.pl,linux,overflow,5925.pl,pl
5926,overflow\5926.pl,linux,overflow,5926.pl,pl
5927,overflow\5927.c,linux,overflow,5927.c,c
5928,overflow\5928.pl,linux,overflow,5928.pl,pl
5929,overflow\5929.c,linux,overflow,5929.c,c
5930,overflow\5930.c,linux,overflow,5930.c,c
5931,overflow\5931.pl,linux,overflow,5931.pl,pl
5932,overflow\5932.pl,linux,overflow,5932.pl,pl
5933,overflow\5933.c,linux,overflow,5933.c,c
5934,overflow\5934.c,linux,overflow,5934.c,c
5935,overflow\5935.c,linux,overflow,5935.c,c
5936,overflow\5936.c,linux,overflow,5936.c,c
5937,overflow\5937.c,linux,overflow,5937.c,c
5938,overflow\5938.c,linux,overflow,5938.c,c
5939,overflow\5939.c,linux,overflow,5939.c,c
5940,overflow\5940.py,linux,overflow,5940.py,py
5941,injection\5941.rb,linux,injection,5941.rb,rb
5942,overflow\5942.py,linux,overflow,5942.py,py
5943,overflow\5943.py,linux,overflow,5943.py,py
5944,overflow\5944.pl,linux,overflow,5944.pl,pl
5945,overflow\5945.c,linux,overflow,5945.c,c
5946,overflow\5946.c,linux,overflow,5946.c,c
5947,overflow\5947.pl,linux,overflow,5947.pl,pl
5948,overflow\5948.c,linux,overflow,5948.c,c
5949,overflow\5949.c,linux,overflow,5949.c,c
5950,overflow\5950.c,linux,overflow,5950.c,c
5951,overflow\5951.c,linux,overflow,5951.c,c
5952,overflow\5952.pl,linux,overflow,5952.pl,pl
5953,overflow\5953.c,linux,overflow,5953.c,c
5954,overflow\5954.c,linux,overflow,5954.c,c
5955,overflow\5955.c,linux,overflow,5955.c,c
5956,overflow\5956.c,linux,overflow,5956.c,c
5957,overflow\5957.c,linux,overflow,5957.c,c
5958,overflow\5958.c,linux,overflow,5958.c,c
5959,overflow\5959.c,linux,overflow,5959.c,c
5960,overflow\5960.c,linux,overflow,5960.c,c
5961,overflow\5961.c,linux,overflow,5961.c,c
5962,overflow\5962.c,linux,overflow,5962.c,c
5963,overflow\5963.c,linux,overflow,5963.c,c
5964,overflow\5964.pl,linux,overflow,5964.pl,pl
5965,overflow\5965.c,linux,overflow,5965.c,c
5966,overflow\5966.c,linux,overflow,5966.c,c
5967,overflow\5967.c,linux,overflow,5967.c,c
5968,overflow\5968.c,linux,overflow,5968.c,c
5969,overflow\5969.c,linux,overflow,5969.c,c
5970,overflow\5970.pl,linux,overflow,5970.pl,pl
5971,overflow\5971.pl,linux,overflow,5971.pl,pl
5972,overflow\5972.c,linux,overflow,5972.c,c
5973,overflow\5973.pl,linux,overflow,5973.pl,pl
5974,overflow\5974.c,linux,overflow,5974.c,c
5975,overflow\5975.c,linux,overflow,5975.c,c
5976,overflow\5976.c,linux,overflow,5976.c,c
5977,overflow\5977.py,linux,overflow,5977.py,py
5978,overflow\5978.pl,linux,overflow,5978.pl,pl
5979,overflow\5979.py,linux,overflow,5979.py,py
5980,overflow\5980.c,linux,overflow,5980.c,c
5981,overflow\5981.c,linux,overflow,5981.c,c
5982,overflow\5982.c,linux,overflow,5982.c,c
5983,overflow\5983.c,linux,overflow,5983.c,c
5984,overflow\5984.c,linux,overflow,5984.c,c
5985,overflow\5985.c,linux,overflow,5985.c,c
5986,overflow\5986.pl,linux,overflow,5986.pl,pl
5987,overflow\5987.py,linux,overflow,5987.py,py
5988,overflow\5988.py,linux,overflow,5988.py,py
5989,overflow\5989.c,linux,overflow,5989.c,c
5990,overflow\5990.c,linux,overflow,5990.c,c
5991,overflow\5991.c,linux,overflow,5991.c,c
5992,overflow\5992.c,linux,overflow,5992.c,c
5993,overflow\5993.c,linux,overflow,5993.c,c
5994,overflow\5994.c,linux,overflow,5994.c,c
5995,overflow\5995.php,linux,overflow,5995.php,php
5996,overflow\5996.php,linux,overflow,5996.php,php
5997,overflow\5997.php,linux,overflow,5997.php,php
5998,overflow\5998.php,linux,overflow,5998.php,php
5999,overflow\5999.py,linux,overflow,5999.py,py
6000,overflow\6000.py,linux,overflow,6000.py,py
6001,overflow\6001.c,linux,overflow,6001.c,c
6002,overflow\6002.pl,linux,overflow,6002.pl,pl
6003,overflow\6003.c,linux,overflow,6003.c,c
6004,overflow\6004.pl,linux,overflow,6004.pl,pl
6005,overflow\6005.pl,linux,overflow,6005.pl,pl
6006,overflow\6006.py,linux,overflow,6006.py,py
6007,overflow\6007.c,linux,overflow,6007.c,c
6008,overflow\6008.c,linux,overflow,6008.c,c
6009,overflow\6009.c,linux,overflow,6009.c,c
6010,overflow\6010.c,linux,overflow,6010.c,c
6011,overflow\6011.c,linux,overflow,6011.c,c
6012,overflow\6012.pl,linux,overflow,6012.pl,pl
6013,overflow\6013.pl,linux,overflow,6013.pl,pl
6014,overflow\6014.c,linux,overflow,6014.c,c
6015,overflow\6015.c,linux,overflow,6015.c,c
6016,overflow\6016.c,linux,overflow,6016.c,c
6017,overflow\6017.c,linux,overflow,6017.c,c
6018,overflow\6018.c,linux,overflow,6018.c,c
6019,overflow\6019.c,linux,overflow,6019.c,c
6020,overflow\6020.py,linux,overflow,6020.py,py
6021,injection\6021.py,linux,injection,6021.py,py
6022,overflow\6022.c,linux,overflow,6022.c,c
6023,overflow\6023.c,linux,overflow,6023.c,c
6024,overflow\6024.c,linux,overflow,6024.c,c
6025,overflow\6025.c,linux,overflow,6025.c,c
6026,overflow\6026.c,linux,overflow,6026.c,c
6027,overflow\6027.c,linux,overflow,6027.c,c
6028,overflow\6028.c,linux,overflow,6028.c,c
6029,overflow\6029.c,linux,overflow,6029.c,c
6030,overflow\6030.c,linux,overflow,6030.c,c
6031,overflow\6031.py,linux,overflow,6031.py,py
6032,overflow\6032.c,linux,overflow,6032.c,c
6033,overflow\6033.c,linux,overflow,6033.c,c
6034,overflow\6034.c,linux,overflow,6034.c,c
6035,overflow\6035.pl,linux,overflow,6035.pl,pl
6036,overflow\6036.c,linux,overflow,6036.c,c
6037,overflow\6037.py,linux,overflow,6037.py,py
6038,overflow\6038.c,linux,overflow,6038.c,c
6039,overflow\6039.c,linux,overflow,6039.c,c
6040,overflow\6040.c,linux,overflow,6040.c,c
6041,overflow\6041.c,linux,overflow,6041.c,c
6042,overflow\6042.pl,linux,overflow,6042.pl,pl
6043,overflow\6043.c,linux,overflow,6043.c,c
6044,overflow\6044.c,linux,overflow,6044.c,c
6045,overflow\6045.c,linux,overflow,6045.c,c
6046,overflow\6046.c,linux,overflow,6046.c,c
6047,overflow\6047.c,linux,overflow,6047.c,c
6048,overflow\6048.c,linux,overflow,6048.c,c
6049,overflow\6049.c,linux,overflow,6049.c,c
6050,overflow\6050.c,linux,overflow,6050.c,c
6051,overflow\6051.c,linux,overflow,6051.c,c
6052,overflow\6052.c,linux,overflow,6052.c,c
6053,overflow\6053.c,linux,overflow,6053.c,c
6054,overflow\6054.c,linux,overflow,6054.c,c
6055,overflow\6055.py,linux,overflow,6055.py,py
6056,overflow\6056.c,linux,overflow,6056.c,c
6057,overflow\6057.c,linux,overflow,6057.c,c
6058,overflow\6058.c,linux,overflow,6058.c,c
6059,overflow\6059.c,linux,overflow,6059.c,c
6060,overflow\6060.py,linux,overflow,6060.py,py
6061,overflow\6061.pl,linux,overflow,6061.pl,pl
6062,overflow\6062.pl,linux,overflow,6062.pl,pl
6063,overflow\6063.py,linux,overflow,6063.py,py
6064,overflow\6064.pl,linux,overflow,6064.pl,pl
6065,overflow\6065.c,linux,overflow,6065.c,c
6066,overflow\6066.c,linux,overflow,6066.c,c
6067,overflow\6067.c,linux,overflow,6067.c,c
6068,overflow\6068.c,linux,overflow,6068.c,c
6069,overflow\6069.py,linux,overflow,6069.py,py
6070,overflow\6070.c,linux,overflow,6070.c,c
6071,overflow\6071.c,linux,overflow,6071.c,c
6072,overflow\6072.c,linux,overflow,6072.c,c
6073,overflow\6073.c,linux,overflow,6073.c,c
6074,overflow\6074.c,linux,overflow,6074.c,c
6075,overflow\6075.c,linux,overflow,6075.c,c
6076,overflow\6076.c,linux,overflow,6076.c,c
6077,overflow\6077.c,linux,overflow,6077.c,c
6078,overflow\6078.c,linux,overflow,6078.c,c
6079,overflow\6079.c,linux,overflow,6079.c,c
6080,overflow\6080.rb,linux,overflow,6080.rb,rb
6081,overflow\6081.c,linux,overflow,6081.c,c
6082,overflow\6082.c,linux,overflow,6082.c,c
6083,overflow\6083.c,linux,overflow,6083.c,c
6084,overflow\6084.c,linux,overflow,6084.c,c
6085,overflow\6085.c,linux,overflow,6085.c,c
6086,overflow\6086.c,linux,overflow,6086.c,c
6087,overflow\6087.c,linux,overflow,6087.c,c
6088,overflow\6088.c,linux,overflow,6088.c,c
6089,overflow\6089.c,linux,overflow,6089.c,c
6090,overflow\6090.pl,linux,overflow,6090.pl,pl
6091,overflow\6091.c,linux,overflow,6091.c,c
6092,overflow\6092.c,linux,overflow,6092.c,c
6093,overflow\6093.c,linux,overflow,6093.c,c
6094,overflow\6094.c,linux,overflow,6094.c,c
6095,overflow\6095.py,linux,overflow,6095.py,py
6096,overflow\6096.py,linux,overflow,6096.py,py
6097,overflow\6097.c,linux,overflow,6097.c,c
6098,overflow\6098.py,linux,overflow,6098.py,py
6099,overflow\6099.c,linux,overflow,6099.c,c
6100,overflow\6100.py,linux,overflow,6100.py,py
6101,overflow\6101.c,linux,overflow,6101.c,c
6102,overflow\6102.c,linux,overflow,6102.c,c
6103,overflow\6103.c,linux,overflow,6103.c,c
6104,overflow\6104.c,linux,overflow,6104.c,c
6105,overflow\6105.c,linux,overflow,6105.c,c
6106,overflow\6106.c,linux,overflow,6106.c,c
6107,injection\6107.rb,linux,injection,6107.rb,rb
6108,injection\6108.rb,linux,injection,6108.rb,rb
6109,injection\6109.py,linux,injection,6109.py,py
6110,overflow\6110.c,linux,overflow,6110.c,c
6111,overflow\6111.c,linux,overflow,6111.c,c
6112,injection\6112.pl,linux,injection,6112.pl,pl
6113,overflow\6113.c,linux,overflow,6113.c,c
6114,overflow\6114.c,linux,overflow,6114.c,c
6115,overflow\6115.pl,linux,overflow,6115.pl,pl
6116,overflow\6116.c,linux,overflow,6116.c,c
6117,injection\6117.rb,linux,injection,6117.rb,rb
6118,injection\6118.rb,linux,injection,6118.rb,rb
6119,injection\6119.php,linux,injection,6119.php,php
6120,overflow\6120.pl,linux,overflow,6120.pl,pl
6121,overflow\6121.c,linux,overflow,6121.c,c
6122,overflow\6122.c,linux,overflow,6122.c,c
6123,overflow\6123.rb,linux,overflow,6123.rb,rb
6124,injection\6124.rb,linux,injection,6124.rb,rb
6125,overflow\6125.c,linux,overflow,6125.c,c
6126,overflow\6126.rb,linux,overflow,6126.rb,rb
6127,overflow\6127.rb,linux,overflow,6127.rb,rb
6128,overflow\6128.rb,linux,overflow,6128.rb,rb
6129,overflow\6129.rb,linux,overflow,6129.rb,rb
6130,overflow\6130.rb,linux,overflow,6130.rb,rb
6131,overflow\6131.rb,linux,overflow,6131.rb,rb
6132,overflow\6132.rb,linux,overflow,6132.rb,rb
6133,overflow\6133.rb,linux,overflow,6133.rb,rb
6134,overflow\6134.pl,linux,overflow,6134.pl,pl
6135,overflow\6135.c,linux,overflow,6135.c,c
6136,overflow\6136.c,linux,overflow,6136.c,c
6137,overflow\6137.c,linux,overflow,6137.c,c
6138,file path\6138.rb,linux,file path,6138.rb,rb
6139,file path\6139.py,linux,file path,6139.py,py
6140,overflow\6140.c,linux,overflow,6140.c,c
6141,overflow\6141.c,linux,overflow,6141.c,c
6142,overflow\6142.c,linux,overflow,6142.c,c
6143,overflow\6143.c,linux,overflow,6143.c,c
6144,overflow\6144.py,linux,overflow,6144.py,py
6145,overflow\6145.pl,linux,overflow,6145.pl,pl
6146,overflow\6146.c,linux,overflow,6146.c,c
6147,overflow\6147.c,linux,overflow,6147.c,c
6148,overflow\6148.py,linux,overflow,6148.py,py
6149,injection\6149.rb,linux,injection,6149.rb,rb
6150,overflow\6150.pl,linux,overflow,6150.pl,pl
6151,overflow\6151.c,linux,overflow,6151.c,c
6152,overflow\6152.rb,linux,overflow,6152.rb,rb
6153,overflow\6153.c,linux,overflow,6153.c,c
6154,overflow\6154.c,linux,overflow,6154.c,c
6155,overflow\6155.pl,linux,overflow,6155.pl,pl
6156,overflow\6156.c,linux,overflow,6156.c,c
6157,overflow\6157.c,linux,overflow,6157.c,c
6158,overflow\6158.c,linux,overflow,6158.c,c
6159,injection\6159.rb,linux,injection,6159.rb,rb
6160,injection\6160.py,linux,injection,6160.py,py
6161,injection\6161.rb,linux,injection,6161.rb,rb
6162,overflow\6162.c,linux,overflow,6162.c,c
6163,injection\6163.php,linux,injection,6163.php,php
6164,overflow\6164.c,linux,overflow,6164.c,c
6165,overflow\6165.c,linux,overflow,6165.c,c
6166,injection\6166.rb,linux,injection,6166.rb,rb
6167,overflow\6167.c,linux,overflow,6167.c,c
6168,overflow\6168.c,linux,overflow,6168.c,c
6169,overflow\6169.c,linux,overflow,6169.c,c
6170,overflow\6170.c,linux,overflow,6170.c,c
6171,overflow\6171.c,linux,overflow,6171.c,c
6172,overflow\6172.c,linux,overflow,6172.c,c
6173,overflow\6173.c,linux,overflow,6173.c,c
6174,overflow\6174.c,linux,overflow,6174.c,c
6175,overflow\6175.rb,linux,overflow,6175.rb,rb
6176,overflow\6176.c,linux,overflow,6176.c,c
6177,overflow\6177.rb,linux,overflow,6177.rb,rb
6178,overflow\6178.c,linux,overflow,6178.c,c
6179,overflow\6179.c,linux,overflow,6179.c,c
6180,overflow\6180.c,linux,overflow,6180.c,c
6181,overflow\6181.c,linux,overflow,6181.c,c
6182,overflow\6182.c,linux,overflow,6182.c,c
6183,overflow\6183.pl,linux,overflow,6183.pl,pl
6184,overflow\6184.pl,linux,overflow,6184.pl,pl
6185,injection\6185.rb,linux,injection,6185.rb,rb
6186,overflow\6186.rb,linux,overflow,6186.rb,rb
6187,overflow\6187.c,linux,overflow,6187.c,c
6188,overflow\6188.c,linux,overflow,6188.c,c
6189,overflow\6189.c,linux,overflow,6189.c,c
6190,overflow\6190.c,linux,overflow,6190.c,c
6191,overflow\6191.c,linux,overflow,6191.c,c
6192,overflow\6192.c,linux,overflow,6192.c,c
6193,overflow\6193.py,linux,overflow,6193.py,py
6194,overflow\6194.c,linux,overflow,6194.c,c
6195,overflow\6195.c,linux,overflow,6195.c,c
6196,overflow\6196.c,linux,overflow,6196.c,c
6197,overflow\6197.c,linux,overflow,6197.c,c
6198,overflow\6198.c,linux,overflow,6198.c,c
6199,file path\6199.c,linux,file path,6199.c,c
6200,overflow\6200.c,linux,overflow,6200.c,c
6201,injection\6201.rb,linux,injection,6201.rb,rb
6202,overflow\6202.c,linux,overflow,6202.c,c
6203,overflow\6203.c,linux,overflow,6203.c,c
6204,overflow\6204.c,linux,overflow,6204.c,c
6205,injection\6205.rb,linux,injection,6205.rb,rb
6206,overflow\6206.c,linux,overflow,6206.c,c
6207,overflow\6207.c,linux,overflow,6207.c,c
6208,overflow\6208.c,linux,overflow,6208.c,c
6209,overflow\6209.rb,linux,overflow,6209.rb,rb
6210,injection\6210.rb,linux,injection,6210.rb,rb
6211,overflow\6211.pl,linux,overflow,6211.pl,pl
6212,overflow\6212.c,linux,overflow,6212.c,c
6213,injection\6213.rb,linux,injection,6213.rb,rb
6214,overflow\6214.c,linux,overflow,6214.c,c
6215,overflow\6215.c,linux,overflow,6215.c,c
6216,overflow\6216.c,linux,overflow,6216.c,c
6217,overflow\6217.c,linux,overflow,6217.c,c
6218,overflow\6218.c,linux,overflow,6218.c,c
6219,overflow\6219.c,linux,overflow,6219.c,c
6220,overflow\6220.c,linux,overflow,6220.c,c
6221,overflow\6221.c,linux,overflow,6221.c,c
6222,overflow\6222.c,linux,overflow,6222.c,c
6223,overflow\6223.py,linux,overflow,6223.py,py
6224,overflow\6224.c,linux,overflow,6224.c,c
6225,overflow\6225.c,linux,overflow,6225.c,c
6226,overflow\6226.c,linux,overflow,6226.c,c
6227,overflow\6227.c,linux,overflow,6227.c,c
6228,overflow\6228.pl,linux,overflow,6228.pl,pl
6229,overflow\6229.py,linux,overflow,6229.py,py
6230,overflow\6230.c,linux,overflow,6230.c,c
6231,overflow\6231.c,linux,overflow,6231.c,c
6232,injection\6232.rb,linux,injection,6232.rb,rb
6233,injection\6233.rb,linux,injection,6233.rb,rb
6234,overflow\6234.c,linux,overflow,6234.c,c
6235,overflow\6235.c,linux,overflow,6235.c,c
6236,overflow\6236.c,linux,overflow,6236.c,c
6237,overflow\6237.c,linux,overflow,6237.c,c
6238,overflow\6238.rb,linux,overflow,6238.rb,rb
6239,overflow\6239.c,linux,overflow,6239.c,c
6240,overflow\6240.c,linux,overflow,6240.c,c
6241,injection\6241.rb,linux,injection,6241.rb,rb
6242,overflow\6242.c,linux,overflow,6242.c,c
6243,overflow\6243.c,linux,overflow,6243.c,c
6244,overflow\6244.c,linux,overflow,6244.c,c
6245,overflow\6245.c,linux,overflow,6245.c,c
6246,overflow\6246.c,linux,overflow,6246.c,c
6247,overflow\6247.pl,linux,overflow,6247.pl,pl
6248,overflow\6248.rb,linux,overflow,6248.rb,rb
6249,overflow\6249.c,linux,overflow,6249.c,c
6250,overflow\6250.rb,linux,overflow,6250.rb,rb
6251,overflow\6251.c,linux,overflow,6251.c,c
6252,overflow\6252.c,linux,overflow,6252.c,c
6253,overflow\6253.c,linux,overflow,6253.c,c
6254,overflow\6254.c,linux,overflow,6254.c,c
6255,overflow\6255.c,linux,overflow,6255.c,c
6256,overflow\6256.c,linux,overflow,6256.c,c
6257,overflow\6257.c,linux,overflow,6257.c,c
6258,overflow\6258.c,linux,overflow,6258.c,c
6259,overflow\6259.c,linux,overflow,6259.c,c
6260,overflow\6260.rb,linux,overflow,6260.rb,rb
6261,injection\6261.rb,linux,injection,6261.rb,rb
6262,overflow\6262.pl,linux,overflow,6262.pl,pl
6263,overflow\6263.pl,linux,overflow,6263.pl,pl
6264,overflow\6264.c,linux,overflow,6264.c,c
6265,overflow\6265.pl,linux,overflow,6265.pl,pl
6266,overflow\6266.c,linux,overflow,6266.c,c
6267,overflow\6267.c,linux,overflow,6267.c,c
6268,overflow\6268.c,linux,overflow,6268.c,c
6269,denial of service\6269.c,linux,denial of service,6269.c,c
6270,overflow\6270.rb,linux,overflow,6270.rb,rb
6271,overflow\6271.c,linux,overflow,6271.c,c
6272,overflow\6272.c,linux,overflow,6272.c,c
6273,overflow\6273.rb,linux,overflow,6273.rb,rb
6274,overflow\6274.rb,linux,overflow,6274.rb,rb
6275,overflow\6275.c,linux,overflow,6275.c,c
6276,overflow\6276.c,linux,overflow,6276.c,c
6277,overflow\6277.c,linux,overflow,6277.c,c
6278,overflow\6278.c,linux,overflow,6278.c,c
6279,overflow\6279.c,linux,overflow,6279.c,c
6280,overflow\6280.c,linux,overflow,6280.c,c
6281,overflow\6281.c,linux,overflow,6281.c,c
6282,overflow\6282.rb,linux,overflow,6282.rb,rb
6283,overflow\6283.c,linux,overflow,6283.c,c
6284,overflow\6284.c,linux,overflow,6284.c,c
6285,overflow\6285.rb,linux,overflow,6285.rb,rb
6286,overflow\6286.py,linux,overflow,6286.py,py
6287,overflow\6287.rb,linux,overflow,6287.rb,rb
6288,overflow\6288.c,linux,overflow,6288.c,c
6289,overflow\6289.rb,linux,overflow,6289.rb,rb
6290,overflow\6290.c,linux,overflow,6290.c,c
6291,overflow\6291.c,linux,overflow,6291.c,c
6292,overflow\6292.c,linux,overflow,6292.c,c
6293,overflow\6293.c,linux,overflow,6293.c,c
6294,overflow\6294.c,linux,overflow,6294.c,c
6295,injection\6295.html,linux,injection,6295.html,html
6296,injection\6296.rb,linux,injection,6296.rb,rb
6297,file path\6297.py,linux,file path,6297.py,py
6298,overflow\6298.c,linux,overflow,6298.c,c
6299,overflow\6299.php,linux,overflow,6299.php,php
6300,overflow\6300.rb,linux,overflow,6300.rb,rb
6301,overflow\6301.c,linux,overflow,6301.c,c
6302,overflow\6302.c,linux,overflow,6302.c,c
6303,overflow\6303.rb,linux,overflow,6303.rb,rb
6304,overflow\6304.c,linux,overflow,6304.c,c
6305,overflow\6305.c,linux,overflow,6305.c,c
6306,overflow\6306.c,linux,overflow,6306.c,c
6307,overflow\6307.c,linux,overflow,6307.c,c
6308,overflow\6308.c,linux,overflow,6308.c,c
6309,overflow\6309.pl,linux,overflow,6309.pl,pl
6310,injection\6310.pl,linux,injection,6310.pl,pl
6311,overflow\6311.c,linux,overflow,6311.c,c
6312,overflow\6312.rb,linux,overflow,6312.rb,rb
6313,overflow\6313.rb,linux,overflow,6313.rb,rb
6314,overflow\6314.c,linux,overflow,6314.c,c
6315,injection\6315.py,linux,injection,6315.py,py
6316,overflow\6316.rb,linux,overflow,6316.rb,rb
6317,overflow\6317.c,linux,overflow,6317.c,c
6318,overflow\6318.c,linux,overflow,6318.c,c
6319,injection\6319.pl,linux,injection,6319.pl,pl
6320,overflow\6320.rb,linux,overflow,6320.rb,rb
6321,overflow\6321.rb,linux,overflow,6321.rb,rb
6322,overflow\6322.c,linux,overflow,6322.c,c
6323,overflow\6323.c,linux,overflow,6323.c,c
6324,overflow\6324.c,linux,overflow,6324.c,c
6325,overflow\6325.pl,linux,overflow,6325.pl,pl
6326,overflow\6326.c,linux,overflow,6326.c,c
6327,injection\6327.rb,linux,injection,6327.rb,rb
6328,overflow\6328.c,linux,overflow,6328.c,c
6329,overflow\6329.py,linux,overflow,6329.py,py
6330,overflow\6330.py,linux,overflow,6330.py,py
6331,overflow\6331.c,linux,overflow,6331.c,c
6332,overflow\6332.c,linux,overflow,6332.c,c
6333,overflow\6333.c,linux,overflow,6333.c,c
6334,overflow\6334.c,linux,overflow,6334.c,c
6335,overflow\6335.rb,linux,overflow,6335.rb,rb
6336,file path\6336.rb,linux,file path,6336.rb,rb
6337,overflow\6337.rb,linux,overflow,6337.rb,rb
6338,overflow\6338.rb,linux,overflow,6338.rb,rb
6339,overflow\6339.c,linux,overflow,6339.c,c
6340,overflow\6340.c,linux,overflow,6340.c,c
6341,overflow\6341.rb,linux,overflow,6341.rb,rb
6342,overflow\6342.rb,linux,overflow,6342.rb,rb
6343,overflow\6343.pl,linux,overflow,6343.pl,pl
6344,overflow\6344.rb,linux,overflow,6344.rb,rb
6345,overflow\6345.rb,linux,overflow,6345.rb,rb
6346,overflow\6346.pl,linux,overflow,6346.pl,pl
6347,overflow\6347.rb,linux,overflow,6347.rb,rb
6348,file path\6348.rb,linux,file path,6348.rb,rb
6349,overflow\6349.c,linux,overflow,6349.c,c
6350,overflow\6350.c,linux,overflow,6350.c,c
6351,overflow\6351.c,linux,overflow,6351.c,c
6352,overflow\6352.c,linux,overflow,6352.c,c
6353,overflow\6353.py,linux,overflow,6353.py,py
6354,overflow\6354.c,linux,overflow,6354.c,c
6355,overflow\6355.c,linux,overflow,6355.c,c
6356,overflow\6356.py,linux,overflow,6356.py,py
6357,injection\6357.rb,linux,injection,6357.rb,rb
6358,overflow\6358.rb,linux,overflow,6358.rb,rb
6359,overflow\6359.c,linux,overflow,6359.c,c
6360,overflow\6360.c,linux,overflow,6360.c,c
6361,overflow\6361.c,linux,overflow,6361.c,c
6362,overflow\6362.c,linux,overflow,6362.c,c
6363,overflow\6363.c,linux,overflow,6363.c,c
6364,overflow\6364.c,linux,overflow,6364.c,c
6365,injection\6365.rb,linux,injection,6365.rb,rb
6366,injection\6366.rb,linux,injection,6366.rb,rb
6367,injection\6367.py,linux,injection,6367.py,py
6368,overflow\6368.rb,linux,overflow,6368.rb,rb
6369,overflow\6369.c,linux,overflow,6369.c,c
6370,overflow\6370.c,linux,overflow,6370.c,c
6371,overflow\6371.py,linux,overflow,6371.py,py
6372,overflow\6372.c,linux,overflow,6372.c,c
6373,overflow\6373.c,linux,overflow,6373.c,c
6374,overflow\6374.c,linux,overflow,6374.c,c
6375,overflow\6375.rb,linux,overflow,6375.rb,rb
6376,overflow\6376.c,linux,overflow,6376.c,c
6377,overflow\6377.rb,linux,overflow,6377.rb,rb
6378,overflow\6378.rb,linux,overflow,6378.rb,rb
6379,overflow\6379.rb,linux,overflow,6379.rb,rb
6380,overflow\6380.c,linux,overflow,6380.c,c
6381,overflow\6381.c,linux,overflow,6381.c,c
6382,overflow\6382.c,linux,overflow,6382.c,c
6383,injection\6383.rb,linux,injection,6383.rb,rb
6384,file path\6384.pl,linux,file path,6384.pl,pl
6385,file path\6385.pl,linux,file path,6385.pl,pl
6386,overflow\6386.c,linux,overflow,6386.c,c
6387,overflow\6387.c,linux,overflow,6387.c,c
6388,overflow\6388.c,linux,overflow,6388.c,c
6389,overflow\6389.rb,linux,overflow,6389.rb,rb
6390,overflow\6390.py,linux,overflow,6390.py,py
6391,overflow\6391.c,linux,overflow,6391.c,c
6392,overflow\6392.c,linux,overflow,6392.c,c
6393,overflow\6393.c,linux,overflow,6393.c,c
6394,overflow\6394.c,linux,overflow,6394.c,c
6395,overflow\6395.c,linux,overflow,6395.c,c
6396,overflow\6396.c,linux,overflow,6396.c,c
6397,overflow\6397.c,linux,overflow,6397.c,c
6398,overflow\6398.c,linux,overflow,6398.c,c
6399,overflow\6399.c,linux,overflow,6399.c,c
6400,overflow\6400.c,linux,overflow,6400.c,c
6401,overflow\6401.c,linux,overflow,6401.c,c
6402,overflow\6402.c,linux,overflow,6402.c,c
6403,injection\6403.html,linux,injection,6403.html,html
6404,overflow\6404.c,linux,overflow,6404.c,c
6405,file path\6405.c,linux,file path,6405.c,c
6406,file path\6406.pl,linux,file path,6406.pl,pl
6407,overflow\6407.c,linux,overflow,6407.c,c
6408,injection\6408.rb,linux,injection,6408.rb,rb
6409,file path\6409.rb,linux,file path,6409.rb,rb
6410,injection\6410.rb,linux,injection,6410.rb,rb
6411,injection\6411.rb,linux,injection,6411.rb,rb
6412,overflow\6412.py,linux,overflow,6412.py,py
6413,file path\6413.pl,linux,file path,6413.pl,pl
6414,injection\6414.py,linux,injection,6414.py,py
6415,file path\6415.pl,linux,file path,6415.pl,pl
6416,file path\6416.rb,linux,file path,6416.rb,rb
6417,injection\6417.py,linux,injection,6417.py,py
6418,injection\6418.rb,linux,injection,6418.rb,rb
6419,injection\6419.py,linux,injection,6419.py,py
6420,injection\6420.py,linux,injection,6420.py,py
6421,injection\6421.rb,linux,injection,6421.rb,rb
6422,injection\6422.py,linux,injection,6422.py,py
6423,file path\6423.py,linux,file path,6423.py,py
6424,file path\6424.py,linux,file path,6424.py,py
6425,injection\6425.rb,linux,injection,6425.rb,rb
6426,injection\6426.rb,linux,injection,6426.rb,rb
6427,file path\6427.rb,linux,file path,6427.rb,rb
6428,injection\6428.rb,linux_mips,injection,6428.rb,rb
6429,denial of service\6429.py,linux_x86,denial of service,6429.py,py
6430,overflow\6430.c,linux_x86,overflow,6430.c,c
6431,overflow\6431.rb,linux_x86,overflow,6431.rb,rb
6432,denial of service\6432.c,linux_x86-64,denial of service,6432.c,c
6433,denial of service\6433.c,macos,denial of service,6433.c,c
6434,denial of service\6434.py,macos,denial of service,6434.py,py
6435,denial of service\6435.c,macos,denial of service,6435.c,c
6436,denial of service\6436.c,macos,denial of service,6436.c,c
6437,denial of service\6437.c,macos,denial of service,6437.c,c
6438,denial of service\6438.py,macos,denial of service,6438.py,py
6439,denial of service\6439.c,macos,denial of service,6439.c,c
6440,denial of service\6440.py,macos,denial of service,6440.py,py
6441,denial of service\6441.py,macos,denial of service,6441.py,py
6442,injection\6442.rb,macos,injection,6442.rb,rb
6443,injection\6443.html,macos,injection,6443.html,html
6444,injection\6444.html,macos,injection,6444.html,html
6445,denial of service\6445.c,multiple,denial of service,6445.c,c
6446,denial of service\6446.py,multiple,denial of service,6446.py,py
6447,denial of service\6447.c,multiple,denial of service,6447.c,c
6448,denial of service\6448.c,multiple,denial of service,6448.c,c
6449,denial of service\6449.pl,multiple,denial of service,6449.pl,pl
6450,overflow\6450.py,multiple,overflow,6450.py,py
6451,denial of service\6451.html,multiple,denial of service,6451.html,html
6452,denial of service\6452.rb,multiple,denial of service,6452.rb,rb
6453,denial of service\6453.pl,multiple,denial of service,6453.pl,pl
6454,denial of service\6454.py,multiple,denial of service,6454.py,py
6455,denial of service\6455.pl,multiple,denial of service,6455.pl,pl
6456,denial of service\6456.pl,multiple,denial of service,6456.pl,pl
6457,denial of service\6457.pl,multiple,denial of service,6457.pl,pl
6458,denial of service\6458.pl,multiple,denial of service,6458.pl,pl
6459,denial of service\6459.rb,multiple,denial of service,6459.rb,rb
6460,denial of service\6460.pl,multiple,denial of service,6460.pl,pl
6461,denial of service\6461.pl,multiple,denial of service,6461.pl,pl
6462,denial of service\6462.py,multiple,denial of service,6462.py,py
6463,overflow\6463.c,multiple,overflow,6463.c,c
6464,overflow\6464.py,multiple,overflow,6464.py,py
6465,overflow\6465.c,multiple,overflow,6465.c,c
6466,denial of service\6466.c,multiple,denial of service,6466.c,c
6467,overflow\6467.c,multiple,overflow,6467.c,c
6468,overflow\6468.c,multiple,overflow,6468.c,c
6469,denial of service\6469.html,multiple,denial of service,6469.html,html
6470,denial of service\6470.html,multiple,denial of service,6470.html,html
6471,overflow\6471.html,multiple,overflow,6471.html,html
6472,overflow\6472.html,multiple,overflow,6472.html,html
6473,denial of service\6473.html,multiple,denial of service,6473.html,html
6474,overflow\6474.pl,multiple,overflow,6474.pl,pl
6475,denial of service\6475.c,multiple,denial of service,6475.c,c
6476,denial of service\6476.pl,multiple,denial of service,6476.pl,pl
6477,denial of service\6477.c,multiple,denial of service,6477.c,c
6478,denial of service\6478.pl,multiple,denial of service,6478.pl,pl
6479,denial of service\6479.c,multiple,denial of service,6479.c,c
6480,overflow\6480.rb,multiple,overflow,6480.rb,rb
6481,denial of service\6481.py,multiple,denial of service,6481.py,py
6482,denial of service\6482.c,multiple,denial of service,6482.c,c
6483,overflow\6483.pl,multiple,overflow,6483.pl,pl
6484,overflow\6484.html,multiple,overflow,6484.html,html
6485,denial of service\6485.py,multiple,denial of service,6485.py,py
6486,denial of service\6486.c,multiple,denial of service,6486.c,c
6487,overflow\6487.py,multiple,overflow,6487.py,py
6488,denial of service\6488.c,multiple,denial of service,6488.c,c
6489,denial of service\6489.c,multiple,denial of service,6489.c,c
6490,denial of service\6490.pl,multiple,denial of service,6490.pl,pl
6491,overflow\6491.c,multiple,overflow,6491.c,c
6492,denial of service\6492.py,multiple,denial of service,6492.py,py
6493,denial of service\6493.py,multiple,denial of service,6493.py,py
6494,denial of service\6494.c,multiple,denial of service,6494.c,c
6495,denial of service\6495.pl,multiple,denial of service,6495.pl,pl
6496,denial of service\6496.py,multiple,denial of service,6496.py,py
6497,denial of service\6497.pl,multiple,denial of service,6497.pl,pl
6498,overflow\6498.py,multiple,overflow,6498.py,py
6499,overflow\6499.py,multiple,overflow,6499.py,py
6500,denial of service\6500.py,multiple,denial of service,6500.py,py
6501,overflow\6501.py,multiple,overflow,6501.py,py
6502,denial of service\6502.pl,multiple,denial of service,6502.pl,pl
6503,denial of service\6503.pl,multiple,denial of service,6503.pl,pl
6504,overflow\6504.html,multiple,overflow,6504.html,html
6505,denial of service\6505.pl,multiple,denial of service,6505.pl,pl
6506,denial of service\6506.c,multiple,denial of service,6506.c,c
6507,denial of service\6507.c,multiple,denial of service,6507.c,c
6508,denial of service\6508.pl,multiple,denial of service,6508.pl,pl
6509,denial of service\6509.c,multiple,denial of service,6509.c,c
6510,denial of service\6510.c,multiple,denial of service,6510.c,c
6511,denial of service\6511.c,multiple,denial of service,6511.c,c
6512,denial of service\6512.c,multiple,denial of service,6512.c,c
6513,denial of service\6513.c,multiple,denial of service,6513.c,c
6514,denial of service\6514.pl,multiple,denial of service,6514.pl,pl
6515,overflow\6515.c,multiple,overflow,6515.c,c
6516,denial of service\6516.py,multiple,denial of service,6516.py,py
6517,denial of service\6517.html,multiple,denial of service,6517.html,html
6518,overflow\6518.html,multiple,overflow,6518.html,html
6519,overflow\6519.html,multiple,overflow,6519.html,html
6520,denial of service\6520.c,multiple,denial of service,6520.c,c
6521,denial of service\6521.c,multiple,denial of service,6521.c,c
6522,denial of service\6522.c,multiple,denial of service,6522.c,c
6523,denial of service\6523.c,multiple,denial of service,6523.c,c
6524,denial of service\6524.pl,multiple,denial of service,6524.pl,pl
6525,denial of service\6525.py,multiple,denial of service,6525.py,py
6526,denial of service\6526.pl,multiple,denial of service,6526.pl,pl
6527,overflow\6527.pl,multiple,overflow,6527.pl,pl
6528,denial of service\6528.py,multiple,denial of service,6528.py,py
6529,denial of service\6529.html,multiple,denial of service,6529.html,html
6530,denial of service\6530.pl,multiple,denial of service,6530.pl,pl
6531,overflow\6531.py,multiple,overflow,6531.py,py
6532,injection\6532.html,multiple,injection,6532.html,html
6533,denial of service\6533.html,multiple,denial of service,6533.html,html
6534,denial of service\6534.html,multiple,denial of service,6534.html,html
6535,denial of service\6535.html,multiple,denial of service,6535.html,html
6536,denial of service\6536.html,multiple,denial of service,6536.html,html
6537,overflow\6537.py,multiple,overflow,6537.py,py
6538,denial of service\6538.pl,multiple,denial of service,6538.pl,pl
6539,denial of service\6539.php,multiple,denial of service,6539.php,php
6540,denial of service\6540.py,multiple,denial of service,6540.py,py
6541,overflow\6541.py,multiple,overflow,6541.py,py
6542,denial of service\6542.c,multiple,denial of service,6542.c,c
6543,denial of service\6543.pl,multiple,denial of service,6543.pl,pl
6544,overflow\6544.py,multiple,overflow,6544.py,py
6545,denial of service\6545.py,multiple,denial of service,6545.py,py
6546,denial of service\6546.py,multiple,denial of service,6546.py,py
6547,denial of service\6547.html,multiple,denial of service,6547.html,html
6548,denial of service\6548.html,multiple,denial of service,6548.html,html
6549,denial of service\6549.rb,multiple,denial of service,6549.rb,rb
6550,denial of service\6550.php,multiple,denial of service,6550.php,php
6551,denial of service\6551.c,multiple,denial of service,6551.c,c
6552,overflow\6552.c,multiple,overflow,6552.c,c
6553,denial of service\6553.pl,multiple,denial of service,6553.pl,pl
6554,denial of service\6554.pl,multiple,denial of service,6554.pl,pl
6555,overflow\6555.pl,multiple,overflow,6555.pl,pl
6556,overflow\6556.php,multiple,overflow,6556.php,php
6557,denial of service\6557.c,multiple,denial of service,6557.c,c
6558,denial of service\6558.py,multiple,denial of service,6558.py,py
6559,denial of service\6559.c,multiple,denial of service,6559.c,c
6560,denial of service\6560.py,multiple,denial of service,6560.py,py
6561,denial of service\6561.py,multiple,denial of service,6561.py,py
6562,denial of service\6562.html,multiple,denial of service,6562.html,html
6563,denial of service\6563.pl,multiple,denial of service,6563.pl,pl
6564,denial of service\6564.php,multiple,denial of service,6564.php,php
6565,overflow\6565.c,multiple,overflow,6565.c,c
6566,denial of service\6566.c,multiple,denial of service,6566.c,c
6567,overflow\6567.py,multiple,overflow,6567.py,py
6568,denial of service\6568.py,multiple,denial of service,6568.py,py
6569,overflow\6569.pl,multiple,overflow,6569.pl,pl
6570,overflow\6570.c,multiple,overflow,6570.c,c
6571,denial of service\6571.c,multiple,denial of service,6571.c,c
6572,denial of service\6572.pl,multiple,denial of service,6572.pl,pl
6573,denial of service\6573.pl,multiple,denial of service,6573.pl,pl
6574,overflow\6574.pl,multiple,overflow,6574.pl,pl
6575,denial of service\6575.c,multiple,denial of service,6575.c,c
6576,denial of service\6576.php,multiple,denial of service,6576.php,php
6577,denial of service\6577.html,multiple,denial of service,6577.html,html
6578,denial of service\6578.html,multiple,denial of service,6578.html,html
6579,denial of service\6579.html,multiple,denial of service,6579.html,html
6580,denial of service\6580.html,multiple,denial of service,6580.html,html
6581,overflow\6581.html,multiple,overflow,6581.html,html
6582,denial of service\6582.html,multiple,denial of service,6582.html,html
6583,denial of service\6583.html,multiple,denial of service,6583.html,html
6584,denial of service\6584.html,multiple,denial of service,6584.html,html
6585,denial of service\6585.html,multiple,denial of service,6585.html,html
6586,denial of service\6586.html,multiple,denial of service,6586.html,html
6587,denial of service\6587.pl,multiple,denial of service,6587.pl,pl
6588,denial of service\6588.html,multiple,denial of service,6588.html,html
6589,denial of service\6589.html,multiple,denial of service,6589.html,html
6590,denial of service\6590.py,multiple,denial of service,6590.py,py
6591,denial of service\6591.html,multiple,denial of service,6591.html,html
6592,denial of service\6592.html,multiple,denial of service,6592.html,html
6593,denial of service\6593.html,multiple,denial of service,6593.html,html
6594,denial of service\6594.html,multiple,denial of service,6594.html,html
6595,denial of service\6595.php,multiple,denial of service,6595.php,php
6596,denial of service\6596.html,multiple,denial of service,6596.html,html
6597,overflow\6597.pl,multiple,overflow,6597.pl,pl
6598,denial of service\6598.py,multiple,denial of service,6598.py,py
6599,denial of service\6599.pl,multiple,denial of service,6599.pl,pl
6600,denial of service\6600.php,multiple,denial of service,6600.php,php
6601,denial of service\6601.c,multiple,denial of service,6601.c,c
6602,denial of service\6602.c,multiple,denial of service,6602.c,c
6603,denial of service\6603.c,multiple,denial of service,6603.c,c
6604,denial of service\6604.py,multiple,denial of service,6604.py,py
6605,overflow\6605.py,multiple,overflow,6605.py,py
6606,overflow\6606.py,multiple,overflow,6606.py,py
6607,denial of service\6607.c,multiple,denial of service,6607.c,c
6608,denial of service\6608.pl,multiple,denial of service,6608.pl,pl
6609,overflow\6609.html,multiple,overflow,6609.html,html
6610,denial of service\6610.c,multiple,denial of service,6610.c,c
6611,overflow\6611.pl,multiple,overflow,6611.pl,pl
6612,denial of service\6612.c,multiple,denial of service,6612.c,c
6613,denial of service\6613.html,multiple,denial of service,6613.html,html
6614,denial of service\6614.c,multiple,denial of service,6614.c,c
6615,denial of service\6615.c,multiple,denial of service,6615.c,c
6616,denial of service\6616.pl,multiple,denial of service,6616.pl,pl
6617,denial of service\6617.pl,multiple,denial of service,6617.pl,pl
6618,denial of service\6618.pl,multiple,denial of service,6618.pl,pl
6619,denial of service\6619.py,multiple,denial of service,6619.py,py
6620,denial of service\6620.c,multiple,denial of service,6620.c,c
6621,denial of service\6621.c,multiple,denial of service,6621.c,c
6622,denial of service\6622.c,multiple,denial of service,6622.c,c
6623,denial of service\6623.pl,multiple,denial of service,6623.pl,pl
6624,denial of service\6624.py,multiple,denial of service,6624.py,py
6625,denial of service\6625.html,multiple,denial of service,6625.html,html
6626,denial of service\6626.c,multiple,denial of service,6626.c,c
6627,denial of service\6627.html,multiple,denial of service,6627.html,html
6628,denial of service\6628.py,multiple,denial of service,6628.py,py
6629,denial of service\6629.html,multiple,denial of service,6629.html,html
6630,denial of service\6630.c,multiple,denial of service,6630.c,c
6631,denial of service\6631.html,multiple,denial of service,6631.html,html
6632,denial of service\6632.c,multiple,denial of service,6632.c,c
6633,denial of service\6633.py,multiple,denial of service,6633.py,py
6634,denial of service\6634.py,multiple,denial of service,6634.py,py
6635,denial of service\6635.c,multiple,denial of service,6635.c,c
6636,denial of service\6636.pl,multiple,denial of service,6636.pl,pl
6637,denial of service\6637.pl,multiple,denial of service,6637.pl,pl
6638,overflow\6638.php,multiple,overflow,6638.php,php
6639,denial of service\6639.php,multiple,denial of service,6639.php,php
6640,overflow\6640.php,multiple,overflow,6640.php,php
6641,overflow\6641.php,multiple,overflow,6641.php,php
6642,denial of service\6642.php,multiple,denial of service,6642.php,php
6643,denial of service\6643.php,multiple,denial of service,6643.php,php
6644,denial of service\6644.py,multiple,denial of service,6644.py,py
6645,overflow\6645.php,multiple,overflow,6645.php,php
6646,overflow\6646.php,multiple,overflow,6646.php,php
6647,overflow\6647.c,multiple,overflow,6647.c,c
6648,denial of service\6648.pl,multiple,denial of service,6648.pl,pl
6649,denial of service\6649.c,multiple,denial of service,6649.c,c
6650,denial of service\6650.c,multiple,denial of service,6650.c,c
6651,denial of service\6651.py,multiple,denial of service,6651.py,py
6652,overflow\6652.c,multiple,overflow,6652.c,c
6653,denial of service\6653.py,multiple,denial of service,6653.py,py
6654,denial of service\6654.c,multiple,denial of service,6654.c,c
6655,denial of service\6655.py,multiple,denial of service,6655.py,py
6656,overflow\6656.py,multiple,overflow,6656.py,py
6657,overflow\6657.c,multiple,overflow,6657.c,c
6658,overflow\6658.pl,multiple,overflow,6658.pl,pl
6659,denial of service\6659.html,multiple,denial of service,6659.html,html
6660,overflow\6660.pl,multiple,overflow,6660.pl,pl
6661,overflow\6661.py,multiple,overflow,6661.py,py
6662,denial of service\6662.rb,multiple,denial of service,6662.rb,rb
6663,denial of service\6663.c,multiple,denial of service,6663.c,c
6664,overflow\6664.pl,multiple,overflow,6664.pl,pl
6665,denial of service\6665.pl,multiple,denial of service,6665.pl,pl
6666,denial of service\6666.c,multiple,denial of service,6666.c,c
6667,overflow\6667.html,multiple,overflow,6667.html,html
6668,overflow\6668.c,multiple,overflow,6668.c,c
6669,denial of service\6669.c,multiple,denial of service,6669.c,c
6670,denial of service\6670.c,multiple,denial of service,6670.c,c
6671,denial of service\6671.pl,multiple,denial of service,6671.pl,pl
6672,denial of service\6672.pl,multiple,denial of service,6672.pl,pl
6673,overflow\6673.c,multiple,overflow,6673.c,c
6674,denial of service\6674.py,multiple,denial of service,6674.py,py
6675,overflow\6675.py,multiple,overflow,6675.py,py
6676,overflow\6676.html,multiple,overflow,6676.html,html
6677,denial of service\6677.c,multiple,denial of service,6677.c,c
6678,denial of service\6678.c,multiple,denial of service,6678.c,c
6679,denial of service\6679.pl,multiple,denial of service,6679.pl,pl
6680,denial of service\6680.rb,multiple,denial of service,6680.rb,rb
6681,denial of service\6681.c,multiple,denial of service,6681.c,c
6682,denial of service\6682.c,multiple,denial of service,6682.c,c
6683,denial of service\6683.py,multiple,denial of service,6683.py,py
6684,overflow\6684.html,multiple,overflow,6684.html,html
6685,denial of service\6685.pl,multiple,denial of service,6685.pl,pl
6686,denial of service\6686.c,multiple,denial of service,6686.c,c
6687,denial of service\6687.pl,multiple,denial of service,6687.pl,pl
6688,denial of service\6688.c,multiple,denial of service,6688.c,c
6689,overflow\6689.pl,multiple,overflow,6689.pl,pl
6690,overflow\6690.py,multiple,overflow,6690.py,py
6691,denial of service\6691.pl,multiple,denial of service,6691.pl,pl
6692,denial of service\6692.c,multiple,denial of service,6692.c,c
6693,denial of service\6693.c,multiple,denial of service,6693.c,c
6694,denial of service\6694.pl,multiple,denial of service,6694.pl,pl
6695,denial of service\6695.py,multiple,denial of service,6695.py,py
6696,overflow\6696.html,multiple,overflow,6696.html,html
6697,injection\6697.html,multiple,injection,6697.html,html
6698,overflow\6698.html,multiple,overflow,6698.html,html
6699,denial of service\6699.pl,multiple,denial of service,6699.pl,pl
6700,denial of service\6700.pl,multiple,denial of service,6700.pl,pl
6701,overflow\6701.c,multiple,overflow,6701.c,c
6702,overflow\6702.py,multiple,overflow,6702.py,py
6703,overflow\6703.py,multiple,overflow,6703.py,py
6704,denial of service\6704.rb,multiple,denial of service,6704.rb,rb
6705,denial of service\6705.c,multiple,denial of service,6705.c,c
6706,overflow\6706.c,multiple,overflow,6706.c,c
6707,denial of service\6707.pl,multiple,denial of service,6707.pl,pl
6708,overflow\6708.py,multiple,overflow,6708.py,py
6709,denial of service\6709.c,multiple,denial of service,6709.c,c
6710,denial of service\6710.py,multiple,denial of service,6710.py,py
6711,denial of service\6711.c,multiple,denial of service,6711.c,c
6712,denial of service\6712.py,multiple,denial of service,6712.py,py
6713,injection\6713.py,multiple,injection,6713.py,py
6714,overflow\6714.rb,multiple,overflow,6714.rb,rb
6715,overflow\6715.pl,multiple,overflow,6715.pl,pl
6716,overflow\6716.c,multiple,overflow,6716.c,c
6717,file path\6717.py,multiple,file path,6717.py,py
6718,overflow\6718.c,multiple,overflow,6718.c,c
6719,overflow\6719.pl,multiple,overflow,6719.pl,pl
6720,overflow\6720.c,multiple,overflow,6720.c,c
6721,injection\6721.py,multiple,injection,6721.py,py
6722,injection\6722.rb,multiple,injection,6722.rb,rb
6723,overflow\6723.c,multiple,overflow,6723.c,c
6724,overflow\6724.py,multiple,overflow,6724.py,py
6725,injection\6725.rb,multiple,injection,6725.rb,rb
6726,injection\6726.pl,multiple,injection,6726.pl,pl
6727,injection\6727.pl,multiple,injection,6727.pl,pl
6728,injection\6728.rb,multiple,injection,6728.rb,rb
6729,overflow\6729.php,multiple,overflow,6729.php,php
6730,overflow\6730.php,multiple,overflow,6730.php,php
6731,overflow\6731.c,multiple,overflow,6731.c,c
6732,overflow\6732.c,multiple,overflow,6732.c,c
6733,overflow\6733.py,multiple,overflow,6733.py,py
6734,overflow\6734.c,multiple,overflow,6734.c,c
6735,overflow\6735.c,multiple,overflow,6735.c,c
6736,overflow\6736.c,multiple,overflow,6736.c,c
6737,injection\6737.html,multiple,injection,6737.html,html
6738,overflow\6738.c,multiple,overflow,6738.c,c
6739,overflow\6739.pl,multiple,overflow,6739.pl,pl
6740,overflow\6740.rb,multiple,overflow,6740.rb,rb
6741,file path\6741.py,multiple,file path,6741.py,py
6742,file path\6742.rb,multiple,file path,6742.rb,rb
6743,overflow\6743.rb,multiple,overflow,6743.rb,rb
6744,overflow\6744.rb,multiple,overflow,6744.rb,rb
6745,overflow\6745.py,multiple,overflow,6745.py,py
6746,denial of service\6746.py,multiple,denial of service,6746.py,py
6747,denial of service\6747.py,multiple,denial of service,6747.py,py
6748,overflow\6748.pl,multiple,overflow,6748.pl,pl
6749,denial of service\6749.py,multiple,denial of service,6749.py,py
6750,injection\6750.html,multiple,injection,6750.html,html
6751,overflow\6751.rb,multiple,overflow,6751.rb,rb
6752,overflow\6752.c,multiple,overflow,6752.c,c
6753,overflow\6753.c,multiple,overflow,6753.c,c
6754,overflow\6754.c,multiple,overflow,6754.c,c
6755,overflow\6755.c,multiple,overflow,6755.c,c
6756,overflow\6756.c,multiple,overflow,6756.c,c
6757,overflow\6757.c,multiple,overflow,6757.c,c
6758,file path\6758.py,multiple,file path,6758.py,py
6759,overflow\6759.c,multiple,overflow,6759.c,c
6760,overflow\6760.rb,multiple,overflow,6760.rb,rb
6761,overflow\6761.rb,multiple,overflow,6761.rb,rb
6762,overflow\6762.py,multiple,overflow,6762.py,py
6763,injection\6763.rb,multiple,injection,6763.rb,rb
6764,injection\6764.html,multiple,injection,6764.html,html
6765,overflow\6765.py,multiple,overflow,6765.py,py
6766,overflow\6766.py,multiple,overflow,6766.py,py
6767,overflow\6767.c,multiple,overflow,6767.c,c
6768,overflow\6768.py,multiple,overflow,6768.py,py
6769,injection\6769.rb,multiple,injection,6769.rb,rb
6770,injection\6770.py,multiple,injection,6770.py,py
6771,injection\6771.rb,multiple,injection,6771.rb,rb
6772,overflow\6772.py,multiple,overflow,6772.py,py
6773,denial of service\6773.py,multiple,denial of service,6773.py,py
6774,file path\6774.rb,multiple,file path,6774.rb,rb
6775,file path\6775.py,multiple,file path,6775.py,py
6776,denial of service\6776.py,multiple,denial of service,6776.py,py
6777,overflow\6777.pl,multiple,overflow,6777.pl,pl
6778,file path\6778.rb,multiple,file path,6778.rb,rb
6779,overflow\6779.c,multiple,overflow,6779.c,c
6780,overflow\6780.pl,multiple,overflow,6780.pl,pl
6781,file path\6781.pl,multiple,file path,6781.pl,pl
6782,injection\6782.py,multiple,injection,6782.py,py
6783,injection\6783.rb,multiple,injection,6783.rb,rb
6784,overflow\6784.py,multiple,overflow,6784.py,py
6785,file path\6785.html,multiple,file path,6785.html,html
6786,overflow\6786.pl,multiple,overflow,6786.pl,pl
6787,injection\6787.rb,multiple,injection,6787.rb,rb
6788,denial of service\6788.py,multiple,denial of service,6788.py,py
6789,injection\6789.rb,multiple,injection,6789.rb,rb
6790,file path\6790.rb,multiple,file path,6790.rb,rb
6791,overflow\6791.rb,multiple,overflow,6791.rb,rb
6792,overflow\6792.c,multiple,overflow,6792.c,c
6793,injection\6793.py,multiple,injection,6793.py,py
6794,injection\6794.rb,multiple,injection,6794.rb,rb
6795,overflow\6795.pl,multiple,overflow,6795.pl,pl
6796,injection\6796.pl,multiple,injection,6796.pl,pl
6797,injection\6797.pl,multiple,injection,6797.pl,pl
6798,injection\6798.pl,multiple,injection,6798.pl,pl
6799,injection\6799.pl,multiple,injection,6799.pl,pl
6800,injection\6800.pl,multiple,injection,6800.pl,pl
6801,injection\6801.pl,multiple,injection,6801.pl,pl
6802,injection\6802.pl,multiple,injection,6802.pl,pl
6803,injection\6803.pl,multiple,injection,6803.pl,pl
6804,injection\6804.pl,multiple,injection,6804.pl,pl
6805,injection\6805.pl,multiple,injection,6805.pl,pl
6806,overflow\6806.rb,multiple,overflow,6806.rb,rb
6807,injection\6807.pl,multiple,injection,6807.pl,pl
6808,denial of service\6808.py,multiple,denial of service,6808.py,py
6809,file path\6809.rb,multiple,file path,6809.rb,rb
6810,overflow\6810.pl,multiple,overflow,6810.pl,pl
6811,overflow\6811.rb,multiple,overflow,6811.rb,rb
6812,overflow\6812.rb,multiple,overflow,6812.rb,rb
6813,overflow\6813.c,multiple,overflow,6813.c,c
6814,overflow\6814.rb,multiple,overflow,6814.rb,rb
6815,file path\6815.py,multiple,file path,6815.py,py
6816,overflow\6816.rb,multiple,overflow,6816.rb,rb
6817,overflow\6817.c,multiple,overflow,6817.c,c
6818,overflow\6818.c,multiple,overflow,6818.c,c
6819,overflow\6819.c,multiple,overflow,6819.c,c
6820,overflow\6820.rb,multiple,overflow,6820.rb,rb
6821,overflow\6821.rb,multiple,overflow,6821.rb,rb
6822,overflow\6822.rb,multiple,overflow,6822.rb,rb
6823,overflow\6823.rb,multiple,overflow,6823.rb,rb
6824,injection\6824.c,multiple,injection,6824.c,c
6825,injection\6825.c,multiple,injection,6825.c,c
6826,overflow\6826.c,multiple,overflow,6826.c,c
6827,injection\6827.c,multiple,injection,6827.c,c
6828,overflow\6828.c,multiple,overflow,6828.c,c
6829,overflow\6829.rb,multiple,overflow,6829.rb,rb
6830,injection\6830.rb,multiple,injection,6830.rb,rb
6831,overflow\6831.c,multiple,overflow,6831.c,c
6832,denial of service\6832.py,multiple,denial of service,6832.py,py
6833,overflow\6833.c,multiple,overflow,6833.c,c
6834,file path\6834.pl,multiple,file path,6834.pl,pl
6835,overflow\6835.rb,multiple,overflow,6835.rb,rb
6836,overflow\6836.c,multiple,overflow,6836.c,c
6837,injection\6837.py,multiple,injection,6837.py,py
6838,injection\6838.html,multiple,injection,6838.html,html
6839,overflow\6839.py,multiple,overflow,6839.py,py
6840,injection\6840.html,multiple,injection,6840.html,html
6841,injection\6841.html,multiple,injection,6841.html,html
6842,injection\6842.html,multiple,injection,6842.html,html
6843,injection\6843.html,multiple,injection,6843.html,html
6844,injection\6844.html,multiple,injection,6844.html,html
6845,injection\6845.html,multiple,injection,6845.html,html
6846,injection\6846.html,multiple,injection,6846.html,html
6847,injection\6847.html,multiple,injection,6847.html,html
6848,injection\6848.html,multiple,injection,6848.html,html
6849,injection\6849.html,multiple,injection,6849.html,html
6850,injection\6850.html,multiple,injection,6850.html,html
6851,injection\6851.c,multiple,injection,6851.c,c
6852,injection\6852.py,multiple,injection,6852.py,py
6853,injection\6853.py,multiple,injection,6853.py,py
6854,injection\6854.py,multiple,injection,6854.py,py
6855,injection\6855.c,multiple,injection,6855.c,c
6856,injection\6856.py,multiple,injection,6856.py,py
6857,injection\6857.py,multiple,injection,6857.py,py
6858,injection\6858.py,multiple,injection,6858.py,py
6859,injection\6859.py,multiple,injection,6859.py,py
6860,injection\6860.py,multiple,injection,6860.py,py
6861,injection\6861.pl,multiple,injection,6861.pl,pl
6862,injection\6862.c,multiple,injection,6862.c,c
6863,injection\6863.py,multiple,injection,6863.py,py
6864,injection\6864.py,multiple,injection,6864.py,py
6865,injection\6865.py,multiple,injection,6865.py,py
6866,file path\6866.py,multiple,file path,6866.py,py
6867,injection\6867.py,multiple,injection,6867.py,py
6868,injection\6868.c,multiple,injection,6868.c,c
6869,file path\6869.py,multiple,file path,6869.py,py
6870,file path\6870.py,multiple,file path,6870.py,py
6871,file path\6871.py,multiple,file path,6871.py,py
6872,injection\6872.py,multiple,injection,6872.py,py
6873,injection\6873.py,multiple,injection,6873.py,py
6874,file path\6874.py,multiple,file path,6874.py,py
6875,injection\6875.py,multiple,injection,6875.py,py
6876,file path\6876.rb,multiple,file path,6876.rb,rb
6877,injection\6877.py,multiple,injection,6877.py,py
6878,injection\6878.pl,multiple,injection,6878.pl,pl
6879,injection\6879.py,multiple,injection,6879.py,py
6880,file path\6880.py,multiple,file path,6880.py,py
6881,injection\6881.py,multiple,injection,6881.py,py
6882,injection\6882.py,multiple,injection,6882.py,py
6883,injection\6883.rb,multiple,injection,6883.rb,rb
6884,file path\6884.py,multiple,file path,6884.py,py
6885,injection\6885.rb,multiple,injection,6885.rb,rb
6886,overflow\6886.py,multiple,overflow,6886.py,py
6887,injection\6887.py,multiple,injection,6887.py,py
6888,injection\6888.py,multiple,injection,6888.py,py
6889,file path\6889.py,multiple,file path,6889.py,py
6890,injection\6890.py,multiple,injection,6890.py,py
6891,injection\6891.py,multiple,injection,6891.py,py
6892,injection\6892.c,multiple,injection,6892.c,c
6893,file path\6893.py,multiple,file path,6893.py,py
6894,injection\6894.py,multiple,injection,6894.py,py
6895,injection\6895.py,multiple,injection,6895.py,py
6896,injection\6896.py,multiple,injection,6896.py,py
6897,file path\6897.py,multiple,file path,6897.py,py
6898,file path\6898.py,multiple,file path,6898.py,py
6899,denial of service\6899.py,multiple,denial of service,6899.py,py
6900,injection\6900.py,multiple,injection,6900.py,py
6901,file path\6901.py,multiple,file path,6901.py,py
6902,injection\6902.html,multiple,injection,6902.html,html
6903,injection\6903.html,multiple,injection,6903.html,html
6904,injection\6904.html,multiple,injection,6904.html,html
6905,injection\6905.html,multiple,injection,6905.html,html
6906,injection\6906.html,multiple,injection,6906.html,html
6907,injection\6907.html,multiple,injection,6907.html,html
6908,injection\6908.py,multiple,injection,6908.py,py
6909,injection\6909.py,multiple,injection,6909.py,py
6910,injection\6910.py,multiple,injection,6910.py,py
6911,injection\6911.c,multiple,injection,6911.c,c
6912,overflow\6912.pl,netbsd_x86,overflow,6912.pl,pl
6913,overflow\6913.rb,netware,overflow,6913.rb,rb
6914,overflow\6914.rb,netware,overflow,6914.rb,rb
6915,file path\6915.py,nodejs,file path,6915.py,py
6916,denial of service\6916.c,novell,denial of service,6916.c,c
6917,denial of service\6917.html,novell,denial of service,6917.html,html
6918,denial of service\6918.html,novell,denial of service,6918.html,html
6919,overflow\6919.pl,novell,overflow,6919.pl,pl
6920,overflow\6920.py,novell,overflow,6920.py,py
6921,denial of service\6921.py,novell,denial of service,6921.py,py
6922,overflow\6922.pl,novell,overflow,6922.pl,pl
6923,overflow\6923.pl,novell,overflow,6923.pl,pl
6924,overflow\6924.pl,novell,overflow,6924.pl,pl
6925,overflow\6925.c,novell,overflow,6925.c,c
6926,overflow\6926.rb,novell,overflow,6926.rb,rb
6927,overflow\6927.rb,novell,overflow,6927.rb,rb
6928,denial of service\6928.c,openbsd,denial of service,6928.c,c
6929,denial of service\6929.c,openbsd,denial of service,6929.c,c
6930,denial of service\6930.c,openbsd,denial of service,6930.c,c
6931,denial of service\6931.c,openbsd,denial of service,6931.c,c
6932,denial of service\6932.py,openbsd,denial of service,6932.py,py
6933,injection\6933.c,openbsd,injection,6933.c,c
6934,overflow\6934.c,openbsd,overflow,6934.c,c
6935,overflow\6935.c,openbsd,overflow,6935.c,c
6936,overflow\6936.c,openbsd,overflow,6936.c,c
6937,overflow\6937.py,openbsd,overflow,6937.py,py
6938,denial of service\6938.rb,osx,denial of service,6938.rb,rb
6939,denial of service\6939.rb,osx,denial of service,6939.rb,rb
6940,overflow\6940.rb,osx,overflow,6940.rb,rb
6941,overflow\6941.c,osx,overflow,6941.c,c
6942,overflow\6942.c,osx,overflow,6942.c,c
6943,denial of service\6943.c,osx,denial of service,6943.c,c
6944,denial of service\6944.c,osx,denial of service,6944.c,c
6945,denial of service\6945.c,osx,denial of service,6945.c,c
6946,overflow\6946.c,osx,overflow,6946.c,c
6947,overflow\6947.rb,osx,overflow,6947.rb,rb
6948,denial of service\6948.pl,osx,denial of service,6948.pl,pl
6949,overflow\6949.c,osx,overflow,6949.c,c
6950,denial of service\6950.c,osx,denial of service,6950.c,c
6951,denial of service\6951.c,osx,denial of service,6951.c,c
6952,denial of service\6952.c,osx,denial of service,6952.c,c
6953,denial of service\6953.c,osx,denial of service,6953.c,c
6954,denial of service\6954.py,osx,denial of service,6954.py,py
6955,denial of service\6955.c,osx,denial of service,6955.c,c
6956,denial of service\6956.c,osx,denial of service,6956.c,c
6957,denial of service\6957.c,osx,denial of service,6957.c,c
6958,denial of service\6958.c,osx,denial of service,6958.c,c
6959,overflow\6959.c,osx,overflow,6959.c,c
6960,denial of service\6960.html,osx,denial of service,6960.html,html
6961,denial of service\6961.c,osx,denial of service,6961.c,c
6962,denial of service\6962.c,osx,denial of service,6962.c,c
6963,denial of service\6963.c,osx,denial of service,6963.c,c
6964,denial of service\6964.c,osx,denial of service,6964.c,c
6965,overflow\6965.c,osx,overflow,6965.c,c
6966,denial of service\6966.c,osx,denial of service,6966.c,c
6967,overflow\6967.c,osx,overflow,6967.c,c
6968,denial of service\6968.html,osx,denial of service,6968.html,html
6969,denial of service\6969.html,osx,denial of service,6969.html,html
6970,denial of service\6970.html,osx,denial of service,6970.html,html
6971,denial of service\6971.pl,osx,denial of service,6971.pl,pl
6972,denial of service\6972.php,osx,denial of service,6972.php,php
6973,denial of service\6973.html,osx,denial of service,6973.html,html
6974,denial of service\6974.html,osx,denial of service,6974.html,html
6975,denial of service\6975.php,osx,denial of service,6975.php,php
6976,denial of service\6976.rb,osx,denial of service,6976.rb,rb
6977,denial of service\6977.py,osx,denial of service,6977.py,py
6978,denial of service\6978.c,osx,denial of service,6978.c,c
6979,denial of service\6979.html,osx,denial of service,6979.html,html
6980,denial of service\6980.html,osx,denial of service,6980.html,html
6981,denial of service\6981.html,osx,denial of service,6981.html,html
6982,overflow\6982.html,osx,overflow,6982.html,html
6983,overflow\6983.c,osx,overflow,6983.c,c
6984,denial of service\6984.py,osx,denial of service,6984.py,py
6985,overflow\6985.c,osx,overflow,6985.c,c
6986,overflow\6986.c,osx,overflow,6986.c,c
6987,overflow\6987.pl,osx,overflow,6987.pl,pl
6988,overflow\6988.c,osx,overflow,6988.c,c
6989,overflow\6989.c,osx,overflow,6989.c,c
6990,overflow\6990.c,osx,overflow,6990.c,c
6991,overflow\6991.c,osx,overflow,6991.c,c
6992,overflow\6992.c,osx,overflow,6992.c,c
6993,overflow\6993.rb,osx,overflow,6993.rb,rb
6994,overflow\6994.rb,osx,overflow,6994.rb,rb
6995,overflow\6995.rb,osx,overflow,6995.rb,rb
6996,overflow\6996.pl,osx,overflow,6996.pl,pl
6997,overflow\6997.pl,osx,overflow,6997.pl,pl
6998,overflow\6998.py,osx,overflow,6998.py,py
6999,overflow\6999.rb,osx,overflow,6999.rb,rb
7000,overflow\7000.py,osx,overflow,7000.py,py
7001,overflow\7001.rb,osx,overflow,7001.rb,rb
7002,overflow\7002.pl,osx,overflow,7002.pl,pl
7003,overflow\7003.rb,osx,overflow,7003.rb,rb
7004,overflow\7004.pl,osx,overflow,7004.pl,pl
7005,overflow\7005.rb,osx,overflow,7005.rb,rb
7006,overflow\7006.rb,osx,overflow,7006.rb,rb
7007,overflow\7007.rb,osx,overflow,7007.rb,rb
7008,overflow\7008.rb,osx,overflow,7008.rb,rb
7009,overflow\7009.rb,osx,overflow,7009.rb,rb
7010,overflow\7010.py,osx,overflow,7010.py,py
7011,overflow\7011.rb,osx,overflow,7011.rb,rb
7012,overflow\7012.rb,osx,overflow,7012.rb,rb
7013,overflow\7013.rb,osx,overflow,7013.rb,rb
7014,overflow\7014.rb,osx,overflow,7014.rb,rb
7015,overflow\7015.rb,osx,overflow,7015.rb,rb
7016,overflow\7016.rb,osx_ppc,overflow,7016.rb,rb
7017,denial of service\7017.c,palm_os,denial of service,7017.c,c
7018,file path\7018.py,perl,file path,7018.py,py
7019,denial of service\7019.php,php,denial of service,7019.php,php
7020,denial of service\7020.c,php,denial of service,7020.c,c
7021,denial of service\7021.php,php,denial of service,7021.php,php
7022,denial of service\7022.c,php,denial of service,7022.c,c
7023,denial of service\7023.pl,php,denial of service,7023.pl,pl
7024,denial of service\7024.pl,php,denial of service,7024.pl,pl
7025,denial of service\7025.py,php,denial of service,7025.py,py
7026,denial of service\7026.py,php,denial of service,7026.py,py
7027,overflow\7027.php,php,overflow,7027.php,php
7028,overflow\7028.php,php,overflow,7028.php,php
7029,denial of service\7029.php,php,denial of service,7029.php,php
7030,denial of service\7030.php,php,denial of service,7030.php,php
7031,denial of service\7031.php,php,denial of service,7031.php,php
7032,denial of service\7032.php,php,denial of service,7032.php,php
7033,denial of service\7033.php,php,denial of service,7033.php,php
7034,denial of service\7034.php,php,denial of service,7034.php,php
7035,denial of service\7035.php,php,denial of service,7035.php,php
7036,denial of service\7036.php,php,denial of service,7036.php,php
7037,denial of service\7037.php,php,denial of service,7037.php,php
7038,denial of service\7038.php,php,denial of service,7038.php,php
7039,overflow\7039.c,php,overflow,7039.c,c
7040,denial of service\7040.php,php,denial of service,7040.php,php
7041,denial of service\7041.php,php,denial of service,7041.php,php
7042,overflow\7042.php,php,overflow,7042.php,php
7043,denial of service\7043.php,php,denial of service,7043.php,php
7044,denial of service\7044.php,php,denial of service,7044.php,php
7045,denial of service\7045.php,php,denial of service,7045.php,php
7046,denial of service\7046.php,php,denial of service,7046.php,php
7047,denial of service\7047.php,php,denial of service,7047.php,php
7048,denial of service\7048.php,php,denial of service,7048.php,php
7049,denial of service\7049.php,php,denial of service,7049.php,php
7050,denial of service\7050.php,php,denial of service,7050.php,php
7051,denial of service\7051.php,php,denial of service,7051.php,php
7052,denial of service\7052.php,php,denial of service,7052.php,php
7053,denial of service\7053.php,php,denial of service,7053.php,php
7054,denial of service\7054.php,php,denial of service,7054.php,php
7055,denial of service\7055.php,php,denial of service,7055.php,php
7056,denial of service\7056.php,php,denial of service,7056.php,php
7057,denial of service\7057.py,php,denial of service,7057.py,py
7058,denial of service\7058.php,php,denial of service,7058.php,php
7059,denial of service\7059.php,php,denial of service,7059.php,php
7060,denial of service\7060.php,php,denial of service,7060.php,php
7061,denial of service\7061.py,php,denial of service,7061.py,py
7062,denial of service\7062.php,php,denial of service,7062.php,php
7063,denial of service\7063.c,php,denial of service,7063.c,c
7064,denial of service\7064.pl,php,denial of service,7064.pl,pl
7065,denial of service\7065.pl,php,denial of service,7065.pl,pl
7066,denial of service\7066.php,php,denial of service,7066.php,php
7067,denial of service\7067.pl,php,denial of service,7067.pl,pl
7068,denial of service\7068.c,php,denial of service,7068.c,c
7069,overflow\7069.php,php,overflow,7069.php,php
7070,denial of service\7070.pl,php,denial of service,7070.pl,pl
7071,denial of service\7071.pl,php,denial of service,7071.pl,pl
7072,denial of service\7072.py,php,denial of service,7072.py,py
7073,denial of service\7073.php,php,denial of service,7073.php,php
7074,denial of service\7074.py,php,denial of service,7074.py,py
7075,denial of service\7075.py,php,denial of service,7075.py,py
7076,denial of service\7076.php,php,denial of service,7076.php,php
7077,denial of service\7077.py,php,denial of service,7077.py,py
7078,overflow\7078.py,php,overflow,7078.py,py
7079,overflow\7079.php,php,overflow,7079.php,php
7080,injection\7080.rb,php,injection,7080.rb,rb
7081,injection\7081.rb,php,injection,7081.rb,rb
7082,file path\7082.rb,php,file path,7082.rb,rb
7083,injection\7083.rb,php,injection,7083.rb,rb
7084,injection\7084.py,php,injection,7084.py,py
7085,file path\7085.rb,php,file path,7085.rb,rb
7086,injection\7086.rb,php,injection,7086.rb,rb
7087,injection\7087.rb,php,injection,7087.rb,rb
7088,injection\7088.rb,php,injection,7088.rb,rb
7089,injection\7089.php,php,injection,7089.php,php
7090,injection\7090.rb,php,injection,7090.rb,rb
7091,injection\7091.rb,php,injection,7091.rb,rb
7092,injection\7092.rb,php,injection,7092.rb,rb
7093,injection\7093.rb,php,injection,7093.rb,rb
7094,injection\7094.rb,php,injection,7094.rb,rb
7095,overflow\7095.php,php,overflow,7095.php,php
7096,overflow\7096.php,php,overflow,7096.php,php
7097,overflow\7097.php,php,overflow,7097.php,php
7098,file path\7098.php,php,file path,7098.php,php
7099,overflow\7099.php,php,overflow,7099.php,php
7100,overflow\7100.php,php,overflow,7100.php,php
7101,overflow\7101.php,php,overflow,7101.php,php
7102,overflow\7102.php,php,overflow,7102.php,php
7103,injection\7103.php,php,injection,7103.php,php
7104,injection\7104.php,php,injection,7104.php,php
7105,injection\7105.php,php,injection,7105.php,php
7106,injection\7106.php,php,injection,7106.php,php
7107,overflow\7107.php,php,overflow,7107.php,php
7108,overflow\7108.rb,php,overflow,7108.rb,rb
7109,injection\7109.php,php,injection,7109.php,php
7110,injection\7110.rb,php,injection,7110.rb,rb
7111,injection\7111.rb,php,injection,7111.rb,rb
7112,file path\7112.rb,php,file path,7112.rb,rb
7113,injection\7113.rb,php,injection,7113.rb,rb
7114,file path\7114.rb,php,file path,7114.rb,rb
7115,injection\7115.rb,php,injection,7115.rb,rb
7116,file path\7116.pl,php,file path,7116.pl,pl
7117,file path\7117.pl,php,file path,7117.pl,pl
7118,injection\7118.rb,php,injection,7118.rb,rb
7119,injection\7119.rb,php,injection,7119.rb,rb
7120,injection\7120.rb,php,injection,7120.rb,rb
7121,file path\7121.php,php,file path,7121.php,php
7122,injection\7122.php,php,injection,7122.php,php
7123,injection\7123.py,php,injection,7123.py,py
7124,file path\7124.pl,php,file path,7124.pl,pl
7125,injection\7125.pl,php,injection,7125.pl,pl
7126,file path\7126.pl,php,file path,7126.pl,pl
7127,file path\7127.pl,php,file path,7127.pl,pl
7128,file path\7128.pl,php,file path,7128.pl,pl
7129,file path\7129.php,php,file path,7129.php,php
7130,injection\7130.pl,php,injection,7130.pl,pl
7131,file path\7131.rb,php,file path,7131.rb,rb
7132,injection\7132.pl,php,injection,7132.pl,pl
7133,injection\7133.pl,php,injection,7133.pl,pl
7134,injection\7134.pl,php,injection,7134.pl,pl
7135,injection\7135.php,php,injection,7135.php,php
7136,file path\7136.pl,php,file path,7136.pl,pl
7137,injection\7137.pl,php,injection,7137.pl,pl
7138,injection\7138.html,php,injection,7138.html,html
7139,injection\7139.php,php,injection,7139.php,php
7140,injection\7140.pl,php,injection,7140.pl,pl
7141,injection\7141.php,php,injection,7141.php,php
7142,injection\7142.pl,php,injection,7142.pl,pl
7143,injection\7143.pl,php,injection,7143.pl,pl
7144,injection\7144.html,php,injection,7144.html,html
7145,injection\7145.html,php,injection,7145.html,html
7146,injection\7146.pl,php,injection,7146.pl,pl
7147,injection\7147.pl,php,injection,7147.pl,pl
7148,file path\7148.pl,php,file path,7148.pl,pl
7149,file path\7149.pl,php,file path,7149.pl,pl
7150,injection\7150.rb,php,injection,7150.rb,rb
7151,injection\7151.rb,php,injection,7151.rb,rb
7152,injection\7152.pl,php,injection,7152.pl,pl
7153,injection\7153.py,php,injection,7153.py,py
7154,injection\7154.php,php,injection,7154.php,php
7155,injection\7155.php,php,injection,7155.php,php
7156,injection\7156.php,php,injection,7156.php,php
7157,injection\7157.php,php,injection,7157.php,php
7158,injection\7158.php,php,injection,7158.php,php
7159,injection\7159.py,php,injection,7159.py,py
7160,injection\7160.pl,php,injection,7160.pl,pl
7161,injection\7161.pl,php,injection,7161.pl,pl
7162,injection\7162.py,php,injection,7162.py,py
7163,injection\7163.php,php,injection,7163.php,php
7164,injection\7164.html,php,injection,7164.html,html
7165,injection\7165.html,php,injection,7165.html,html
7166,file path\7166.pl,php,file path,7166.pl,pl
7167,injection\7167.pl,php,injection,7167.pl,pl
7168,file path\7168.html,php,file path,7168.html,html
7169,injection\7169.py,php,injection,7169.py,py
7170,injection\7170.py,php,injection,7170.py,py
7171,injection\7171.py,php,injection,7171.py,py
7172,injection\7172.php,php,injection,7172.php,php
7173,injection\7173.php,php,injection,7173.php,php
7174,injection\7174.php,php,injection,7174.php,php
7175,injection\7175.pl,php,injection,7175.pl,pl
7176,injection\7176.pl,php,injection,7176.pl,pl
7177,injection\7177.pl,php,injection,7177.pl,pl
7178,file path\7178.pl,php,file path,7178.pl,pl
7179,injection\7179.py,php,injection,7179.py,py
7180,injection\7180.html,php,injection,7180.html,html
7181,injection\7181.php,php,injection,7181.php,php
7182,file path\7182.c,php,file path,7182.c,c
7183,file path\7183.php,php,file path,7183.php,php
7184,file path\7184.php,php,file path,7184.php,php
7185,injection\7185.pl,php,injection,7185.pl,pl
7186,injection\7186.pl,php,injection,7186.pl,pl
7187,file path\7187.html,php,file path,7187.html,html
7188,injection\7188.php,php,injection,7188.php,php
7189,injection\7189.php,php,injection,7189.php,php
7190,injection\7190.php,php,injection,7190.php,php
7191,file path\7191.pl,php,file path,7191.pl,pl
7192,injection\7192.py,php,injection,7192.py,py
7193,injection\7193.pl,php,injection,7193.pl,pl
7194,injection\7194.pl,php,injection,7194.pl,pl
7195,injection\7195.py,php,injection,7195.py,py
7196,file path\7196.php,php,file path,7196.php,php
7197,file path\7197.py,php,file path,7197.py,py
7198,file path\7198.pl,php,file path,7198.pl,pl
7199,injection\7199.py,php,injection,7199.py,py
7200,injection\7200.py,php,injection,7200.py,py
7201,file path\7201.pl,php,file path,7201.pl,pl
7202,file path\7202.rb,php,file path,7202.rb,rb
7203,file path\7203.rb,php,file path,7203.rb,rb
7204,injection\7204.html,php,injection,7204.html,html
7205,file path\7205.php,php,file path,7205.php,php
7206,injection\7206.pl,php,injection,7206.pl,pl
7207,injection\7207.pl,php,injection,7207.pl,pl
7208,injection\7208.php,php,injection,7208.php,php
7209,file path\7209.pl,php,file path,7209.pl,pl
7210,injection\7210.pl,php,injection,7210.pl,pl
7211,injection\7211.html,php,injection,7211.html,html
7212,injection\7212.pl,php,injection,7212.pl,pl
7213,injection\7213.pl,php,injection,7213.pl,pl
7214,injection\7214.py,php,injection,7214.py,py
7215,injection\7215.rb,php,injection,7215.rb,rb
7216,injection\7216.php,php,injection,7216.php,php
7217,injection\7217.php,php,injection,7217.php,php
7218,injection\7218.php,php,injection,7218.php,php
7219,injection\7219.pl,php,injection,7219.pl,pl
7220,injection\7220.py,php,injection,7220.py,py
7221,injection\7221.pl,php,injection,7221.pl,pl
7222,injection\7222.pl,php,injection,7222.pl,pl
7223,file path\7223.py,php,file path,7223.py,py
7224,injection\7224.php,php,injection,7224.php,php
7225,injection\7225.php,php,injection,7225.php,php
7226,injection\7226.php,php,injection,7226.php,php
7227,injection\7227.pl,php,injection,7227.pl,pl
7228,file path\7228.py,php,file path,7228.py,py
7229,injection\7229.pl,php,injection,7229.pl,pl
7230,injection\7230.py,php,injection,7230.py,py
7231,injection\7231.pl,php,injection,7231.pl,pl
7232,injection\7232.py,php,injection,7232.py,py
7233,injection\7233.html,php,injection,7233.html,html
7234,injection\7234.py,php,injection,7234.py,py
7235,file path\7235.pl,php,file path,7235.pl,pl
7236,injection\7236.php,php,injection,7236.php,php
7237,injection\7237.pl,php,injection,7237.pl,pl
7238,injection\7238.rb,php,injection,7238.rb,rb
7239,injection\7239.php,php,injection,7239.php,php
7240,injection\7240.py,php,injection,7240.py,py
7241,injection\7241.pl,php,injection,7241.pl,pl
7242,injection\7242.html,php,injection,7242.html,html
7243,injection\7243.py,php,injection,7243.py,py
7244,injection\7244.pl,php,injection,7244.pl,pl
7245,injection\7245.pl,php,injection,7245.pl,pl
7246,injection\7246.pl,php,injection,7246.pl,pl
7247,file path\7247.py,php,file path,7247.py,py
7248,file path\7248.pl,php,file path,7248.pl,pl
7249,injection\7249.py,php,injection,7249.py,py
7250,injection\7250.pl,php,injection,7250.pl,pl
7251,file path\7251.pl,php,file path,7251.pl,pl
7252,injection\7252.py,php,injection,7252.py,py
7253,injection\7253.py,php,injection,7253.py,py
7254,injection\7254.pl,php,injection,7254.pl,pl
7255,injection\7255.py,php,injection,7255.py,py
7256,injection\7256.pl,php,injection,7256.pl,pl
7257,injection\7257.pl,php,injection,7257.pl,pl
7258,injection\7258.py,php,injection,7258.py,py
7259,injection\7259.py,php,injection,7259.py,py
7260,file path\7260.pl,php,file path,7260.pl,pl
7261,file path\7261.pl,php,file path,7261.pl,pl
7262,injection\7262.pl,php,injection,7262.pl,pl
7263,injection\7263.pl,php,injection,7263.pl,pl
7264,injection\7264.php,php,injection,7264.php,php
7265,injection\7265.pl,php,injection,7265.pl,pl
7266,file path\7266.html,php,file path,7266.html,html
7267,injection\7267.php,php,injection,7267.php,php
7268,injection\7268.pl,php,injection,7268.pl,pl
7269,file path\7269.pl,php,file path,7269.pl,pl
7270,injection\7270.pl,php,injection,7270.pl,pl
7271,injection\7271.pl,php,injection,7271.pl,pl
7272,injection\7272.pl,php,injection,7272.pl,pl
7273,injection\7273.php,php,injection,7273.php,php
7274,injection\7274.py,php,injection,7274.py,py
7275,injection\7275.py,php,injection,7275.py,py
7276,file path\7276.php,php,file path,7276.php,php
7277,injection\7277.php,php,injection,7277.php,php
7278,file path\7278.pl,php,file path,7278.pl,pl
7279,injection\7279.php,php,injection,7279.php,php
7280,injection\7280.pl,php,injection,7280.pl,pl
7281,file path\7281.html,php,file path,7281.html,html
7282,file path\7282.py,php,file path,7282.py,py
7283,injection\7283.py,php,injection,7283.py,py
7284,injection\7284.php,php,injection,7284.php,php
7285,injection\7285.php,php,injection,7285.php,php
7286,injection\7286.pl,php,injection,7286.pl,pl
7287,injection\7287.pl,php,injection,7287.pl,pl
7288,file path\7288.html,php,file path,7288.html,html
7289,file path\7289.py,php,file path,7289.py,py
7290,file path\7290.pl,php,file path,7290.pl,pl
7291,injection\7291.php,php,injection,7291.php,php
7292,file path\7292.html,php,file path,7292.html,html
7293,injection\7293.py,php,injection,7293.py,py
7294,injection\7294.pl,php,injection,7294.pl,pl
7295,injection\7295.py,php,injection,7295.py,py
7296,injection\7296.pl,php,injection,7296.pl,pl
7297,file path\7297.php,php,file path,7297.php,php
7298,injection\7298.php,php,injection,7298.php,php
7299,file path\7299.pl,php,file path,7299.pl,pl
7300,file path\7300.pl,php,file path,7300.pl,pl
7301,injection\7301.pl,php,injection,7301.pl,pl
7302,injection\7302.py,php,injection,7302.py,py
7303,injection\7303.php,php,injection,7303.php,php
7304,injection\7304.py,php,injection,7304.py,py
7305,file path\7305.pl,php,file path,7305.pl,pl
7306,injection\7306.pl,php,injection,7306.pl,pl
7307,injection\7307.php,php,injection,7307.php,php
7308,injection\7308.php,php,injection,7308.php,php
7309,file path\7309.php,php,file path,7309.php,php
7310,injection\7310.py,php,injection,7310.py,py
7311,injection\7311.php,php,injection,7311.php,php
7312,injection\7312.php,php,injection,7312.php,php
7313,injection\7313.php,php,injection,7313.php,php
7314,injection\7314.php,php,injection,7314.php,php
7315,injection\7315.php,php,injection,7315.php,php
7316,file path\7316.php,php,file path,7316.php,php
7317,injection\7317.pl,php,injection,7317.pl,pl
7318,injection\7318.php,php,injection,7318.php,php
7319,injection\7319.html,php,injection,7319.html,html
7320,injection\7320.pl,php,injection,7320.pl,pl
7321,injection\7321.py,php,injection,7321.py,py
7322,injection\7322.php,php,injection,7322.php,php
7323,file path\7323.pl,php,file path,7323.pl,pl
7324,injection\7324.pl,php,injection,7324.pl,pl
7325,injection\7325.pl,php,injection,7325.pl,pl
7326,file path\7326.php,php,file path,7326.php,php
7327,injection\7327.php,php,injection,7327.php,php
7328,injection\7328.php,php,injection,7328.php,php
7329,injection\7329.pl,php,injection,7329.pl,pl
7330,file path\7330.php,php,file path,7330.php,php
7331,injection\7331.php,php,injection,7331.php,php
7332,file path\7332.pl,php,file path,7332.pl,pl
7333,file path\7333.pl,php,file path,7333.pl,pl
7334,file path\7334.pl,php,file path,7334.pl,pl
7335,injection\7335.php,php,injection,7335.php,php
7336,injection\7336.pl,php,injection,7336.pl,pl
7337,injection\7337.php,php,injection,7337.php,php
7338,injection\7338.pl,php,injection,7338.pl,pl
7339,injection\7339.pl,php,injection,7339.pl,pl
7340,injection\7340.py,php,injection,7340.py,py
7341,injection\7341.php,php,injection,7341.php,php
7342,file path\7342.html,php,file path,7342.html,html
7343,injection\7343.php,php,injection,7343.php,php
7344,injection\7344.pl,php,injection,7344.pl,pl
7345,injection\7345.py,php,injection,7345.py,py
7346,file path\7346.pl,php,file path,7346.pl,pl
7347,injection\7347.py,php,injection,7347.py,py
7348,injection\7348.php,php,injection,7348.php,php
7349,injection\7349.py,php,injection,7349.py,py
7350,injection\7350.pl,php,injection,7350.pl,pl
7351,injection\7351.pl,php,injection,7351.pl,pl
7352,injection\7352.php,php,injection,7352.php,php
7353,injection\7353.php,php,injection,7353.php,php
7354,injection\7354.py,php,injection,7354.py,py
7355,injection\7355.html,php,injection,7355.html,html
7356,injection\7356.html,php,injection,7356.html,html
7357,injection\7357.php,php,injection,7357.php,php
7358,injection\7358.php,php,injection,7358.php,php
7359,injection\7359.php,php,injection,7359.php,php
7360,injection\7360.pl,php,injection,7360.pl,pl
7361,injection\7361.pl,php,injection,7361.pl,pl
7362,injection\7362.php,php,injection,7362.php,php
7363,injection\7363.html,php,injection,7363.html,html
7364,file path\7364.pl,php,file path,7364.pl,pl
7365,injection\7365.html,php,injection,7365.html,html
7366,injection\7366.pl,php,injection,7366.pl,pl
7367,injection\7367.pl,php,injection,7367.pl,pl
7368,injection\7368.pl,php,injection,7368.pl,pl
7369,file path\7369.pl,php,file path,7369.pl,pl
7370,injection\7370.php,php,injection,7370.php,php
7371,injection\7371.py,php,injection,7371.py,py
7372,injection\7372.rb,php,injection,7372.rb,rb
7373,injection\7373.py,php,injection,7373.py,py
7374,injection\7374.php,php,injection,7374.php,php
7375,file path\7375.php,php,file path,7375.php,php
7376,injection\7376.html,php,injection,7376.html,html
7377,injection\7377.php,php,injection,7377.php,php
7378,file path\7378.pl,php,file path,7378.pl,pl
7379,file path\7379.php,php,file path,7379.php,php
7380,injection\7380.php,php,injection,7380.php,php
7381,file path\7381.pl,php,file path,7381.pl,pl
7382,injection\7382.py,php,injection,7382.py,py
7383,injection\7383.php,php,injection,7383.php,php
7384,injection\7384.py,php,injection,7384.py,py
7385,injection\7385.php,php,injection,7385.php,php
7386,injection\7386.php,php,injection,7386.php,php
7387,injection\7387.html,php,injection,7387.html,html
7388,injection\7388.php,php,injection,7388.php,php
7389,injection\7389.pl,php,injection,7389.pl,pl
7390,file path\7390.php,php,file path,7390.php,php
7391,file path\7391.py,php,file path,7391.py,py
7392,injection\7392.php,php,injection,7392.php,php
7393,file path\7393.php,php,file path,7393.php,php
7394,injection\7394.php,php,injection,7394.php,php
7395,injection\7395.php,php,injection,7395.php,php
7396,injection\7396.py,php,injection,7396.py,py
7397,injection\7397.pl,php,injection,7397.pl,pl
7398,injection\7398.pl,php,injection,7398.pl,pl
7399,injection\7399.pl,php,injection,7399.pl,pl
7400,file path\7400.php,php,file path,7400.php,php
7401,injection\7401.pl,php,injection,7401.pl,pl
7402,injection\7402.pl,php,injection,7402.pl,pl
7403,injection\7403.pl,php,injection,7403.pl,pl
7404,injection\7404.pl,php,injection,7404.pl,pl
7405,injection\7405.html,php,injection,7405.html,html
7406,file path\7406.pl,php,file path,7406.pl,pl
7407,injection\7407.php,php,injection,7407.php,php
7408,injection\7408.py,php,injection,7408.py,py
7409,injection\7409.php,php,injection,7409.php,php
7410,injection\7410.py,php,injection,7410.py,py
7411,injection\7411.pl,php,injection,7411.pl,pl
7412,file path\7412.pl,php,file path,7412.pl,pl
7413,file path\7413.pl,php,file path,7413.pl,pl
7414,injection\7414.php,php,injection,7414.php,php
7415,injection\7415.pl,php,injection,7415.pl,pl
7416,injection\7416.pl,php,injection,7416.pl,pl
7417,injection\7417.pl,php,injection,7417.pl,pl
7418,file path\7418.pl,php,file path,7418.pl,pl
7419,injection\7419.html,php,injection,7419.html,html
7420,injection\7420.php,php,injection,7420.php,php
7421,file path\7421.py,php,file path,7421.py,py
7422,injection\7422.py,php,injection,7422.py,py
7423,file path\7423.pl,php,file path,7423.pl,pl
7424,injection\7424.php,php,injection,7424.php,php
7425,injection\7425.py,php,injection,7425.py,py
7426,file path\7426.py,php,file path,7426.py,py
7427,injection\7427.py,php,injection,7427.py,py
7428,injection\7428.php,php,injection,7428.php,php
7429,injection\7429.pl,php,injection,7429.pl,pl
7430,file path\7430.pl,php,file path,7430.pl,pl
7431,file path\7431.pl,php,file path,7431.pl,pl
7432,injection\7432.py,php,injection,7432.py,py
7433,injection\7433.pl,php,injection,7433.pl,pl
7434,file path\7434.pl,php,file path,7434.pl,pl
7435,injection\7435.py,php,injection,7435.py,py
7436,injection\7436.php,php,injection,7436.php,php
7437,injection\7437.pl,php,injection,7437.pl,pl
7438,file path\7438.php,php,file path,7438.php,php
7439,injection\7439.php,php,injection,7439.php,php
7440,file path\7440.pl,php,file path,7440.pl,pl
7441,injection\7441.pl,php,injection,7441.pl,pl
7442,file path\7442.php,php,file path,7442.php,php
7443,file path\7443.pl,php,file path,7443.pl,pl
7444,file path\7444.php,php,file path,7444.php,php
7445,injection\7445.php,php,injection,7445.php,php
7446,injection\7446.py,php,injection,7446.py,py
7447,file path\7447.pl,php,file path,7447.pl,pl
7448,file path\7448.pl,php,file path,7448.pl,pl
7449,injection\7449.pl,php,injection,7449.pl,pl
7450,injection\7450.pl,php,injection,7450.pl,pl
7451,file path\7451.php,php,file path,7451.php,php
7452,injection\7452.pl,php,injection,7452.pl,pl
7453,file path\7453.pl,php,file path,7453.pl,pl
7454,file path\7454.pl,php,file path,7454.pl,pl
7455,injection\7455.html,php,injection,7455.html,html
7456,file path\7456.html,php,file path,7456.html,html
7457,injection\7457.php,php,injection,7457.php,php
7458,injection\7458.pl,php,injection,7458.pl,pl
7459,injection\7459.py,php,injection,7459.py,py
7460,file path\7460.pl,php,file path,7460.pl,pl
7461,file path\7461.py,php,file path,7461.py,py
7462,injection\7462.html,php,injection,7462.html,html
7463,injection\7463.pl,php,injection,7463.pl,pl
7464,injection\7464.pl,php,injection,7464.pl,pl
7465,injection\7465.pl,php,injection,7465.pl,pl
7466,injection\7466.pl,php,injection,7466.pl,pl
7467,file path\7467.rb,php,file path,7467.rb,rb
7468,file path\7468.pl,php,file path,7468.pl,pl
7469,file path\7469.pl,php,file path,7469.pl,pl
7470,file path\7470.pl,php,file path,7470.pl,pl
7471,file path\7471.php,php,file path,7471.php,php
7472,file path\7472.php,php,file path,7472.php,php
7473,injection\7473.pl,php,injection,7473.pl,pl
7474,injection\7474.php,php,injection,7474.php,php
7475,injection\7475.py,php,injection,7475.py,py
7476,injection\7476.php,php,injection,7476.php,php
7477,injection\7477.html,php,injection,7477.html,html
7478,injection\7478.html,php,injection,7478.html,html
7479,injection\7479.html,php,injection,7479.html,html
7480,file path\7480.php,php,file path,7480.php,php
7481,file path\7481.pl,php,file path,7481.pl,pl
7482,injection\7482.php,php,injection,7482.php,php
7483,file path\7483.pl,php,file path,7483.pl,pl
7484,injection\7484.html,php,injection,7484.html,html
7485,file path\7485.pl,php,file path,7485.pl,pl
7486,file path\7486.html,php,file path,7486.html,html
7487,file path\7487.pl,php,file path,7487.pl,pl
7488,injection\7488.pl,php,injection,7488.pl,pl
7489,injection\7489.pl,php,injection,7489.pl,pl
7490,file path\7490.pl,php,file path,7490.pl,pl
7491,injection\7491.pl,php,injection,7491.pl,pl
7492,injection\7492.pl,php,injection,7492.pl,pl
7493,injection\7493.html,php,injection,7493.html,html
7494,injection\7494.php,php,injection,7494.php,php
7495,injection\7495.py,php,injection,7495.py,py
7496,injection\7496.php,php,injection,7496.php,php
7497,file path\7497.pl,php,file path,7497.pl,pl
7498,injection\7498.pl,php,injection,7498.pl,pl
7499,injection\7499.php,php,injection,7499.php,php
7500,injection\7500.php,php,injection,7500.php,php
7501,injection\7501.php,php,injection,7501.php,php
7502,injection\7502.php,php,injection,7502.php,php
7503,injection\7503.html,php,injection,7503.html,html
7504,file path\7504.py,php,file path,7504.py,py
7505,injection\7505.py,php,injection,7505.py,py
7506,injection\7506.py,php,injection,7506.py,py
7507,injection\7507.py,php,injection,7507.py,py
7508,file path\7508.py,php,file path,7508.py,py
7509,injection\7509.html,php,injection,7509.html,html
7510,injection\7510.php,php,injection,7510.php,php
7511,injection\7511.php,php,injection,7511.php,php
7512,injection\7512.pl,php,injection,7512.pl,pl
7513,injection\7513.php,php,injection,7513.php,php
7514,injection\7514.php,php,injection,7514.php,php
7515,injection\7515.pl,php,injection,7515.pl,pl
7516,file path\7516.pl,php,file path,7516.pl,pl
7517,injection\7517.pl,php,injection,7517.pl,pl
7518,injection\7518.html,php,injection,7518.html,html
7519,injection\7519.pl,php,injection,7519.pl,pl
7520,file path\7520.py,php,file path,7520.py,py
7521,injection\7521.rb,php,injection,7521.rb,rb
7522,injection\7522.py,php,injection,7522.py,py
7523,file path\7523.pl,php,file path,7523.pl,pl
7524,injection\7524.py,php,injection,7524.py,py
7525,injection\7525.py,php,injection,7525.py,py
7526,injection\7526.php,php,injection,7526.php,php
7527,file path\7527.html,php,file path,7527.html,html
7528,file path\7528.py,php,file path,7528.py,py
7529,injection\7529.py,php,injection,7529.py,py
7530,file path\7530.php,php,file path,7530.php,php
7531,injection\7531.py,php,injection,7531.py,py
7532,injection\7532.pl,php,injection,7532.pl,pl
7533,injection\7533.py,php,injection,7533.py,py
7534,file path\7534.py,php,file path,7534.py,py
7535,injection\7535.php,php,injection,7535.php,php
7536,file path\7536.py,php,file path,7536.py,py
7537,file path\7537.rb,php,file path,7537.rb,rb
7538,injection\7538.pl,php,injection,7538.pl,pl
7539,injection\7539.pl,php,injection,7539.pl,pl
7540,injection\7540.pl,php,injection,7540.pl,pl
7541,injection\7541.pl,php,injection,7541.pl,pl
7542,injection\7542.pl,php,injection,7542.pl,pl
7543,injection\7543.pl,php,injection,7543.pl,pl
7544,injection\7544.pl,php,injection,7544.pl,pl
7545,injection\7545.php,php,injection,7545.php,php
7546,injection\7546.py,php,injection,7546.py,py
7547,injection\7547.html,php,injection,7547.html,html
7548,file path\7548.php,php,file path,7548.php,php
7549,injection\7549.pl,php,injection,7549.pl,pl
7550,injection\7550.pl,php,injection,7550.pl,pl
7551,file path\7551.pl,php,file path,7551.pl,pl
7552,injection\7552.pl,php,injection,7552.pl,pl
7553,file path\7553.pl,php,file path,7553.pl,pl
7554,file path\7554.pl,php,file path,7554.pl,pl
7555,injection\7555.py,php,injection,7555.py,py
7556,injection\7556.c,php,injection,7556.c,c
7557,injection\7557.c,php,injection,7557.c,c
7558,injection\7558.pl,php,injection,7558.pl,pl
7559,injection\7559.html,php,injection,7559.html,html
7560,injection\7560.php,php,injection,7560.php,php
7561,injection\7561.pl,php,injection,7561.pl,pl
7562,injection\7562.pl,php,injection,7562.pl,pl
7563,injection\7563.pl,php,injection,7563.pl,pl
7564,injection\7564.pl,php,injection,7564.pl,pl
7565,injection\7565.pl,php,injection,7565.pl,pl
7566,injection\7566.php,php,injection,7566.php,php
7567,injection\7567.php,php,injection,7567.php,php
7568,injection\7568.php,php,injection,7568.php,php
7569,injection\7569.pl,php,injection,7569.pl,pl
7570,injection\7570.pl,php,injection,7570.pl,pl
7571,injection\7571.pl,php,injection,7571.pl,pl
7572,file path\7572.php,php,file path,7572.php,php
7573,injection\7573.pl,php,injection,7573.pl,pl
7574,injection\7574.pl,php,injection,7574.pl,pl
7575,injection\7575.pl,php,injection,7575.pl,pl
7576,injection\7576.php,php,injection,7576.php,php
7577,injection\7577.pl,php,injection,7577.pl,pl
7578,file path\7578.pl,php,file path,7578.pl,pl
7579,file path\7579.pl,php,file path,7579.pl,pl
7580,injection\7580.py,php,injection,7580.py,py
7581,injection\7581.pl,php,injection,7581.pl,pl
7582,injection\7582.php,php,injection,7582.php,php
7583,file path\7583.php,php,file path,7583.php,php
7584,injection\7584.php,php,injection,7584.php,php
7585,injection\7585.pl,php,injection,7585.pl,pl
7586,file path\7586.pl,php,file path,7586.pl,pl
7587,injection\7587.py,php,injection,7587.py,py
7588,injection\7588.html,php,injection,7588.html,html
7589,injection\7589.rb,php,injection,7589.rb,rb
7590,injection\7590.php,php,injection,7590.php,php
7591,injection\7591.pl,php,injection,7591.pl,pl
7592,denial of service\7592.php,php,denial of service,7592.php,php
7593,injection\7593.php,php,injection,7593.php,php
7594,injection\7594.php,php,injection,7594.php,php
7595,injection\7595.php,php,injection,7595.php,php
7596,injection\7596.pl,php,injection,7596.pl,pl
7597,injection\7597.pl,php,injection,7597.pl,pl
7598,injection\7598.php,php,injection,7598.php,php
7599,injection\7599.pl,php,injection,7599.pl,pl
7600,injection\7600.pl,php,injection,7600.pl,pl
7601,injection\7601.pl,php,injection,7601.pl,pl
7602,injection\7602.pl,php,injection,7602.pl,pl
7603,injection\7603.pl,php,injection,7603.pl,pl
7604,injection\7604.php,php,injection,7604.php,php
7605,injection\7605.pl,php,injection,7605.pl,pl
7606,injection\7606.pl,php,injection,7606.pl,pl
7607,injection\7607.py,php,injection,7607.py,py
7608,injection\7608.php,php,injection,7608.php,php
7609,injection\7609.pl,php,injection,7609.pl,pl
7610,injection\7610.pl,php,injection,7610.pl,pl
7611,injection\7611.py,php,injection,7611.py,py
7612,injection\7612.pl,php,injection,7612.pl,pl
7613,injection\7613.pl,php,injection,7613.pl,pl
7614,injection\7614.php,php,injection,7614.php,php
7615,injection\7615.php,php,injection,7615.php,php
7616,injection\7616.py,php,injection,7616.py,py
7617,injection\7617.php,php,injection,7617.php,php
7618,injection\7618.pl,php,injection,7618.pl,pl
7619,injection\7619.php,php,injection,7619.php,php
7620,injection\7620.php,php,injection,7620.php,php
7621,injection\7621.php,php,injection,7621.php,php
7622,injection\7622.php,php,injection,7622.php,php
7623,injection\7623.pl,php,injection,7623.pl,pl
7624,injection\7624.pl,php,injection,7624.pl,pl
7625,injection\7625.pl,php,injection,7625.pl,pl
7626,injection\7626.pl,php,injection,7626.pl,pl
7627,injection\7627.pl,php,injection,7627.pl,pl
7628,injection\7628.php,php,injection,7628.php,php
7629,injection\7629.pl,php,injection,7629.pl,pl
7630,injection\7630.php,php,injection,7630.php,php
7631,injection\7631.pl,php,injection,7631.pl,pl
7632,injection\7632.pl,php,injection,7632.pl,pl
7633,injection\7633.py,php,injection,7633.py,py
7634,injection\7634.php,php,injection,7634.php,php
7635,injection\7635.php,php,injection,7635.php,php
7636,injection\7636.pl,php,injection,7636.pl,pl
7637,injection\7637.pl,php,injection,7637.pl,pl
7638,injection\7638.py,php,injection,7638.py,py
7639,injection\7639.rb,php,injection,7639.rb,rb
7640,injection\7640.php,php,injection,7640.php,php
7641,injection\7641.pl,php,injection,7641.pl,pl
7642,injection\7642.html,php,injection,7642.html,html
7643,injection\7643.php,php,injection,7643.php,php
7644,injection\7644.pl,php,injection,7644.pl,pl
7645,injection\7645.php,php,injection,7645.php,php
7646,injection\7646.pl,php,injection,7646.pl,pl
7647,injection\7647.rb,php,injection,7647.rb,rb
7648,injection\7648.pl,php,injection,7648.pl,pl
7649,injection\7649.pl,php,injection,7649.pl,pl
7650,injection\7650.pl,php,injection,7650.pl,pl
7651,injection\7651.pl,php,injection,7651.pl,pl
7652,injection\7652.html,php,injection,7652.html,html
7653,injection\7653.rb,php,injection,7653.rb,rb
7654,injection\7654.rb,php,injection,7654.rb,rb
7655,injection\7655.html,php,injection,7655.html,html
7656,injection\7656.pl,php,injection,7656.pl,pl
7657,file path\7657.py,php,file path,7657.py,py
7658,injection\7658.html,php,injection,7658.html,html
7659,injection\7659.pl,php,injection,7659.pl,pl
7660,injection\7660.pl,php,injection,7660.pl,pl
7661,injection\7661.pl,php,injection,7661.pl,pl
7662,injection\7662.pl,php,injection,7662.pl,pl
7663,injection\7663.php,php,injection,7663.php,php
7664,injection\7664.pl,php,injection,7664.pl,pl
7665,injection\7665.php,php,injection,7665.php,php
7666,injection\7666.pl,php,injection,7666.pl,pl
7667,injection\7667.php,php,injection,7667.php,php
7668,file path\7668.pl,php,file path,7668.pl,pl
7669,injection\7669.pl,php,injection,7669.pl,pl
7670,injection\7670.pl,php,injection,7670.pl,pl
7671,injection\7671.pl,php,injection,7671.pl,pl
7672,injection\7672.py,php,injection,7672.py,py
7673,injection\7673.pl,php,injection,7673.pl,pl
7674,injection\7674.pl,php,injection,7674.pl,pl
7675,injection\7675.pl,php,injection,7675.pl,pl
7676,injection\7676.pl,php,injection,7676.pl,pl
7677,injection\7677.pl,php,injection,7677.pl,pl
7678,injection\7678.py,php,injection,7678.py,py
7679,injection\7679.py,php,injection,7679.py,py
7680,file path\7680.pl,php,file path,7680.pl,pl
7681,injection\7681.pl,php,injection,7681.pl,pl
7682,injection\7682.pl,php,injection,7682.pl,pl
7683,injection\7683.pl,php,injection,7683.pl,pl
7684,injection\7684.pl,php,injection,7684.pl,pl
7685,file path\7685.php,php,file path,7685.php,php
7686,injection\7686.pl,php,injection,7686.pl,pl
7687,injection\7687.html,php,injection,7687.html,html
7688,file path\7688.py,php,file path,7688.py,py
7689,file path\7689.py,php,file path,7689.py,py
7690,file path\7690.py,php,file path,7690.py,py
7691,file path\7691.pl,php,file path,7691.pl,pl
7692,injection\7692.php,php,injection,7692.php,php
7693,injection\7693.php,php,injection,7693.php,php
7694,injection\7694.php,php,injection,7694.php,php
7695,file path\7695.php,php,file path,7695.php,php
7696,file path\7696.php,php,file path,7696.php,php
7697,injection\7697.py,php,injection,7697.py,py
7698,injection\7698.html,php,injection,7698.html,html
7699,injection\7699.py,php,injection,7699.py,py
7700,injection\7700.pl,php,injection,7700.pl,pl
7701,file path\7701.pl,php,file path,7701.pl,pl
7702,file path\7702.pl,php,file path,7702.pl,pl
7703,injection\7703.py,php,injection,7703.py,py
7704,injection\7704.py,php,injection,7704.py,py
7705,injection\7705.rb,php,injection,7705.rb,rb
7706,file path\7706.pl,php,file path,7706.pl,pl
7707,file path\7707.pl,php,file path,7707.pl,pl
7708,injection\7708.pl,php,injection,7708.pl,pl
7709,injection\7709.pl,php,injection,7709.pl,pl
7710,injection\7710.pl,php,injection,7710.pl,pl
7711,injection\7711.pl,php,injection,7711.pl,pl
7712,file path\7712.php,php,file path,7712.php,php
7713,file path\7713.pl,php,file path,7713.pl,pl
7714,file path\7714.pl,php,file path,7714.pl,pl
7715,injection\7715.php,php,injection,7715.php,php
7716,injection\7716.py,php,injection,7716.py,py
7717,injection\7717.pl,php,injection,7717.pl,pl
7718,injection\7718.py,php,injection,7718.py,py
7719,file path\7719.pl,php,file path,7719.pl,pl
7720,file path\7720.pl,php,file path,7720.pl,pl
7721,injection\7721.py,php,injection,7721.py,py
7722,injection\7722.html,php,injection,7722.html,html
7723,injection\7723.rb,php,injection,7723.rb,rb
7724,injection\7724.php,php,injection,7724.php,php
7725,injection\7725.pl,php,injection,7725.pl,pl
7726,injection\7726.html,php,injection,7726.html,html
7727,injection\7727.py,php,injection,7727.py,py
7728,injection\7728.php,php,injection,7728.php,php
7729,injection\7729.py,php,injection,7729.py,py
7730,injection\7730.pl,php,injection,7730.pl,pl
7731,injection\7731.php,php,injection,7731.php,php
7732,injection\7732.pl,php,injection,7732.pl,pl
7733,file path\7733.php,php,file path,7733.php,php
7734,injection\7734.pl,php,injection,7734.pl,pl
7735,injection\7735.pl,php,injection,7735.pl,pl
7736,injection\7736.pl,php,injection,7736.pl,pl
7737,injection\7737.pl,php,injection,7737.pl,pl
7738,injection\7738.rb,php,injection,7738.rb,rb
7739,file path\7739.html,php,file path,7739.html,html
7740,injection\7740.php,php,injection,7740.php,php
7741,injection\7741.php,php,injection,7741.php,php
7742,injection\7742.py,php,injection,7742.py,py
7743,file path\7743.py,php,file path,7743.py,py
7744,file path\7744.rb,php,file path,7744.rb,rb
7745,file path\7745.php,php,file path,7745.php,php
7746,injection\7746.php,php,injection,7746.php,php
7747,injection\7747.pl,php,injection,7747.pl,pl
7748,injection\7748.py,php,injection,7748.py,py
7749,injection\7749.py,php,injection,7749.py,py
7750,file path\7750.pl,php,file path,7750.pl,pl
7751,file path\7751.php,php,file path,7751.php,php
7752,injection\7752.html,php,injection,7752.html,html
7753,injection\7753.php,php,injection,7753.php,php
7754,file path\7754.pl,php,file path,7754.pl,pl
7755,injection\7755.php,php,injection,7755.php,php
7756,file path\7756.pl,php,file path,7756.pl,pl
7757,file path\7757.rb,php,file path,7757.rb,rb
7758,injection\7758.pl,php,injection,7758.pl,pl
7759,file path\7759.rb,php,file path,7759.rb,rb
7760,injection\7760.php,php,injection,7760.php,php
7761,injection\7761.php,php,injection,7761.php,php
7762,injection\7762.pl,php,injection,7762.pl,pl
7763,injection\7763.php,php,injection,7763.php,php
7764,injection\7764.pl,php,injection,7764.pl,pl
7765,injection\7765.pl,php,injection,7765.pl,pl
7766,injection\7766.pl,php,injection,7766.pl,pl
7767,file path\7767.pl,php,file path,7767.pl,pl
7768,file path\7768.php,php,file path,7768.php,php
7769,injection\7769.py,php,injection,7769.py,py
7770,injection\7770.py,php,injection,7770.py,py
7771,injection\7771.py,php,injection,7771.py,py
7772,injection\7772.pl,php,injection,7772.pl,pl
7773,injection\7773.pl,php,injection,7773.pl,pl
7774,file path\7774.php,php,file path,7774.php,php
7775,injection\7775.pl,php,injection,7775.pl,pl
7776,injection\7776.py,php,injection,7776.py,py
7777,injection\7777.pl,php,injection,7777.pl,pl
7778,injection\7778.pl,php,injection,7778.pl,pl
7779,injection\7779.py,php,injection,7779.py,py
7780,injection\7780.php,php,injection,7780.php,php
7781,injection\7781.pl,php,injection,7781.pl,pl
7782,injection\7782.php,php,injection,7782.php,php
7783,injection\7783.pl,php,injection,7783.pl,pl
7784,injection\7784.pl,php,injection,7784.pl,pl
7785,injection\7785.pl,php,injection,7785.pl,pl
7786,injection\7786.py,php,injection,7786.py,py
7787,injection\7787.pl,php,injection,7787.pl,pl
7788,file path\7788.rb,php,file path,7788.rb,rb
7789,injection\7789.php,php,injection,7789.php,php
7790,injection\7790.php,php,injection,7790.php,php
7791,file path\7791.pl,php,file path,7791.pl,pl
7792,file path\7792.pl,php,file path,7792.pl,pl
7793,file path\7793.php,php,file path,7793.php,php
7794,file path\7794.php,php,file path,7794.php,php
7795,injection\7795.php,php,injection,7795.php,php
7796,file path\7796.php,php,file path,7796.php,php
7797,file path\7797.py,php,file path,7797.py,py
7798,file path\7798.py,php,file path,7798.py,py
7799,file path\7799.html,php,file path,7799.html,html
7800,injection\7800.html,php,injection,7800.html,html
7801,injection\7801.py,php,injection,7801.py,py
7802,injection\7802.py,php,injection,7802.py,py
7803,injection\7803.php,php,injection,7803.php,php
7804,file path\7804.pl,php,file path,7804.pl,pl
7805,injection\7805.php,php,injection,7805.php,php
7806,injection\7806.php,php,injection,7806.php,php
7807,injection\7807.php,php,injection,7807.php,php
7808,injection\7808.pl,php,injection,7808.pl,pl
7809,file path\7809.pl,php,file path,7809.pl,pl
7810,injection\7810.py,php,injection,7810.py,py
7811,injection\7811.php,php,injection,7811.php,php
7812,injection\7812.php,php,injection,7812.php,php
7813,injection\7813.py,php,injection,7813.py,py
7814,injection\7814.py,php,injection,7814.py,py
7815,injection\7815.php,php,injection,7815.php,php
7816,injection\7816.php,php,injection,7816.php,php
7817,injection\7817.py,php,injection,7817.py,py
7818,file path\7818.py,php,file path,7818.py,py
7819,file path\7819.pl,php,file path,7819.pl,pl
7820,injection\7820.pl,php,injection,7820.pl,pl
7821,injection\7821.html,php,injection,7821.html,html
7822,injection\7822.php,php,injection,7822.php,php
7823,injection\7823.html,php,injection,7823.html,html
7824,injection\7824.pl,php,injection,7824.pl,pl
7825,file path\7825.html,php,file path,7825.html,html
7826,file path\7826.pl,php,file path,7826.pl,pl
7827,file path\7827.php,php,file path,7827.php,php
7828,file path\7828.pl,php,file path,7828.pl,pl
7829,file path\7829.pl,php,file path,7829.pl,pl
7830,file path\7830.pl,php,file path,7830.pl,pl
7831,injection\7831.php,php,injection,7831.php,php
7832,injection\7832.pl,php,injection,7832.pl,pl
7833,injection\7833.php,php,injection,7833.php,php
7834,injection\7834.rb,php,injection,7834.rb,rb
7835,injection\7835.pl,php,injection,7835.pl,pl
7836,injection\7836.pl,php,injection,7836.pl,pl
7837,injection\7837.php,php,injection,7837.php,php
7838,injection\7838.php,php,injection,7838.php,php
7839,injection\7839.pl,php,injection,7839.pl,pl
7840,injection\7840.pl,php,injection,7840.pl,pl
7841,injection\7841.pl,php,injection,7841.pl,pl
7842,injection\7842.pl,php,injection,7842.pl,pl
7843,injection\7843.pl,php,injection,7843.pl,pl
7844,injection\7844.php,php,injection,7844.php,php
7845,injection\7845.pl,php,injection,7845.pl,pl
7846,injection\7846.php,php,injection,7846.php,php
7847,injection\7847.pl,php,injection,7847.pl,pl
7848,injection\7848.pl,php,injection,7848.pl,pl
7849,injection\7849.pl,php,injection,7849.pl,pl
7850,injection\7850.rb,php,injection,7850.rb,rb
7851,injection\7851.pl,php,injection,7851.pl,pl
7852,injection\7852.html,php,injection,7852.html,html
7853,injection\7853.pl,php,injection,7853.pl,pl
7854,injection\7854.py,php,injection,7854.py,py
7855,file path\7855.php,php,file path,7855.php,php
7856,injection\7856.pl,php,injection,7856.pl,pl
7857,injection\7857.html,php,injection,7857.html,html
7858,injection\7858.php,php,injection,7858.php,php
7859,injection\7859.php,php,injection,7859.php,php
7860,file path\7860.html,php,file path,7860.html,html
7861,file path\7861.php,php,file path,7861.php,php
7862,injection\7862.php,php,injection,7862.php,php
7863,injection\7863.py,php,injection,7863.py,py
7864,injection\7864.py,php,injection,7864.py,py
7865,injection\7865.pl,php,injection,7865.pl,pl
7866,injection\7866.php,php,injection,7866.php,php
7867,file path\7867.pl,php,file path,7867.pl,pl
7868,injection\7868.pl,php,injection,7868.pl,pl
7869,file path\7869.html,php,file path,7869.html,html
7870,injection\7870.pl,php,injection,7870.pl,pl
7871,file path\7871.pl,php,file path,7871.pl,pl
7872,file path\7872.php,php,file path,7872.php,php
7873,file path\7873.html,php,file path,7873.html,html
7874,injection\7874.py,php,injection,7874.py,py
7875,injection\7875.html,php,injection,7875.html,html
7876,file path\7876.php,php,file path,7876.php,php
7877,injection\7877.pl,php,injection,7877.pl,pl
7878,injection\7878.php,php,injection,7878.php,php
7879,injection\7879.php,php,injection,7879.php,php
7880,injection\7880.php,php,injection,7880.php,php
7881,injection\7881.py,php,injection,7881.py,py
7882,file path\7882.py,php,file path,7882.py,py
7883,injection\7883.pl,php,injection,7883.pl,pl
7884,injection\7884.pl,php,injection,7884.pl,pl
7885,injection\7885.pl,php,injection,7885.pl,pl
7886,injection\7886.pl,php,injection,7886.pl,pl
7887,injection\7887.html,php,injection,7887.html,html
7888,injection\7888.html,php,injection,7888.html,html
7889,injection\7889.pl,php,injection,7889.pl,pl
7890,injection\7890.py,php,injection,7890.py,py
7891,injection\7891.py,php,injection,7891.py,py
7892,injection\7892.py,php,injection,7892.py,py
7893,injection\7893.py,php,injection,7893.py,py
7894,injection\7894.html,php,injection,7894.html,html
7895,injection\7895.pl,php,injection,7895.pl,pl
7896,injection\7896.pl,php,injection,7896.pl,pl
7897,injection\7897.html,php,injection,7897.html,html
7898,injection\7898.py,php,injection,7898.py,py
7899,injection\7899.py,php,injection,7899.py,py
7900,injection\7900.php,php,injection,7900.php,php
7901,injection\7901.html,php,injection,7901.html,html
7902,injection\7902.py,php,injection,7902.py,py
7903,injection\7903.php,php,injection,7903.php,php
7904,injection\7904.py,php,injection,7904.py,py
7905,file path\7905.py,php,file path,7905.py,py
7906,file path\7906.rb,php,file path,7906.rb,rb
7907,injection\7907.rb,php,injection,7907.rb,rb
7908,injection\7908.html,php,injection,7908.html,html
7909,injection\7909.php,php,injection,7909.php,php
7910,injection\7910.html,php,injection,7910.html,html
7911,injection\7911.html,php,injection,7911.html,html
7912,injection\7912.php,php,injection,7912.php,php
7913,injection\7913.pl,php,injection,7913.pl,pl
7914,file path\7914.html,php,file path,7914.html,html
7915,injection\7915.py,php,injection,7915.py,py
7916,injection\7916.py,php,injection,7916.py,py
7917,injection\7917.pl,php,injection,7917.pl,pl
7918,file path\7918.pl,php,file path,7918.pl,pl
7919,file path\7919.html,php,file path,7919.html,html
7920,file path\7920.pl,php,file path,7920.pl,pl
7921,injection\7921.php,php,injection,7921.php,php
7922,injection\7922.pl,php,injection,7922.pl,pl
7923,injection\7923.pl,php,injection,7923.pl,pl
7924,injection\7924.pl,php,injection,7924.pl,pl
7925,file path\7925.php,php,file path,7925.php,php
7926,injection\7926.pl,php,injection,7926.pl,pl
7927,injection\7927.py,php,injection,7927.py,py
7928,file path\7928.pl,php,file path,7928.pl,pl
7929,injection\7929.py,php,injection,7929.py,py
7930,file path\7930.py,php,file path,7930.py,py
7931,injection\7931.py,php,injection,7931.py,py
7932,injection\7932.c,php,injection,7932.c,c
7933,injection\7933.php,php,injection,7933.php,php
7934,injection\7934.php,php,injection,7934.php,php
7935,injection\7935.php,php,injection,7935.php,php
7936,injection\7936.html,php,injection,7936.html,html
7937,injection\7937.php,php,injection,7937.php,php
7938,injection\7938.py,php,injection,7938.py,py
7939,injection\7939.py,php,injection,7939.py,py
7940,injection\7940.py,php,injection,7940.py,py
7941,injection\7941.rb,php,injection,7941.rb,rb
7942,file path\7942.php,php,file path,7942.php,php
7943,injection\7943.py,php,injection,7943.py,py
7944,injection\7944.py,php,injection,7944.py,py
7945,file path\7945.pl,php,file path,7945.pl,pl
7946,injection\7946.html,php,injection,7946.html,html
7947,injection\7947.php,php,injection,7947.php,php
7948,injection\7948.pl,php,injection,7948.pl,pl
7949,file path\7949.py,php,file path,7949.py,py
7950,injection\7950.html,php,injection,7950.html,html
7951,file path\7951.html,php,file path,7951.html,html
7952,injection\7952.php,php,injection,7952.php,php
7953,file path\7953.php,php,file path,7953.php,php
7954,injection\7954.pl,php,injection,7954.pl,pl
7955,injection\7955.php,php,injection,7955.php,php
7956,file path\7956.html,php,file path,7956.html,html
7957,file path\7957.pl,php,file path,7957.pl,pl
7958,file path\7958.pl,php,file path,7958.pl,pl
7959,injection\7959.pl,php,injection,7959.pl,pl
7960,file path\7960.py,php,file path,7960.py,py
7961,file path\7961.html,php,file path,7961.html,html
7962,injection\7962.pl,php,injection,7962.pl,pl
7963,injection\7963.pl,php,injection,7963.pl,pl
7964,injection\7964.pl,php,injection,7964.pl,pl
7965,injection\7965.php,php,injection,7965.php,php
7966,file path\7966.php,php,file path,7966.php,php
7967,injection\7967.php,php,injection,7967.php,php
7968,injection\7968.php,php,injection,7968.php,php
7969,injection\7969.pl,php,injection,7969.pl,pl
7970,injection\7970.php,php,injection,7970.php,php
7971,injection\7971.py,php,injection,7971.py,py
7972,injection\7972.pl,php,injection,7972.pl,pl
7973,injection\7973.pl,php,injection,7973.pl,pl
7974,injection\7974.php,php,injection,7974.php,php
7975,injection\7975.php,php,injection,7975.php,php
7976,injection\7976.pl,php,injection,7976.pl,pl
7977,injection\7977.php,php,injection,7977.php,php
7978,injection\7978.php,php,injection,7978.php,php
7979,injection\7979.pl,php,injection,7979.pl,pl
7980,injection\7980.pl,php,injection,7980.pl,pl
7981,injection\7981.php,php,injection,7981.php,php
7982,injection\7982.html,php,injection,7982.html,html
7983,injection\7983.pl,php,injection,7983.pl,pl
7984,injection\7984.c,php,injection,7984.c,c
7985,injection\7985.php,php,injection,7985.php,php
7986,injection\7986.pl,php,injection,7986.pl,pl
7987,injection\7987.php,php,injection,7987.php,php
7988,injection\7988.php,php,injection,7988.php,php
7989,injection\7989.php,php,injection,7989.php,php
7990,injection\7990.pl,php,injection,7990.pl,pl
7991,injection\7991.pl,php,injection,7991.pl,pl
7992,injection\7992.pl,php,injection,7992.pl,pl
7993,injection\7993.pl,php,injection,7993.pl,pl
7994,injection\7994.php,php,injection,7994.php,php
7995,injection\7995.pl,php,injection,7995.pl,pl
7996,injection\7996.pl,php,injection,7996.pl,pl
7997,injection\7997.pl,php,injection,7997.pl,pl
7998,injection\7998.php,php,injection,7998.php,php
7999,injection\7999.pl,php,injection,7999.pl,pl
8000,injection\8000.pl,php,injection,8000.pl,pl
8001,file path\8001.pl,php,file path,8001.pl,pl
8002,file path\8002.pl,php,file path,8002.pl,pl
8003,file path\8003.pl,php,file path,8003.pl,pl
8004,file path\8004.pl,php,file path,8004.pl,pl
8005,injection\8005.pl,php,injection,8005.pl,pl
8006,injection\8006.php,php,injection,8006.php,php
8007,file path\8007.php,php,file path,8007.php,php
8008,injection\8008.php,php,injection,8008.php,php
8009,injection\8009.php,php,injection,8009.php,php
8010,injection\8010.py,php,injection,8010.py,py
8011,injection\8011.py,php,injection,8011.py,py
8012,file path\8012.php,php,file path,8012.php,php
8013,file path\8013.php,php,file path,8013.php,php
8014,injection\8014.php,php,injection,8014.php,php
8015,injection\8015.php,php,injection,8015.php,php
8016,injection\8016.pl,php,injection,8016.pl,pl
8017,injection\8017.pl,php,injection,8017.pl,pl
8018,injection\8018.html,php,injection,8018.html,html
8019,file path\8019.c,php,file path,8019.c,c
8020,injection\8020.pl,php,injection,8020.pl,pl
8021,injection\8021.pl,php,injection,8021.pl,pl
8022,file path\8022.pl,php,file path,8022.pl,pl
8023,injection\8023.php,php,injection,8023.php,php
8024,injection\8024.pl,php,injection,8024.pl,pl
8025,file path\8025.pl,php,file path,8025.pl,pl
8026,file path\8026.html,php,file path,8026.html,html
8027,injection\8027.pl,php,injection,8027.pl,pl
8028,file path\8028.pl,php,file path,8028.pl,pl
8029,file path\8029.html,php,file path,8029.html,html
8030,file path\8030.pl,php,file path,8030.pl,pl
8031,file path\8031.py,php,file path,8031.py,py
8032,file path\8032.pl,php,file path,8032.pl,pl
8033,injection\8033.pl,php,injection,8033.pl,pl
8034,injection\8034.pl,php,injection,8034.pl,pl
8035,file path\8035.pl,php,file path,8035.pl,pl
8036,file path\8036.pl,php,file path,8036.pl,pl
8037,file path\8037.pl,php,file path,8037.pl,pl
8038,file path\8038.pl,php,file path,8038.pl,pl
8039,file path\8039.pl,php,file path,8039.pl,pl
8040,file path\8040.pl,php,file path,8040.pl,pl
8041,file path\8041.pl,php,file path,8041.pl,pl
8042,file path\8042.py,php,file path,8042.py,py
8043,file path\8043.pl,php,file path,8043.pl,pl
8044,file path\8044.php,php,file path,8044.php,php
8045,file path\8045.pl,php,file path,8045.pl,pl
8046,injection\8046.php,php,injection,8046.php,php
8047,file path\8047.pl,php,file path,8047.pl,pl
8048,file path\8048.pl,php,file path,8048.pl,pl
8049,injection\8049.php,php,injection,8049.php,php
8050,injection\8050.pl,php,injection,8050.pl,pl
8051,injection\8051.php,php,injection,8051.php,php
8052,file path\8052.pl,php,file path,8052.pl,pl
8053,injection\8053.pl,php,injection,8053.pl,pl
8054,injection\8054.pl,php,injection,8054.pl,pl
8055,injection\8055.php,php,injection,8055.php,php
8056,injection\8056.php,php,injection,8056.php,php
8057,injection\8057.php,php,injection,8057.php,php
8058,injection\8058.pl,php,injection,8058.pl,pl
8059,injection\8059.pl,php,injection,8059.pl,pl
8060,file path\8060.py,php,file path,8060.py,py
8061,file path\8061.pl,php,file path,8061.pl,pl
8062,file path\8062.pl,php,file path,8062.pl,pl
8063,file path\8063.pl,php,file path,8063.pl,pl
8064,injection\8064.py,php,injection,8064.py,py
8065,injection\8065.py,php,injection,8065.py,py
8066,file path\8066.py,php,file path,8066.py,py
8067,injection\8067.php,php,injection,8067.php,php
8068,injection\8068.pl,php,injection,8068.pl,pl
8069,injection\8069.rb,php,injection,8069.rb,rb
8070,injection\8070.pl,php,injection,8070.pl,pl
8071,injection\8071.pl,php,injection,8071.pl,pl
8072,injection\8072.php,php,injection,8072.php,php
8073,injection\8073.rb,php,injection,8073.rb,rb
8074,file path\8074.php,php,file path,8074.php,php
8075,injection\8075.py,php,injection,8075.py,py
8076,file path\8076.pl,php,file path,8076.pl,pl
8077,injection\8077.php,php,injection,8077.php,php
8078,injection\8078.php,php,injection,8078.php,php
8079,injection\8079.rb,php,injection,8079.rb,rb
8080,injection\8080.c,php,injection,8080.c,c
8081,file path\8081.pl,php,file path,8081.pl,pl
8082,injection\8082.php,php,injection,8082.php,php
8083,file path\8083.pl,php,file path,8083.pl,pl
8084,file path\8084.pl,php,file path,8084.pl,pl
8085,injection\8085.pl,php,injection,8085.pl,pl
8086,injection\8086.php,php,injection,8086.php,php
8087,file path\8087.html,php,file path,8087.html,html
8088,injection\8088.php,php,injection,8088.php,php
8089,file path\8089.html,php,file path,8089.html,html
8090,injection\8090.pl,php,injection,8090.pl,pl
8091,injection\8091.html,php,injection,8091.html,html
8092,file path\8092.html,php,file path,8092.html,html
8093,injection\8093.html,php,injection,8093.html,html
8094,injection\8094.pl,php,injection,8094.pl,pl
8095,injection\8095.php,php,injection,8095.php,php
8096,file path\8096.py,php,file path,8096.py,py
8097,file path\8097.pl,php,file path,8097.pl,pl
8098,file path\8098.py,php,file path,8098.py,py
8099,file path\8099.pl,php,file path,8099.pl,pl
8100,injection\8100.pl,php,injection,8100.pl,pl
8101,file path\8101.pl,php,file path,8101.pl,pl
8102,file path\8102.pl,php,file path,8102.pl,pl
8103,injection\8103.rb,php,injection,8103.rb,rb
8104,injection\8104.rb,php,injection,8104.rb,rb
8105,injection\8105.rb,php,injection,8105.rb,rb
8106,file path\8106.pl,php,file path,8106.pl,pl
8107,injection\8107.php,php,injection,8107.php,php
8108,injection\8108.pl,php,injection,8108.pl,pl
8109,injection\8109.rb,php,injection,8109.rb,rb
8110,file path\8110.html,php,file path,8110.html,html
8111,file path\8111.php,php,file path,8111.php,php
8112,injection\8112.pl,php,injection,8112.pl,pl
8113,injection\8113.pl,php,injection,8113.pl,pl
8114,injection\8114.pl,php,injection,8114.pl,pl
8115,injection\8115.pl,php,injection,8115.pl,pl
8116,injection\8116.php,php,injection,8116.php,php
8117,injection\8117.php,php,injection,8117.php,php
8118,injection\8118.php,php,injection,8118.php,php
8119,injection\8119.php,php,injection,8119.php,php
8120,injection\8120.php,php,injection,8120.php,php
8121,injection\8121.pl,php,injection,8121.pl,pl
8122,injection\8122.pl,php,injection,8122.pl,pl
8123,injection\8123.php,php,injection,8123.php,php
8124,injection\8124.pl,php,injection,8124.pl,pl
8125,injection\8125.php,php,injection,8125.php,php
8126,injection\8126.html,php,injection,8126.html,html
8127,injection\8127.pl,php,injection,8127.pl,pl
8128,file path\8128.pl,php,file path,8128.pl,pl
8129,injection\8129.php,php,injection,8129.php,php
8130,injection\8130.py,php,injection,8130.py,py
8131,injection\8131.pl,php,injection,8131.pl,pl
8132,injection\8132.php,php,injection,8132.php,php
8133,file path\8133.php,php,file path,8133.php,php
8134,injection\8134.php,php,injection,8134.php,php
8135,injection\8135.rb,php,injection,8135.rb,rb
8136,injection\8136.php,php,injection,8136.php,php
8137,file path\8137.pl,php,file path,8137.pl,pl
8138,injection\8138.php,php,injection,8138.php,php
8139,injection\8139.pl,php,injection,8139.pl,pl
8140,injection\8140.pl,php,injection,8140.pl,pl
8141,injection\8141.pl,php,injection,8141.pl,pl
8142,injection\8142.pl,php,injection,8142.pl,pl
8143,injection\8143.py,php,injection,8143.py,py
8144,file path\8144.pl,php,file path,8144.pl,pl
8145,file path\8145.pl,php,file path,8145.pl,pl
8146,file path\8146.php,php,file path,8146.php,php
8147,file path\8147.pl,php,file path,8147.pl,pl
8148,injection\8148.html,php,injection,8148.html,html
8149,injection\8149.py,php,injection,8149.py,py
8150,injection\8150.py,php,injection,8150.py,py
8151,file path\8151.pl,php,file path,8151.pl,pl
8152,injection\8152.php,php,injection,8152.php,php
8153,file path\8153.php,php,file path,8153.php,php
8154,injection\8154.py,php,injection,8154.py,py
8155,injection\8155.pl,php,injection,8155.pl,pl
8156,injection\8156.pl,php,injection,8156.pl,pl
8157,injection\8157.pl,php,injection,8157.pl,pl
8158,injection\8158.php,php,injection,8158.php,php
8159,injection\8159.pl,php,injection,8159.pl,pl
8160,file path\8160.pl,php,file path,8160.pl,pl
8161,injection\8161.pl,php,injection,8161.pl,pl
8162,file path\8162.pl,php,file path,8162.pl,pl
8163,injection\8163.pl,php,injection,8163.pl,pl
8164,injection\8164.php,php,injection,8164.php,php
8165,file path\8165.pl,php,file path,8165.pl,pl
8166,file path\8166.py,php,file path,8166.py,py
8167,file path\8167.php,php,file path,8167.php,php
8168,file path\8168.php,php,file path,8168.php,php
8169,file path\8169.php,php,file path,8169.php,php
8170,file path\8170.pl,php,file path,8170.pl,pl
8171,injection\8171.php,php,injection,8171.php,php
8172,injection\8172.html,php,injection,8172.html,html
8173,injection\8173.php,php,injection,8173.php,php
8174,injection\8174.pl,php,injection,8174.pl,pl
8175,file path\8175.pl,php,file path,8175.pl,pl
8176,file path\8176.php,php,file path,8176.php,php
8177,injection\8177.pl,php,injection,8177.pl,pl
8178,file path\8178.pl,php,file path,8178.pl,pl
8179,injection\8179.py,php,injection,8179.py,py
8180,injection\8180.py,php,injection,8180.py,py
8181,injection\8181.py,php,injection,8181.py,py
8182,file path\8182.pl,php,file path,8182.pl,pl
8183,injection\8183.php,php,injection,8183.php,php
8184,injection\8184.php,php,injection,8184.php,php
8185,injection\8185.py,php,injection,8185.py,py
8186,file path\8186.py,php,file path,8186.py,py
8187,injection\8187.py,php,injection,8187.py,py
8188,injection\8188.php,php,injection,8188.php,php
8189,injection\8189.php,php,injection,8189.php,php
8190,injection\8190.php,php,injection,8190.php,php
8191,injection\8191.html,php,injection,8191.html,html
8192,file path\8192.pl,php,file path,8192.pl,pl
8193,injection\8193.php,php,injection,8193.php,php
8194,injection\8194.py,php,injection,8194.py,py
8195,injection\8195.pl,php,injection,8195.pl,pl
8196,file path\8196.py,php,file path,8196.py,py
8197,injection\8197.pl,php,injection,8197.pl,pl
8198,injection\8198.php,php,injection,8198.php,php
8199,file path\8199.php,php,file path,8199.php,php
8200,injection\8200.php,php,injection,8200.php,php
8201,injection\8201.pl,php,injection,8201.pl,pl
8202,injection\8202.pl,php,injection,8202.pl,pl
8203,injection\8203.html,php,injection,8203.html,html
8204,injection\8204.py,php,injection,8204.py,py
8205,injection\8205.py,php,injection,8205.py,py
8206,injection\8206.pl,php,injection,8206.pl,pl
8207,injection\8207.pl,php,injection,8207.pl,pl
8208,file path\8208.html,php,file path,8208.html,html
8209,injection\8209.pl,php,injection,8209.pl,pl
8210,file path\8210.php,php,file path,8210.php,php
8211,injection\8211.py,php,injection,8211.py,py
8212,injection\8212.pl,php,injection,8212.pl,pl
8213,injection\8213.rb,php,injection,8213.rb,rb
8214,injection\8214.html,php,injection,8214.html,html
8215,injection\8215.pl,php,injection,8215.pl,pl
8216,file path\8216.pl,php,file path,8216.pl,pl
8217,injection\8217.py,php,injection,8217.py,py
8218,injection\8218.php,php,injection,8218.php,php
8219,injection\8219.pl,php,injection,8219.pl,pl
8220,injection\8220.php,php,injection,8220.php,php
8221,file path\8221.py,php,file path,8221.py,py
8222,injection\8222.pl,php,injection,8222.pl,pl
8223,injection\8223.pl,php,injection,8223.pl,pl
8224,injection\8224.pl,php,injection,8224.pl,pl
8225,injection\8225.pl,php,injection,8225.pl,pl
8226,injection\8226.pl,php,injection,8226.pl,pl
8227,injection\8227.pl,php,injection,8227.pl,pl
8228,injection\8228.pl,php,injection,8228.pl,pl
8229,injection\8229.html,php,injection,8229.html,html
8230,injection\8230.php,php,injection,8230.php,php
8231,file path\8231.php,php,file path,8231.php,php
8232,injection\8232.php,php,injection,8232.php,php
8233,injection\8233.py,php,injection,8233.py,py
8234,injection\8234.py,php,injection,8234.py,py
8235,file path\8235.pl,php,file path,8235.pl,pl
8236,injection\8236.php,php,injection,8236.php,php
8237,file path\8237.py,php,file path,8237.py,py
8238,injection\8238.pl,php,injection,8238.pl,pl
8239,injection\8239.pl,php,injection,8239.pl,pl
8240,injection\8240.php,php,injection,8240.php,php
8241,injection\8241.php,php,injection,8241.php,php
8242,injection\8242.py,php,injection,8242.py,py
8243,injection\8243.pl,php,injection,8243.pl,pl
8244,injection\8244.py,php,injection,8244.py,py
8245,injection\8245.php,php,injection,8245.php,php
8246,injection\8246.pl,php,injection,8246.pl,pl
8247,file path\8247.php,php,file path,8247.php,php
8248,injection\8248.pl,php,injection,8248.pl,pl
8249,injection\8249.py,php,injection,8249.py,py
8250,file path\8250.pl,php,file path,8250.pl,pl
8251,file path\8251.pl,php,file path,8251.pl,pl
8252,injection\8252.php,php,injection,8252.php,php
8253,injection\8253.pl,php,injection,8253.pl,pl
8254,injection\8254.pl,php,injection,8254.pl,pl
8255,file path\8255.pl,php,file path,8255.pl,pl
8256,injection\8256.pl,php,injection,8256.pl,pl
8257,injection\8257.php,php,injection,8257.php,php
8258,injection\8258.pl,php,injection,8258.pl,pl
8259,injection\8259.html,php,injection,8259.html,html
8260,file path\8260.html,php,file path,8260.html,html
8261,injection\8261.php,php,injection,8261.php,php
8262,injection\8262.html,php,injection,8262.html,html
8263,injection\8263.php,php,injection,8263.php,php
8264,file path\8264.pl,php,file path,8264.pl,pl
8265,injection\8265.pl,php,injection,8265.pl,pl
8266,injection\8266.php,php,injection,8266.php,php
8267,injection\8267.pl,php,injection,8267.pl,pl
8268,injection\8268.pl,php,injection,8268.pl,pl
8269,injection\8269.py,php,injection,8269.py,py
8270,injection\8270.pl,php,injection,8270.pl,pl
8271,injection\8271.py,php,injection,8271.py,py
8272,file path\8272.py,php,file path,8272.py,py
8273,injection\8273.php,php,injection,8273.php,php
8274,injection\8274.py,php,injection,8274.py,py
8275,injection\8275.pl,php,injection,8275.pl,pl
8276,injection\8276.php,php,injection,8276.php,php
8277,injection\8277.php,php,injection,8277.php,php
8278,injection\8278.php,php,injection,8278.php,php
8279,injection\8279.html,php,injection,8279.html,html
8280,injection\8280.html,php,injection,8280.html,html
8281,injection\8281.php,php,injection,8281.php,php
8282,injection\8282.py,php,injection,8282.py,py
8283,file path\8283.pl,php,file path,8283.pl,pl
8284,injection\8284.py,php,injection,8284.py,py
8285,injection\8285.pl,php,injection,8285.pl,pl
8286,injection\8286.php,php,injection,8286.php,php
8287,injection\8287.pl,php,injection,8287.pl,pl
8288,injection\8288.rb,php,injection,8288.rb,rb
8289,file path\8289.pl,php,file path,8289.pl,pl
8290,file path\8290.pl,php,file path,8290.pl,pl
8291,injection\8291.html,php,injection,8291.html,html
8292,file path\8292.php,php,file path,8292.php,php
8293,injection\8293.html,php,injection,8293.html,html
8294,file path\8294.pl,php,file path,8294.pl,pl
8295,injection\8295.rb,php,injection,8295.rb,rb
8296,file path\8296.pl,php,file path,8296.pl,pl
8297,injection\8297.php,php,injection,8297.php,php
8298,injection\8298.pl,php,injection,8298.pl,pl
8299,file path\8299.pl,php,file path,8299.pl,pl
8300,injection\8300.py,php,injection,8300.py,py
8301,injection\8301.pl,php,injection,8301.pl,pl
8302,file path\8302.php,php,file path,8302.php,php
8303,injection\8303.py,php,injection,8303.py,py
8304,file path\8304.php,php,file path,8304.php,php
8305,injection\8305.pl,php,injection,8305.pl,pl
8306,injection\8306.pl,php,injection,8306.pl,pl
8307,injection\8307.pl,php,injection,8307.pl,pl
8308,injection\8308.py,php,injection,8308.py,py
8309,injection\8309.php,php,injection,8309.php,php
8310,injection\8310.rb,php,injection,8310.rb,rb
8311,injection\8311.py,php,injection,8311.py,py
8312,injection\8312.py,php,injection,8312.py,py
8313,injection\8313.py,php,injection,8313.py,py
8314,injection\8314.php,php,injection,8314.php,php
8315,injection\8315.php,php,injection,8315.php,php
8316,injection\8316.py,php,injection,8316.py,py
8317,injection\8317.pl,php,injection,8317.pl,pl
8318,injection\8318.py,php,injection,8318.py,py
8319,injection\8319.py,php,injection,8319.py,py
8320,injection\8320.pl,php,injection,8320.pl,pl
8321,injection\8321.pl,php,injection,8321.pl,pl
8322,file path\8322.html,php,file path,8322.html,html
8323,injection\8323.html,php,injection,8323.html,html
8324,injection\8324.pl,php,injection,8324.pl,pl
8325,injection\8325.php,php,injection,8325.php,php
8326,injection\8326.py,php,injection,8326.py,py
8327,injection\8327.py,php,injection,8327.py,py
8328,file path\8328.php,php,file path,8328.php,php
8329,injection\8329.pl,php,injection,8329.pl,pl
8330,injection\8330.pl,php,injection,8330.pl,pl
8331,file path\8331.pl,php,file path,8331.pl,pl
8332,injection\8332.php,php,injection,8332.php,php
8333,injection\8333.pl,php,injection,8333.pl,pl
8334,injection\8334.php,php,injection,8334.php,php
8335,injection\8335.rb,php,injection,8335.rb,rb
8336,file path\8336.pl,php,file path,8336.pl,pl
8337,injection\8337.php,php,injection,8337.php,php
8338,injection\8338.pl,php,injection,8338.pl,pl
8339,file path\8339.py,php,file path,8339.py,py
8340,file path\8340.html,php,file path,8340.html,html
8341,file path\8341.py,php,file path,8341.py,py
8342,injection\8342.pl,php,injection,8342.pl,pl
8343,file path\8343.html,php,file path,8343.html,html
8344,injection\8344.py,php,injection,8344.py,py
8345,injection\8345.c,php,injection,8345.c,c
8346,injection\8346.php,php,injection,8346.php,php
8347,injection\8347.py,php,injection,8347.py,py
8348,file path\8348.html,php,file path,8348.html,html
8349,file path\8349.php,php,file path,8349.php,php
8350,injection\8350.py,php,injection,8350.py,py
8351,injection\8351.pl,php,injection,8351.pl,pl
8352,injection\8352.php,php,injection,8352.php,php
8353,file path\8353.php,php,file path,8353.php,php
8354,injection\8354.pl,php,injection,8354.pl,pl
8355,injection\8355.pl,php,injection,8355.pl,pl
8356,injection\8356.py,php,injection,8356.py,py
8357,injection\8357.pl,php,injection,8357.pl,pl
8358,injection\8358.php,php,injection,8358.php,php
8359,injection\8359.php,php,injection,8359.php,php
8360,injection\8360.html,php,injection,8360.html,html
8361,injection\8361.rb,php,injection,8361.rb,rb
8362,injection\8362.php,php,injection,8362.php,php
8363,injection\8363.php,php,injection,8363.php,php
8364,injection\8364.html,php,injection,8364.html,html
8365,injection\8365.php,php,injection,8365.php,php
8366,injection\8366.html,php,injection,8366.html,html
8367,injection\8367.pl,php,injection,8367.pl,pl
8368,injection\8368.pl,php,injection,8368.pl,pl
8369,injection\8369.py,php,injection,8369.py,py
8370,injection\8370.py,php,injection,8370.py,py
8371,injection\8371.pl,php,injection,8371.pl,pl
8372,injection\8372.py,php,injection,8372.py,py
8373,injection\8373.php,php,injection,8373.php,php
8374,injection\8374.py,php,injection,8374.py,py
8375,injection\8375.html,php,injection,8375.html,html
8376,injection\8376.pl,php,injection,8376.pl,pl
8377,file path\8377.pl,php,file path,8377.pl,pl
8378,injection\8378.php,php,injection,8378.php,php
8379,file path\8379.php,php,file path,8379.php,php
8380,injection\8380.pl,php,injection,8380.pl,pl
8381,injection\8381.rb,php,injection,8381.rb,rb
8382,injection\8382.py,php,injection,8382.py,py
8383,file path\8383.pl,php,file path,8383.pl,pl
8384,file path\8384.pl,php,file path,8384.pl,pl
8385,injection\8385.php,php,injection,8385.php,php
8386,injection\8386.html,php,injection,8386.html,html
8387,injection\8387.pl,php,injection,8387.pl,pl
8388,injection\8388.php,php,injection,8388.php,php
8389,file path\8389.html,php,file path,8389.html,html
8390,file path\8390.html,php,file path,8390.html,html
8391,injection\8391.pl,php,injection,8391.pl,pl
8392,file path\8392.py,php,file path,8392.py,py
8393,injection\8393.pl,php,injection,8393.pl,pl
8394,injection\8394.pl,php,injection,8394.pl,pl
8395,file path\8395.pl,php,file path,8395.pl,pl
8396,file path\8396.pl,php,file path,8396.pl,pl
8397,injection\8397.pl,php,injection,8397.pl,pl
8398,file path\8398.pl,php,file path,8398.pl,pl
8399,file path\8399.html,php,file path,8399.html,html
8400,injection\8400.py,php,injection,8400.py,py
8401,injection\8401.pl,php,injection,8401.pl,pl
8402,injection\8402.pl,php,injection,8402.pl,pl
8403,injection\8403.pl,php,injection,8403.pl,pl
8404,file path\8404.html,php,file path,8404.html,html
8405,injection\8405.php,php,injection,8405.php,php
8406,file path\8406.pl,php,file path,8406.pl,pl
8407,injection\8407.php,php,injection,8407.php,php
8408,injection\8408.php,php,injection,8408.php,php
8409,injection\8409.pl,php,injection,8409.pl,pl
8410,injection\8410.pl,php,injection,8410.pl,pl
8411,injection\8411.pl,php,injection,8411.pl,pl
8412,injection\8412.py,php,injection,8412.py,py
8413,injection\8413.rb,php,injection,8413.rb,rb
8414,file path\8414.py,php,file path,8414.py,py
8415,file path\8415.py,php,file path,8415.py,py
8416,file path\8416.html,php,file path,8416.html,html
8417,injection\8417.py,php,injection,8417.py,py
8418,injection\8418.pl,php,injection,8418.pl,pl
8419,injection\8419.pl,php,injection,8419.pl,pl
8420,injection\8420.pl,php,injection,8420.pl,pl
8421,injection\8421.php,php,injection,8421.php,php
8422,injection\8422.php,php,injection,8422.php,php
8423,injection\8423.pl,php,injection,8423.pl,pl
8424,injection\8424.pl,php,injection,8424.pl,pl
8425,injection\8425.pl,php,injection,8425.pl,pl
8426,injection\8426.pl,php,injection,8426.pl,pl
8427,injection\8427.py,php,injection,8427.py,py
8428,injection\8428.py,php,injection,8428.py,py
8429,injection\8429.pl,php,injection,8429.pl,pl
8430,injection\8430.py,php,injection,8430.py,py
8431,injection\8431.html,php,injection,8431.html,html
8432,injection\8432.py,php,injection,8432.py,py
8433,injection\8433.pl,php,injection,8433.pl,pl
8434,injection\8434.pl,php,injection,8434.pl,pl
8435,injection\8435.php,php,injection,8435.php,php
8436,injection\8436.pl,php,injection,8436.pl,pl
8437,injection\8437.pl,php,injection,8437.pl,pl
8438,injection\8438.pl,php,injection,8438.pl,pl
8439,injection\8439.pl,php,injection,8439.pl,pl
8440,injection\8440.php,php,injection,8440.php,php
8441,injection\8441.pl,php,injection,8441.pl,pl
8442,injection\8442.pl,php,injection,8442.pl,pl
8443,injection\8443.php,php,injection,8443.php,php
8444,injection\8444.rb,php,injection,8444.rb,rb
8445,injection\8445.php,php,injection,8445.php,php
8446,injection\8446.php,php,injection,8446.php,php
8447,injection\8447.php,php,injection,8447.php,php
8448,injection\8448.py,php,injection,8448.py,py
8449,injection\8449.rb,php,injection,8449.rb,rb
8450,injection\8450.pl,php,injection,8450.pl,pl
8451,injection\8451.pl,php,injection,8451.pl,pl
8452,injection\8452.pl,php,injection,8452.pl,pl
8453,injection\8453.pl,php,injection,8453.pl,pl
8454,injection\8454.pl,php,injection,8454.pl,pl
8455,denial of service\8455.py,php,denial of service,8455.py,py
8456,injection\8456.html,php,injection,8456.html,html
8457,injection\8457.py,php,injection,8457.py,py
8458,injection\8458.php,php,injection,8458.php,php
8459,injection\8459.pl,php,injection,8459.pl,pl
8460,injection\8460.php,php,injection,8460.php,php
8461,file path\8461.py,php,file path,8461.py,py
8462,injection\8462.html,php,injection,8462.html,html
8463,injection\8463.php,php,injection,8463.php,php
8464,file path\8464.py,php,file path,8464.py,py
8465,injection\8465.php,php,injection,8465.php,php
8466,injection\8466.html,php,injection,8466.html,html
8467,file path\8467.py,php,file path,8467.py,py
8468,injection\8468.py,php,injection,8468.py,py
8469,file path\8469.rb,php,file path,8469.rb,rb
8470,file path\8470.py,php,file path,8470.py,py
8471,injection\8471.rb,php,injection,8471.rb,rb
8472,file path\8472.php,php,file path,8472.php,php
8473,injection\8473.py,php,injection,8473.py,py
8474,injection\8474.php,php,injection,8474.php,php
8475,injection\8475.py,php,injection,8475.py,py
8476,injection\8476.html,php,injection,8476.html,html
8477,injection\8477.html,php,injection,8477.html,html
8478,injection\8478.rb,php,injection,8478.rb,rb
8479,injection\8479.rb,php,injection,8479.rb,rb
8480,file path\8480.py,php,file path,8480.py,py
8481,injection\8481.py,php,injection,8481.py,py
8482,injection\8482.py,php,injection,8482.py,py
8483,injection\8483.py,php,injection,8483.py,py
8484,injection\8484.py,php,injection,8484.py,py
8485,injection\8485.html,php,injection,8485.html,html
8486,file path\8486.php,php,file path,8486.php,php
8487,injection\8487.py,php,injection,8487.py,py
8488,injection\8488.py,php,injection,8488.py,py
8489,injection\8489.php,php,injection,8489.php,php
8490,injection\8490.php,php,injection,8490.php,php
8491,file path\8491.py,php,file path,8491.py,py
8492,injection\8492.py,php,injection,8492.py,py
8493,injection\8493.py,php,injection,8493.py,py
8494,injection\8494.py,php,injection,8494.py,py
8495,injection\8495.php,php,injection,8495.php,php
8496,injection\8496.html,php,injection,8496.html,html
8497,injection\8497.php,php,injection,8497.php,php
8498,injection\8498.php,php,injection,8498.php,php
8499,injection\8499.html,php,injection,8499.html,html
8500,injection\8500.php,php,injection,8500.php,php
8501,injection\8501.php,php,injection,8501.php,php
8502,injection\8502.py,php,injection,8502.py,py
8503,injection\8503.py,php,injection,8503.py,py
8504,file path\8504.php,php,file path,8504.php,php
8505,injection\8505.php,php,injection,8505.php,php
8506,injection\8506.html,php,injection,8506.html,html
8507,file path\8507.pl,php,file path,8507.pl,pl
8508,file path\8508.py,php,file path,8508.py,py
8509,injection\8509.py,php,injection,8509.py,py
8510,injection\8510.py,php,injection,8510.py,py
8511,injection\8511.html,php,injection,8511.html,html
8512,injection\8512.php,php,injection,8512.php,php
8513,injection\8513.py,php,injection,8513.py,py
8514,injection\8514.pl,php,injection,8514.pl,pl
8515,injection\8515.pl,php,injection,8515.pl,pl
8516,injection\8516.php,php,injection,8516.php,php
8517,injection\8517.py,php,injection,8517.py,py
8518,injection\8518.pl,php,injection,8518.pl,pl
8519,injection\8519.php,php,injection,8519.php,php
8520,injection\8520.php,php,injection,8520.php,php
8521,file path\8521.pl,php,file path,8521.pl,pl
8522,file path\8522.py,php,file path,8522.py,py
8523,injection\8523.pl,php,injection,8523.pl,pl
8524,injection\8524.pl,php,injection,8524.pl,pl
8525,injection\8525.php,php,injection,8525.php,php
8526,injection\8526.c,php,injection,8526.c,c
8527,injection\8527.pl,php,injection,8527.pl,pl
8528,injection\8528.pl,php,injection,8528.pl,pl
8529,injection\8529.py,php,injection,8529.py,py
8530,injection\8530.pl,php,injection,8530.pl,pl
8531,injection\8531.pl,php,injection,8531.pl,pl
8532,injection\8532.pl,php,injection,8532.pl,pl
8533,injection\8533.pl,php,injection,8533.pl,pl
8534,injection\8534.html,php,injection,8534.html,html
8535,injection\8535.pl,php,injection,8535.pl,pl
8536,injection\8536.pl,php,injection,8536.pl,pl
8537,injection\8537.pl,php,injection,8537.pl,pl
8538,injection\8538.pl,php,injection,8538.pl,pl
8539,file path\8539.html,php,file path,8539.html,html
8540,injection\8540.pl,php,injection,8540.pl,pl
8541,injection\8541.pl,php,injection,8541.pl,pl
8542,injection\8542.pl,php,injection,8542.pl,pl
8543,injection\8543.html,php,injection,8543.html,html
8544,injection\8544.pl,php,injection,8544.pl,pl
8545,injection\8545.pl,php,injection,8545.pl,pl
8546,injection\8546.pl,php,injection,8546.pl,pl
8547,injection\8547.html,php,injection,8547.html,html
8548,injection\8548.pl,php,injection,8548.pl,pl
8549,injection\8549.pl,php,injection,8549.pl,pl
8550,injection\8550.html,php,injection,8550.html,html
8551,injection\8551.pl,php,injection,8551.pl,pl
8552,injection\8552.html,php,injection,8552.html,html
8553,injection\8553.pl,php,injection,8553.pl,pl
8554,injection\8554.pl,php,injection,8554.pl,pl
8555,injection\8555.py,php,injection,8555.py,py
8556,injection\8556.pl,php,injection,8556.pl,pl
8557,injection\8557.html,php,injection,8557.html,html
8558,injection\8558.html,php,injection,8558.html,html
8559,injection\8559.pl,php,injection,8559.pl,pl
8560,injection\8560.pl,php,injection,8560.pl,pl
8561,injection\8561.py,php,injection,8561.py,py
8562,file path\8562.pl,php,file path,8562.pl,pl
8563,injection\8563.pl,php,injection,8563.pl,pl
8564,file path\8564.php,php,file path,8564.php,php
8565,file path\8565.pl,php,file path,8565.pl,pl
8566,file path\8566.pl,php,file path,8566.pl,pl
8567,file path\8567.rb,php,file path,8567.rb,rb
8568,injection\8568.pl,php,injection,8568.pl,pl
8569,file path\8569.pl,php,file path,8569.pl,pl
8570,injection\8570.php,php,injection,8570.php,php
8571,injection\8571.py,php,injection,8571.py,py
8572,injection\8572.py,php,injection,8572.py,py
8573,injection\8573.php,php,injection,8573.php,php
8574,injection\8574.pl,php,injection,8574.pl,pl
8575,injection\8575.py,php,injection,8575.py,py
8576,injection\8576.pl,php,injection,8576.pl,pl
8577,injection\8577.php,php,injection,8577.php,php
8578,file path\8578.php,php,file path,8578.php,php
8579,injection\8579.pl,php,injection,8579.pl,pl
8580,file path\8580.pl,php,file path,8580.pl,pl
8581,injection\8581.py,php,injection,8581.py,py
8582,injection\8582.pl,php,injection,8582.pl,pl
8583,injection\8583.pl,php,injection,8583.pl,pl
8584,injection\8584.rb,python,injection,8584.rb,rb
8585,injection\8585.rb,python,injection,8585.rb,rb
8586,file path\8586.py,python,file path,8586.py,py
8587,file path\8587.py,python,file path,8587.py,py
8588,file path\8588.py,python,file path,8588.py,py
8589,overflow\8589.c,qnx,overflow,8589.c,c
8590,injection\8590.py,ruby,injection,8590.py,py
8591,overflow\8591.c,sco,overflow,8591.c,c
8592,overflow\8592.c,sco,overflow,8592.c,c
8593,overflow\8593.c,sco,overflow,8593.c,c
8594,overflow\8594.c,sco,overflow,8594.c,c
8595,overflow\8595.c,sco,overflow,8595.c,c
8596,overflow\8596.c,sco,overflow,8596.c,c
8597,overflow\8597.c,sco,overflow,8597.c,c
8598,overflow\8598.c,sco,overflow,8598.c,c
8599,overflow\8599.c,sco,overflow,8599.c,c
8600,overflow\8600.c,sco,overflow,8600.c,c
8601,overflow\8601.c,sco,overflow,8601.c,c
8602,overflow\8602.c,sco,overflow,8602.c,c
8603,denial of service\8603.c,solaris,denial of service,8603.c,c
8604,denial of service\8604.c,solaris,denial of service,8604.c,c
8605,denial of service\8605.c,solaris,denial of service,8605.c,c
8606,denial of service\8606.c,solaris,denial of service,8606.c,c
8607,denial of service\8607.c,solaris,denial of service,8607.c,c
8608,denial of service\8608.c,solaris,denial of service,8608.c,c
8609,denial of service\8609.c,solaris,denial of service,8609.c,c
8610,denial of service\8610.c,solaris,denial of service,8610.c,c
8611,denial of service\8611.c,solaris,denial of service,8611.c,c
8612,overflow\8612.c,solaris,overflow,8612.c,c
8613,overflow\8613.c,solaris,overflow,8613.c,c
8614,overflow\8614.c,solaris,overflow,8614.c,c
8615,overflow\8615.c,solaris,overflow,8615.c,c
8616,overflow\8616.c,solaris,overflow,8616.c,c
8617,overflow\8617.c,solaris,overflow,8617.c,c
8618,overflow\8618.c,solaris,overflow,8618.c,c
8619,overflow\8619.c,solaris,overflow,8619.c,c
8620,overflow\8620.c,solaris,overflow,8620.c,c
8621,overflow\8621.c,solaris,overflow,8621.c,c
8622,overflow\8622.c,solaris,overflow,8622.c,c
8623,overflow\8623.c,solaris,overflow,8623.c,c
8624,overflow\8624.c,solaris,overflow,8624.c,c
8625,overflow\8625.c,solaris,overflow,8625.c,c
8626,overflow\8626.c,solaris,overflow,8626.c,c
8627,overflow\8627.c,solaris,overflow,8627.c,c
8628,overflow\8628.c,solaris,overflow,8628.c,c
8629,overflow\8629.c,solaris,overflow,8629.c,c
8630,overflow\8630.c,solaris,overflow,8630.c,c
8631,overflow\8631.c,solaris,overflow,8631.c,c
8632,overflow\8632.c,solaris,overflow,8632.c,c
8633,overflow\8633.c,solaris,overflow,8633.c,c
8634,overflow\8634.c,solaris,overflow,8634.c,c
8635,overflow\8635.c,solaris,overflow,8635.c,c
8636,overflow\8636.c,solaris,overflow,8636.c,c
8637,overflow\8637.c,solaris,overflow,8637.c,c
8638,overflow\8638.c,solaris,overflow,8638.c,c
8639,overflow\8639.c,solaris,overflow,8639.c,c
8640,overflow\8640.c,solaris,overflow,8640.c,c
8641,overflow\8641.c,solaris,overflow,8641.c,c
8642,overflow\8642.c,solaris,overflow,8642.c,c
8643,overflow\8643.c,solaris,overflow,8643.c,c
8644,overflow\8644.c,solaris,overflow,8644.c,c
8645,overflow\8645.c,solaris,overflow,8645.c,c
8646,overflow\8646.c,solaris,overflow,8646.c,c
8647,overflow\8647.c,solaris,overflow,8647.c,c
8648,overflow\8648.c,solaris,overflow,8648.c,c
8649,overflow\8649.c,solaris,overflow,8649.c,c
8650,overflow\8650.c,solaris,overflow,8650.c,c
8651,overflow\8651.c,solaris,overflow,8651.c,c
8652,overflow\8652.c,solaris,overflow,8652.c,c
8653,overflow\8653.c,solaris,overflow,8653.c,c
8654,overflow\8654.pl,solaris,overflow,8654.pl,pl
8655,overflow\8655.c,solaris,overflow,8655.c,c
8656,overflow\8656.c,solaris,overflow,8656.c,c
8657,overflow\8657.c,solaris,overflow,8657.c,c
8658,overflow\8658.c,solaris,overflow,8658.c,c
8659,overflow\8659.c,solaris,overflow,8659.c,c
8660,overflow\8660.c,solaris,overflow,8660.c,c
8661,overflow\8661.c,solaris,overflow,8661.c,c
8662,overflow\8662.c,solaris,overflow,8662.c,c
8663,overflow\8663.c,solaris,overflow,8663.c,c
8664,overflow\8664.c,solaris,overflow,8664.c,c
8665,overflow\8665.c,solaris,overflow,8665.c,c
8666,overflow\8666.rb,solaris,overflow,8666.rb,rb
8667,overflow\8667.c,solaris,overflow,8667.c,c
8668,overflow\8668.c,solaris,overflow,8668.c,c
8669,overflow\8669.c,solaris,overflow,8669.c,c
8670,overflow\8670.c,solaris,overflow,8670.c,c
8671,overflow\8671.c,solaris,overflow,8671.c,c
8672,overflow\8672.c,solaris,overflow,8672.c,c
8673,overflow\8673.c,solaris,overflow,8673.c,c
8674,overflow\8674.pl,solaris,overflow,8674.pl,pl
8675,overflow\8675.c,solaris,overflow,8675.c,c
8676,overflow\8676.rb,solaris,overflow,8676.rb,rb
8677,overflow\8677.c,solaris,overflow,8677.c,c
8678,overflow\8678.rb,solaris,overflow,8678.rb,rb
8679,overflow\8679.rb,solaris,overflow,8679.rb,rb
8680,overflow\8680.rb,solaris,overflow,8680.rb,rb
8681,overflow\8681.c,solaris,overflow,8681.c,c
8682,overflow\8682.rb,solaris,overflow,8682.rb,rb
8683,overflow\8683.rb,solaris,overflow,8683.rb,rb
8684,overflow\8684.rb,solaris_sparc,overflow,8684.rb,rb
8685,overflow\8685.rb,solaris_sparc,overflow,8685.rb,rb
8686,overflow\8686.c,tru64,overflow,8686.c,c
8687,overflow\8687.pl,tru64,overflow,8687.pl,pl
8688,overflow\8688.pl,tru64,overflow,8688.pl,pl
8689,overflow\8689.c,ultrix,overflow,8689.c,c
8690,denial of service\8690.pl,unix,denial of service,8690.pl,pl
8691,denial of service\8691.pl,unix,denial of service,8691.pl,pl
8692,overflow\8692.pl,unix,overflow,8692.pl,pl
8693,denial of service\8693.py,unix,denial of service,8693.py,py
8694,denial of service\8694.c,unix,denial of service,8694.c,c
8695,denial of service\8695.html,unix,denial of service,8695.html,html
8696,denial of service\8696.html,unix,denial of service,8696.html,html
8697,denial of service\8697.c,unix,denial of service,8697.c,c
8698,denial of service\8698.pl,unix,denial of service,8698.pl,pl
8699,overflow\8699.py,unix,overflow,8699.py,py
8700,denial of service\8700.c,unix,denial of service,8700.c,c
8701,denial of service\8701.c,unix,denial of service,8701.c,c
8702,overflow\8702.c,unix,overflow,8702.c,c
8703,overflow\8703.c,unix,overflow,8703.c,c
8704,overflow\8704.c,unix,overflow,8704.c,c
8705,overflow\8705.c,unix,overflow,8705.c,c
8706,overflow\8706.c,unix,overflow,8706.c,c
8707,overflow\8707.c,unix,overflow,8707.c,c
8708,overflow\8708.c,unix,overflow,8708.c,c
8709,overflow\8709.pl,unix,overflow,8709.pl,pl
8710,overflow\8710.c,unix,overflow,8710.c,c
8711,overflow\8711.c,unix,overflow,8711.c,c
8712,overflow\8712.c,unix,overflow,8712.c,c
8713,overflow\8713.c,unix,overflow,8713.c,c
8714,overflow\8714.c,unix,overflow,8714.c,c
8715,overflow\8715.c,unix,overflow,8715.c,c
8716,overflow\8716.c,unix,overflow,8716.c,c
8717,overflow\8717.c,unix,overflow,8717.c,c
8718,overflow\8718.c,unix,overflow,8718.c,c
8719,overflow\8719.c,unix,overflow,8719.c,c
8720,overflow\8720.c,unix,overflow,8720.c,c
8721,file path\8721.c,unix,file path,8721.c,c
8722,overflow\8722.c,unix,overflow,8722.c,c
8723,overflow\8723.pl,unix,overflow,8723.pl,pl
8724,overflow\8724.c,unix,overflow,8724.c,c
8725,overflow\8725.pl,unix,overflow,8725.pl,pl
8726,overflow\8726.pl,unix,overflow,8726.pl,pl
8727,overflow\8727.pl,unix,overflow,8727.pl,pl
8728,overflow\8728.pl,unix,overflow,8728.pl,pl
8729,overflow\8729.c,unix,overflow,8729.c,c
8730,overflow\8730.pl,unix,overflow,8730.pl,pl
8731,overflow\8731.c,unix,overflow,8731.c,c
8732,overflow\8732.c,unix,overflow,8732.c,c
8733,overflow\8733.c,unix,overflow,8733.c,c
8734,overflow\8734.c,unix,overflow,8734.c,c
8735,overflow\8735.c,unix,overflow,8735.c,c
8736,overflow\8736.pl,unix,overflow,8736.pl,pl
8737,overflow\8737.c,unix,overflow,8737.c,c
8738,overflow\8738.c,unix,overflow,8738.c,c
8739,overflow\8739.c,unix,overflow,8739.c,c
8740,overflow\8740.c,unix,overflow,8740.c,c
8741,overflow\8741.c,unix,overflow,8741.c,c
8742,overflow\8742.pl,unix,overflow,8742.pl,pl
8743,overflow\8743.c,unix,overflow,8743.c,c
8744,overflow\8744.pl,unix,overflow,8744.pl,pl
8745,overflow\8745.c,unix,overflow,8745.c,c
8746,overflow\8746.c,unix,overflow,8746.c,c
8747,overflow\8747.pl,unix,overflow,8747.pl,pl
8748,overflow\8748.c,unix,overflow,8748.c,c
8749,overflow\8749.c,unix,overflow,8749.c,c
8750,overflow\8750.c,unix,overflow,8750.c,c
8751,overflow\8751.c,unix,overflow,8751.c,c
8752,overflow\8752.c,unix,overflow,8752.c,c
8753,overflow\8753.c,unix,overflow,8753.c,c
8754,file path\8754.c,unix,file path,8754.c,c
8755,overflow\8755.c,unix,overflow,8755.c,c
8756,overflow\8756.c,unix,overflow,8756.c,c
8757,overflow\8757.c,unix,overflow,8757.c,c
8758,overflow\8758.c,unix,overflow,8758.c,c
8759,overflow\8759.c,unix,overflow,8759.c,c
8760,injection\8760.rb,unix,injection,8760.rb,rb
8761,injection\8761.rb,unix,injection,8761.rb,rb
8762,overflow\8762.c,unix,overflow,8762.c,c
8763,overflow\8763.pl,unix,overflow,8763.pl,pl
8764,file path\8764.rb,unix,file path,8764.rb,rb
8765,overflow\8765.pl,unix,overflow,8765.pl,pl
8766,overflow\8766.c,unix,overflow,8766.c,c
8767,overflow\8767.c,unix,overflow,8767.c,c
8768,injection\8768.rb,unix,injection,8768.rb,rb
8769,overflow\8769.c,unix,overflow,8769.c,c
8770,overflow\8770.c,unix,overflow,8770.c,c
8771,overflow\8771.c,unix,overflow,8771.c,c
8772,injection\8772.rb,unix,injection,8772.rb,rb
8773,overflow\8773.c,unix,overflow,8773.c,c
8774,overflow\8774.c,unix,overflow,8774.c,c
8775,overflow\8775.c,unix,overflow,8775.c,c
8776,overflow\8776.py,unix,overflow,8776.py,py
8777,overflow\8777.c,unix,overflow,8777.c,c
8778,overflow\8778.c,unix,overflow,8778.c,c
8779,overflow\8779.pl,unix,overflow,8779.pl,pl
8780,injection\8780.rb,unix,injection,8780.rb,rb
8781,overflow\8781.c,unix,overflow,8781.c,c
8782,overflow\8782.c,unix,overflow,8782.c,c
8783,overflow\8783.c,unix,overflow,8783.c,c
8784,overflow\8784.c,unix,overflow,8784.c,c
8785,overflow\8785.c,unix,overflow,8785.c,c
8786,overflow\8786.c,unix,overflow,8786.c,c
8787,overflow\8787.c,unix,overflow,8787.c,c
8788,injection\8788.rb,unix,injection,8788.rb,rb
8789,overflow\8789.c,unix,overflow,8789.c,c
8790,overflow\8790.c,unix,overflow,8790.c,c
8791,overflow\8791.c,unix,overflow,8791.c,c
8792,overflow\8792.c,unix,overflow,8792.c,c
8793,overflow\8793.c,unix,overflow,8793.c,c
8794,overflow\8794.c,unix,overflow,8794.c,c
8795,overflow\8795.pl,unix,overflow,8795.pl,pl
8796,overflow\8796.c,unix,overflow,8796.c,c
8797,overflow\8797.c,unix,overflow,8797.c,c
8798,injection\8798.rb,unix,injection,8798.rb,rb
8799,injection\8799.rb,unix,injection,8799.rb,rb
8800,overflow\8800.c,unixware,overflow,8800.c,c
8801,denial of service\8801.py,watchos,denial of service,8801.py,py
8802,denial of service\8802.pl,watchos,denial of service,8802.pl,pl
8803,denial of service\8803.py,windows,denial of service,8803.py,py
8804,denial of service\8804.py,windows,denial of service,8804.py,py
8805,denial of service\8805.c,windows,denial of service,8805.c,c
8806,overflow\8806.pl,windows,overflow,8806.pl,pl
8807,denial of service\8807.c,windows,denial of service,8807.c,c
8808,overflow\8808.pl,windows,overflow,8808.pl,pl
8809,overflow\8809.c,windows,overflow,8809.c,c
8810,overflow\8810.py,windows,overflow,8810.py,py
8811,overflow\8811.pl,windows,overflow,8811.pl,pl
8812,denial of service\8812.pl,windows,denial of service,8812.pl,pl
8813,denial of service\8813.pl,windows,denial of service,8813.pl,pl
8814,denial of service\8814.py,windows,denial of service,8814.py,py
8815,denial of service\8815.py,windows,denial of service,8815.py,py
8816,denial of service\8816.py,windows,denial of service,8816.py,py
8817,denial of service\8817.py,windows,denial of service,8817.py,py
8818,denial of service\8818.py,windows,denial of service,8818.py,py
8819,denial of service\8819.py,windows,denial of service,8819.py,py
8820,denial of service\8820.py,windows,denial of service,8820.py,py
8821,denial of service\8821.py,windows,denial of service,8821.py,py
8822,denial of service\8822.py,windows,denial of service,8822.py,py
8823,denial of service\8823.py,windows,denial of service,8823.py,py
8824,denial of service\8824.py,windows,denial of service,8824.py,py
8825,denial of service\8825.py,windows,denial of service,8825.py,py
8826,denial of service\8826.py,windows,denial of service,8826.py,py
8827,denial of service\8827.py,windows,denial of service,8827.py,py
8828,denial of service\8828.py,windows,denial of service,8828.py,py
8829,denial of service\8829.py,windows,denial of service,8829.py,py
8830,denial of service\8830.c,windows,denial of service,8830.c,c
8831,overflow\8831.py,windows,overflow,8831.py,py
8832,overflow\8832.pl,windows,overflow,8832.pl,pl
8833,denial of service\8833.c,windows,denial of service,8833.c,c
8834,denial of service\8834.pl,windows,denial of service,8834.pl,pl
8835,overflow\8835.pl,windows,overflow,8835.pl,pl
8836,denial of service\8836.py,windows,denial of service,8836.py,py
8837,denial of service\8837.py,windows,denial of service,8837.py,py
8838,overflow\8838.html,windows,overflow,8838.html,html
8839,denial of service\8839.c,windows,denial of service,8839.c,c
8840,overflow\8840.html,windows,overflow,8840.html,html
8841,denial of service\8841.pl,windows,denial of service,8841.pl,pl
8842,denial of service\8842.py,windows,denial of service,8842.py,py
8843,denial of service\8843.pl,windows,denial of service,8843.pl,pl
8844,denial of service\8844.c,windows,denial of service,8844.c,c
8845,denial of service\8845.py,windows,denial of service,8845.py,py
8846,denial of service\8846.html,windows,denial of service,8846.html,html
8847,overflow\8847.pl,windows,overflow,8847.pl,pl
8848,overflow\8848.pl,windows,overflow,8848.pl,pl
8849,overflow\8849.pl,windows,overflow,8849.pl,pl
8850,overflow\8850.pl,windows,overflow,8850.pl,pl
8851,overflow\8851.c,windows,overflow,8851.c,c
8852,overflow\8852.c,windows,overflow,8852.c,c
8853,overflow\8853.html,windows,overflow,8853.html,html
8854,denial of service\8854.py,windows,denial of service,8854.py,py
8855,denial of service\8855.py,windows,denial of service,8855.py,py
8856,denial of service\8856.py,windows,denial of service,8856.py,py
8857,overflow\8857.c,windows,overflow,8857.c,c
8858,denial of service\8858.py,windows,denial of service,8858.py,py
8859,overflow\8859.py,windows,overflow,8859.py,py
8860,overflow\8860.pl,windows,overflow,8860.pl,pl
8861,overflow\8861.py,windows,overflow,8861.py,py
8862,denial of service\8862.c,windows,denial of service,8862.c,c
8863,overflow\8863.py,windows,overflow,8863.py,py
8864,overflow\8864.py,windows,overflow,8864.py,py
8865,denial of service\8865.py,windows,denial of service,8865.py,py
8866,denial of service\8866.c,windows,denial of service,8866.c,c
8867,overflow\8867.pl,windows,overflow,8867.pl,pl
8868,denial of service\8868.c,windows,denial of service,8868.c,c
8869,overflow\8869.pl,windows,overflow,8869.pl,pl
8870,denial of service\8870.pl,windows,denial of service,8870.pl,pl
8871,overflow\8871.c,windows,overflow,8871.c,c
8872,overflow\8872.pl,windows,overflow,8872.pl,pl
8873,overflow\8873.pl,windows,overflow,8873.pl,pl
8874,overflow\8874.c,windows,overflow,8874.c,c
8875,overflow\8875.pl,windows,overflow,8875.pl,pl
8876,overflow\8876.pl,windows,overflow,8876.pl,pl
8877,denial of service\8877.py,windows,denial of service,8877.py,py
8878,overflow\8878.php,windows,overflow,8878.php,php
8879,overflow\8879.pl,windows,overflow,8879.pl,pl
8880,denial of service\8880.c,windows,denial of service,8880.c,c
8881,denial of service\8881.pl,windows,denial of service,8881.pl,pl
8882,denial of service\8882.py,windows,denial of service,8882.py,py
8883,denial of service\8883.py,windows,denial of service,8883.py,py
8884,denial of service\8884.py,windows,denial of service,8884.py,py
8885,overflow\8885.py,windows,overflow,8885.py,py
8886,overflow\8886.html,windows,overflow,8886.html,html
8887,denial of service\8887.pl,windows,denial of service,8887.pl,pl
8888,denial of service\8888.pl,windows,denial of service,8888.pl,pl
8889,denial of service\8889.php,windows,denial of service,8889.php,php
8890,denial of service\8890.py,windows,denial of service,8890.py,py
8891,overflow\8891.pl,windows,overflow,8891.pl,pl
8892,denial of service\8892.html,windows,denial of service,8892.html,html
8893,overflow\8893.py,windows,overflow,8893.py,py
8894,overflow\8894.rb,windows,overflow,8894.rb,rb
8895,denial of service\8895.html,windows,denial of service,8895.html,html
8896,overflow\8896.html,windows,overflow,8896.html,html
8897,denial of service\8897.html,windows,denial of service,8897.html,html
8898,denial of service\8898.html,windows,denial of service,8898.html,html
8899,denial of service\8899.pl,windows,denial of service,8899.pl,pl
8900,denial of service\8900.php,windows,denial of service,8900.php,php
8901,denial of service\8901.pl,windows,denial of service,8901.pl,pl
8902,denial of service\8902.pl,windows,denial of service,8902.pl,pl
8903,overflow\8903.pl,windows,overflow,8903.pl,pl
8904,denial of service\8904.pl,windows,denial of service,8904.pl,pl
8905,denial of service\8905.c,windows,denial of service,8905.c,c
8906,overflow\8906.pl,windows,overflow,8906.pl,pl
8907,denial of service\8907.c,windows,denial of service,8907.c,c
8908,denial of service\8908.py,windows,denial of service,8908.py,py
8909,denial of service\8909.c,windows,denial of service,8909.c,c
8910,denial of service\8910.py,windows,denial of service,8910.py,py
8911,overflow\8911.pl,windows,overflow,8911.pl,pl
8912,denial of service\8912.py,windows,denial of service,8912.py,py
8913,denial of service\8913.py,windows,denial of service,8913.py,py
8914,denial of service\8914.py,windows,denial of service,8914.py,py
8915,overflow\8915.pl,windows,overflow,8915.pl,pl
8916,overflow\8916.pl,windows,overflow,8916.pl,pl
8917,overflow\8917.py,windows,overflow,8917.py,py
8918,denial of service\8918.py,windows,denial of service,8918.py,py
8919,overflow\8919.c,windows,overflow,8919.c,c
8920,overflow\8920.c,windows,overflow,8920.c,c
8921,overflow\8921.rb,windows,overflow,8921.rb,rb
8922,overflow\8922.pl,windows,overflow,8922.pl,pl
8923,denial of service\8923.pl,windows,denial of service,8923.pl,pl
8924,denial of service\8924.py,windows,denial of service,8924.py,py
8925,overflow\8925.html,windows,overflow,8925.html,html
8926,denial of service\8926.py,windows,denial of service,8926.py,py
8927,denial of service\8927.py,windows,denial of service,8927.py,py
8928,overflow\8928.pl,windows,overflow,8928.pl,pl
8929,denial of service\8929.c,windows,denial of service,8929.c,c
8930,denial of service\8930.c,windows,denial of service,8930.c,c
8931,denial of service\8931.py,windows,denial of service,8931.py,py
8932,denial of service\8932.html,windows,denial of service,8932.html,html
8933,denial of service\8933.c,windows,denial of service,8933.c,c
8934,denial of service\8934.py,windows,denial of service,8934.py,py
8935,denial of service\8935.c,windows,denial of service,8935.c,c
8936,denial of service\8936.py,windows,denial of service,8936.py,py
8937,overflow\8937.html,windows,overflow,8937.html,html
8938,denial of service\8938.c,windows,denial of service,8938.c,c
8939,denial of service\8939.py,windows,denial of service,8939.py,py
8940,denial of service\8940.pl,windows,denial of service,8940.pl,pl
8941,denial of service\8941.py,windows,denial of service,8941.py,py
8942,denial of service\8942.py,windows,denial of service,8942.py,py
8943,denial of service\8943.py,windows,denial of service,8943.py,py
8944,denial of service\8944.py,windows,denial of service,8944.py,py
8945,denial of service\8945.py,windows,denial of service,8945.py,py
8946,denial of service\8946.pl,windows,denial of service,8946.pl,pl
8947,denial of service\8947.c,windows,denial of service,8947.c,c
8948,overflow\8948.html,windows,overflow,8948.html,html
8949,denial of service\8949.html,windows,denial of service,8949.html,html
8950,denial of service\8950.pl,windows,denial of service,8950.pl,pl
8951,denial of service\8951.c,windows,denial of service,8951.c,c
8952,overflow\8952.py,windows,overflow,8952.py,py
8953,overflow\8953.pl,windows,overflow,8953.pl,pl
8954,overflow\8954.py,windows,overflow,8954.py,py
8955,overflow\8955.py,windows,overflow,8955.py,py
8956,denial of service\8956.py,windows,denial of service,8956.py,py
8957,overflow\8957.c,windows,overflow,8957.c,c
8958,denial of service\8958.py,windows,denial of service,8958.py,py
8959,overflow\8959.pl,windows,overflow,8959.pl,pl
8960,denial of service\8960.py,windows,denial of service,8960.py,py
8961,denial of service\8961.c,windows,denial of service,8961.c,c
8962,denial of service\8962.py,windows,denial of service,8962.py,py
8963,denial of service\8963.py,windows,denial of service,8963.py,py
8964,denial of service\8964.py,windows,denial of service,8964.py,py
8965,denial of service\8965.pl,windows,denial of service,8965.pl,pl
8966,denial of service\8966.py,windows,denial of service,8966.py,py
8967,denial of service\8967.py,windows,denial of service,8967.py,py
8968,denial of service\8968.pl,windows,denial of service,8968.pl,pl
8969,denial of service\8969.pl,windows,denial of service,8969.pl,pl
8970,denial of service\8970.pl,windows,denial of service,8970.pl,pl
8971,overflow\8971.pl,windows,overflow,8971.pl,pl
8972,denial of service\8972.c,windows,denial of service,8972.c,c
8973,overflow\8973.c,windows,overflow,8973.c,c
8974,denial of service\8974.c,windows,denial of service,8974.c,c
8975,denial of service\8975.py,windows,denial of service,8975.py,py
8976,denial of service\8976.py,windows,denial of service,8976.py,py
8977,overflow\8977.pl,windows,overflow,8977.pl,pl
8978,denial of service\8978.py,windows,denial of service,8978.py,py
8979,overflow\8979.py,windows,overflow,8979.py,py
8980,overflow\8980.pl,windows,overflow,8980.pl,pl
8981,overflow\8981.pl,windows,overflow,8981.pl,pl
8982,denial of service\8982.html,windows,denial of service,8982.html,html
8983,denial of service\8983.html,windows,denial of service,8983.html,html
8984,overflow\8984.py,windows,overflow,8984.py,py
8985,denial of service\8985.py,windows,denial of service,8985.py,py
8986,denial of service\8986.php,windows,denial of service,8986.php,php
8987,overflow\8987.pl,windows,overflow,8987.pl,pl
8988,denial of service\8988.pl,windows,denial of service,8988.pl,pl
8989,overflow\8989.pl,windows,overflow,8989.pl,pl
8990,overflow\8990.py,windows,overflow,8990.py,py
8991,overflow\8991.py,windows,overflow,8991.py,py
8992,overflow\8992.py,windows,overflow,8992.py,py
8993,denial of service\8993.py,windows,denial of service,8993.py,py
8994,denial of service\8994.py,windows,denial of service,8994.py,py
8995,denial of service\8995.py,windows,denial of service,8995.py,py
8996,overflow\8996.pl,windows,overflow,8996.pl,pl
8997,denial of service\8997.c,windows,denial of service,8997.c,c
8998,denial of service\8998.py,windows,denial of service,8998.py,py
8999,overflow\8999.pl,windows,overflow,8999.pl,pl
9000,overflow\9000.py,windows,overflow,9000.py,py
9001,denial of service\9001.rb,windows,denial of service,9001.rb,rb
9002,overflow\9002.pl,windows,overflow,9002.pl,pl
9003,denial of service\9003.py,windows,denial of service,9003.py,py
9004,denial of service\9004.py,windows,denial of service,9004.py,py
9005,overflow\9005.py,windows,overflow,9005.py,py
9006,denial of service\9006.py,windows,denial of service,9006.py,py
9007,overflow\9007.pl,windows,overflow,9007.pl,pl
9008,overflow\9008.py,windows,overflow,9008.py,py
9009,overflow\9009.py,windows,overflow,9009.py,py
9010,denial of service\9010.html,windows,denial of service,9010.html,html
9011,denial of service\9011.py,windows,denial of service,9011.py,py
9012,denial of service\9012.c,windows,denial of service,9012.c,c
9013,overflow\9013.py,windows,overflow,9013.py,py
9014,denial of service\9014.c,windows,denial of service,9014.c,c
9015,denial of service\9015.c,windows,denial of service,9015.c,c
9016,denial of service\9016.c,windows,denial of service,9016.c,c
9017,denial of service\9017.py,windows,denial of service,9017.py,py
9018,denial of service\9018.pl,windows,denial of service,9018.pl,pl
9019,overflow\9019.pl,windows,overflow,9019.pl,pl
9020,denial of service\9020.pl,windows,denial of service,9020.pl,pl
9021,denial of service\9021.py,windows,denial of service,9021.py,py
9022,denial of service\9022.c,windows,denial of service,9022.c,c
9023,denial of service\9023.py,windows,denial of service,9023.py,py
9024,denial of service\9024.py,windows,denial of service,9024.py,py
9025,denial of service\9025.py,windows,denial of service,9025.py,py
9026,overflow\9026.pl,windows,overflow,9026.pl,pl
9027,overflow\9027.py,windows,overflow,9027.py,py
9028,denial of service\9028.c,windows,denial of service,9028.c,c
9029,denial of service\9029.c,windows,denial of service,9029.c,c
9030,denial of service\9030.c,windows,denial of service,9030.c,c
9031,denial of service\9031.pl,windows,denial of service,9031.pl,pl
9032,denial of service\9032.c,windows,denial of service,9032.c,c
9033,denial of service\9033.html,windows,denial of service,9033.html,html
9034,denial of service\9034.c,windows,denial of service,9034.c,c
9035,denial of service\9035.c,windows,denial of service,9035.c,c
9036,denial of service\9036.py,windows,denial of service,9036.py,py
9037,denial of service\9037.py,windows,denial of service,9037.py,py
9038,denial of service\9038.py,windows,denial of service,9038.py,py
9039,denial of service\9039.py,windows,denial of service,9039.py,py
9040,overflow\9040.c,windows,overflow,9040.c,c
9041,denial of service\9041.py,windows,denial of service,9041.py,py
9042,overflow\9042.html,windows,overflow,9042.html,html
9043,denial of service\9043.py,windows,denial of service,9043.py,py
9044,denial of service\9044.c,windows,denial of service,9044.c,c
9045,denial of service\9045.py,windows,denial of service,9045.py,py
9046,overflow\9046.py,windows,overflow,9046.py,py
9047,denial of service\9047.c,windows,denial of service,9047.c,c
9048,denial of service\9048.c,windows,denial of service,9048.c,c
9049,denial of service\9049.pl,windows,denial of service,9049.pl,pl
9050,denial of service\9050.py,windows,denial of service,9050.py,py
9051,denial of service\9051.c,windows,denial of service,9051.c,c
9052,overflow\9052.pl,windows,overflow,9052.pl,pl
9053,denial of service\9053.py,windows,denial of service,9053.py,py
9054,denial of service\9054.py,windows,denial of service,9054.py,py
9055,denial of service\9055.py,windows,denial of service,9055.py,py
9056,denial of service\9056.pl,windows,denial of service,9056.pl,pl
9057,overflow\9057.pl,windows,overflow,9057.pl,pl
9058,overflow\9058.py,windows,overflow,9058.py,py
9059,denial of service\9059.pl,windows,denial of service,9059.pl,pl
9060,denial of service\9060.pl,windows,denial of service,9060.pl,pl
9061,denial of service\9061.c,windows,denial of service,9061.c,c
9062,denial of service\9062.pl,windows,denial of service,9062.pl,pl
9063,denial of service\9063.py,windows,denial of service,9063.py,py
9064,denial of service\9064.py,windows,denial of service,9064.py,py
9065,overflow\9065.py,windows,overflow,9065.py,py
9066,overflow\9066.py,windows,overflow,9066.py,py
9067,overflow\9067.py,windows,overflow,9067.py,py
9068,denial of service\9068.py,windows,denial of service,9068.py,py
9069,overflow\9069.py,windows,overflow,9069.py,py
9070,overflow\9070.py,windows,overflow,9070.py,py
9071,denial of service\9071.py,windows,denial of service,9071.py,py
9072,denial of service\9072.py,windows,denial of service,9072.py,py
9073,denial of service\9073.py,windows,denial of service,9073.py,py
9074,file path\9074.py,windows,file path,9074.py,py
9075,denial of service\9075.py,windows,denial of service,9075.py,py
9076,overflow\9076.c,windows,overflow,9076.c,c
9077,overflow\9077.c,windows,overflow,9077.c,c
9078,denial of service\9078.pl,windows,denial of service,9078.pl,pl
9079,overflow\9079.c,windows,overflow,9079.c,c
9080,overflow\9080.c,windows,overflow,9080.c,c
9081,denial of service\9081.c,windows,denial of service,9081.c,c
9082,denial of service\9082.pl,windows,denial of service,9082.pl,pl
9083,denial of service\9083.c,windows,denial of service,9083.c,c
9084,denial of service\9084.py,windows,denial of service,9084.py,py
9085,overflow\9085.c,windows,overflow,9085.c,c
9086,overflow\9086.py,windows,overflow,9086.py,py
9087,denial of service\9087.html,windows,denial of service,9087.html,html
9088,denial of service\9088.c,windows,denial of service,9088.c,c
9089,overflow\9089.c,windows,overflow,9089.c,c
9090,overflow\9090.py,windows,overflow,9090.py,py
9091,overflow\9091.py,windows,overflow,9091.py,py
9092,denial of service\9092.html,windows,denial of service,9092.html,html
9093,denial of service\9093.py,windows,denial of service,9093.py,py
9094,denial of service\9094.py,windows,denial of service,9094.py,py
9095,denial of service\9095.py,windows,denial of service,9095.py,py
9096,denial of service\9096.py,windows,denial of service,9096.py,py
9097,denial of service\9097.py,windows,denial of service,9097.py,py
9098,denial of service\9098.pl,windows,denial of service,9098.pl,pl
9099,denial of service\9099.py,windows,denial of service,9099.py,py
9100,overflow\9100.py,windows,overflow,9100.py,py
9101,overflow\9101.py,windows,overflow,9101.py,py
9102,overflow\9102.pl,windows,overflow,9102.pl,pl
9103,overflow\9103.pl,windows,overflow,9103.pl,pl
9104,overflow\9104.pl,windows,overflow,9104.pl,pl
9105,denial of service\9105.py,windows,denial of service,9105.py,py
9106,overflow\9106.c,windows,overflow,9106.c,c
9107,denial of service\9107.py,windows,denial of service,9107.py,py
9108,denial of service\9108.c,windows,denial of service,9108.c,c
9109,denial of service\9109.py,windows,denial of service,9109.py,py
9110,denial of service\9110.c,windows,denial of service,9110.c,c
9111,denial of service\9111.c,windows,denial of service,9111.c,c
9112,overflow\9112.py,windows,overflow,9112.py,py
9113,denial of service\9113.c,windows,denial of service,9113.c,c
9114,denial of service\9114.c,windows,denial of service,9114.c,c
9115,denial of service\9115.c,windows,denial of service,9115.c,c
9116,overflow\9116.c,windows,overflow,9116.c,c
9117,denial of service\9117.c,windows,denial of service,9117.c,c
9118,overflow\9118.pl,windows,overflow,9118.pl,pl
9119,overflow\9119.pl,windows,overflow,9119.pl,pl
9120,overflow\9120.py,windows,overflow,9120.py,py
9121,denial of service\9121.py,windows,denial of service,9121.py,py
9122,denial of service\9122.py,windows,denial of service,9122.py,py
9123,denial of service\9123.py,windows,denial of service,9123.py,py
9124,denial of service\9124.c,windows,denial of service,9124.c,c
9125,denial of service\9125.py,windows,denial of service,9125.py,py
9126,overflow\9126.py,windows,overflow,9126.py,py
9127,denial of service\9127.py,windows,denial of service,9127.py,py
9128,overflow\9128.py,windows,overflow,9128.py,py
9129,denial of service\9129.py,windows,denial of service,9129.py,py
9130,denial of service\9130.html,windows,denial of service,9130.html,html
9131,denial of service\9131.html,windows,denial of service,9131.html,html
9132,overflow\9132.pl,windows,overflow,9132.pl,pl
9133,denial of service\9133.pl,windows,denial of service,9133.pl,pl
9134,overflow\9134.pl,windows,overflow,9134.pl,pl
9135,overflow\9135.html,windows,overflow,9135.html,html
9136,denial of service\9136.html,windows,denial of service,9136.html,html
9137,denial of service\9137.py,windows,denial of service,9137.py,py
9138,denial of service\9138.py,windows,denial of service,9138.py,py
9139,denial of service\9139.py,windows,denial of service,9139.py,py
9140,denial of service\9140.py,windows,denial of service,9140.py,py
9141,denial of service\9141.py,windows,denial of service,9141.py,py
9142,overflow\9142.html,windows,overflow,9142.html,html
9143,denial of service\9143.php,windows,denial of service,9143.php,php
9144,denial of service\9144.pl,windows,denial of service,9144.pl,pl
9145,denial of service\9145.py,windows,denial of service,9145.py,py
9146,overflow\9146.html,windows,overflow,9146.html,html
9147,overflow\9147.py,windows,overflow,9147.py,py
9148,denial of service\9148.py,windows,denial of service,9148.py,py
9149,denial of service\9149.php,windows,denial of service,9149.php,php
9150,overflow\9150.c,windows,overflow,9150.c,c
9151,denial of service\9151.py,windows,denial of service,9151.py,py
9152,denial of service\9152.py,windows,denial of service,9152.py,py
9153,denial of service\9153.php,windows,denial of service,9153.php,php
9154,denial of service\9154.pl,windows,denial of service,9154.pl,pl
9155,denial of service\9155.py,windows,denial of service,9155.py,py
9156,denial of service\9156.py,windows,denial of service,9156.py,py
9157,denial of service\9157.py,windows,denial of service,9157.py,py
9158,denial of service\9158.py,windows,denial of service,9158.py,py
9159,denial of service\9159.py,windows,denial of service,9159.py,py
9160,denial of service\9160.py,windows,denial of service,9160.py,py
9161,denial of service\9161.py,windows,denial of service,9161.py,py
9162,denial of service\9162.pl,windows,denial of service,9162.pl,pl
9163,overflow\9163.py,windows,overflow,9163.py,py
9164,overflow\9164.py,windows,overflow,9164.py,py
9165,denial of service\9165.py,windows,denial of service,9165.py,py
9166,denial of service\9166.c,windows,denial of service,9166.c,c
9167,overflow\9167.py,windows,overflow,9167.py,py
9168,overflow\9168.py,windows,overflow,9168.py,py
9169,overflow\9169.html,windows,overflow,9169.html,html
9170,overflow\9170.py,windows,overflow,9170.py,py
9171,overflow\9171.py,windows,overflow,9171.py,py
9172,denial of service\9172.py,windows,denial of service,9172.py,py
9173,denial of service\9173.py,windows,denial of service,9173.py,py
9174,denial of service\9174.py,windows,denial of service,9174.py,py
9175,denial of service\9175.html,windows,denial of service,9175.html,html
9176,overflow\9176.html,windows,overflow,9176.html,html
9177,overflow\9177.html,windows,overflow,9177.html,html
9178,denial of service\9178.c,windows,denial of service,9178.c,c
9179,overflow\9179.py,windows,overflow,9179.py,py
9180,denial of service\9180.php,windows,denial of service,9180.php,php
9181,denial of service\9181.py,windows,denial of service,9181.py,py
9182,overflow\9182.pl,windows,overflow,9182.pl,pl
9183,overflow\9183.c,windows,overflow,9183.c,c
9184,overflow\9184.py,windows,overflow,9184.py,py
9185,overflow\9185.pl,windows,overflow,9185.pl,pl
9186,overflow\9186.py,windows,overflow,9186.py,py
9187,overflow\9187.pl,windows,overflow,9187.pl,pl
9188,overflow\9188.c,windows,overflow,9188.c,c
9189,overflow\9189.py,windows,overflow,9189.py,py
9190,overflow\9190.py,windows,overflow,9190.py,py
9191,denial of service\9191.pl,windows,denial of service,9191.pl,pl
9192,denial of service\9192.pl,windows,denial of service,9192.pl,pl
9193,denial of service\9193.pl,windows,denial of service,9193.pl,pl
9194,denial of service\9194.py,windows,denial of service,9194.py,py
9195,overflow\9195.html,windows,overflow,9195.html,html
9196,overflow\9196.html,windows,overflow,9196.html,html
9197,overflow\9197.pl,windows,overflow,9197.pl,pl
9198,overflow\9198.pl,windows,overflow,9198.pl,pl
9199,denial of service\9199.pl,windows,denial of service,9199.pl,pl
9200,overflow\9200.py,windows,overflow,9200.py,py
9201,denial of service\9201.pl,windows,denial of service,9201.pl,pl
9202,denial of service\9202.pl,windows,denial of service,9202.pl,pl
9203,denial of service\9203.c,windows,denial of service,9203.c,c
9204,denial of service\9204.pl,windows,denial of service,9204.pl,pl
9205,denial of service\9205.pl,windows,denial of service,9205.pl,pl
9206,denial of service\9206.pl,windows,denial of service,9206.pl,pl
9207,overflow\9207.html,windows,overflow,9207.html,html
9208,denial of service\9208.py,windows,denial of service,9208.py,py
9209,overflow\9209.pl,windows,overflow,9209.pl,pl
9210,denial of service\9210.pl,windows,denial of service,9210.pl,pl
9211,denial of service\9211.c,windows,denial of service,9211.c,c
9212,overflow\9212.pl,windows,overflow,9212.pl,pl
9213,denial of service\9213.html,windows,denial of service,9213.html,html
9214,overflow\9214.rb,windows,overflow,9214.rb,rb
9215,overflow\9215.pl,windows,overflow,9215.pl,pl
9216,denial of service\9216.pl,windows,denial of service,9216.pl,pl
9217,overflow\9217.pl,windows,overflow,9217.pl,pl
9218,overflow\9218.c,windows,overflow,9218.c,c
9219,overflow\9219.pl,windows,overflow,9219.pl,pl
9220,denial of service\9220.py,windows,denial of service,9220.py,py
9221,denial of service\9221.pl,windows,denial of service,9221.pl,pl
9222,denial of service\9222.py,windows,denial of service,9222.py,py
9223,overflow\9223.pl,windows,overflow,9223.pl,pl
9224,denial of service\9224.pl,windows,denial of service,9224.pl,pl
9225,denial of service\9225.pl,windows,denial of service,9225.pl,pl
9226,overflow\9226.py,windows,overflow,9226.py,py
9227,denial of service\9227.py,windows,denial of service,9227.py,py
9228,denial of service\9228.py,windows,denial of service,9228.py,py
9229,denial of service\9229.py,windows,denial of service,9229.py,py
9230,denial of service\9230.py,windows,denial of service,9230.py,py
9231,denial of service\9231.php,windows,denial of service,9231.php,php
9232,denial of service\9232.php,windows,denial of service,9232.php,php
9233,denial of service\9233.py,windows,denial of service,9233.py,py
9234,overflow\9234.pl,windows,overflow,9234.pl,pl
9235,overflow\9235.pl,windows,overflow,9235.pl,pl
9236,denial of service\9236.c,windows,denial of service,9236.c,c
9237,denial of service\9237.html,windows,denial of service,9237.html,html
9238,denial of service\9238.py,windows,denial of service,9238.py,py
9239,overflow\9239.py,windows,overflow,9239.py,py
9240,denial of service\9240.py,windows,denial of service,9240.py,py
9241,overflow\9241.py,windows,overflow,9241.py,py
9242,denial of service\9242.html,windows,denial of service,9242.html,html
9243,overflow\9243.pl,windows,overflow,9243.pl,pl
9244,overflow\9244.pl,windows,overflow,9244.pl,pl
9245,denial of service\9245.py,windows,denial of service,9245.py,py
9246,denial of service\9246.pl,windows,denial of service,9246.pl,pl
9247,denial of service\9247.py,windows,denial of service,9247.py,py
9248,denial of service\9248.py,windows,denial of service,9248.py,py
9249,denial of service\9249.py,windows,denial of service,9249.py,py
9250,denial of service\9250.pl,windows,denial of service,9250.pl,pl
9251,overflow\9251.html,windows,overflow,9251.html,html
9252,overflow\9252.php,windows,overflow,9252.php,php
9253,denial of service\9253.py,windows,denial of service,9253.py,py
9254,overflow\9254.pl,windows,overflow,9254.pl,pl
9255,overflow\9255.pl,windows,overflow,9255.pl,pl
9256,overflow\9256.pl,windows,overflow,9256.pl,pl
9257,denial of service\9257.py,windows,denial of service,9257.py,py
9258,denial of service\9258.rb,windows,denial of service,9258.rb,rb
9259,denial of service\9259.py,windows,denial of service,9259.py,py
9260,overflow\9260.pl,windows,overflow,9260.pl,pl
9261,denial of service\9261.pl,windows,denial of service,9261.pl,pl
9262,overflow\9262.pl,windows,overflow,9262.pl,pl
9263,denial of service\9263.py,windows,denial of service,9263.py,py
9264,denial of service\9264.pl,windows,denial of service,9264.pl,pl
9265,denial of service\9265.pl,windows,denial of service,9265.pl,pl
9266,denial of service\9266.py,windows,denial of service,9266.py,py
9267,denial of service\9267.c,windows,denial of service,9267.c,c
9268,denial of service\9268.c,windows,denial of service,9268.c,c
9269,denial of service\9269.c,windows,denial of service,9269.c,c
9270,denial of service\9270.c,windows,denial of service,9270.c,c
9271,denial of service\9271.py,windows,denial of service,9271.py,py
9272,denial of service\9272.c,windows,denial of service,9272.c,c
9273,denial of service\9273.py,windows,denial of service,9273.py,py
9274,overflow\9274.pl,windows,overflow,9274.pl,pl
9275,overflow\9275.pl,windows,overflow,9275.pl,pl
9276,overflow\9276.pl,windows,overflow,9276.pl,pl
9277,denial of service\9277.py,windows,denial of service,9277.py,py
9278,denial of service\9278.py,windows,denial of service,9278.py,py
9279,denial of service\9279.py,windows,denial of service,9279.py,py
9280,overflow\9280.pl,windows,overflow,9280.pl,pl
9281,denial of service\9281.py,windows,denial of service,9281.py,py
9282,denial of service\9282.py,windows,denial of service,9282.py,py
9283,overflow\9283.py,windows,overflow,9283.py,py
9284,denial of service\9284.pl,windows,denial of service,9284.pl,pl
9285,overflow\9285.pl,windows,overflow,9285.pl,pl
9286,denial of service\9286.py,windows,denial of service,9286.py,py
9287,overflow\9287.py,windows,overflow,9287.py,py
9288,denial of service\9288.py,windows,denial of service,9288.py,py
9289,denial of service\9289.py,windows,denial of service,9289.py,py
9290,denial of service\9290.py,windows,denial of service,9290.py,py
9291,denial of service\9291.py,windows,denial of service,9291.py,py
9292,denial of service\9292.c,windows,denial of service,9292.c,c
9293,overflow\9293.html,windows,overflow,9293.html,html
9294,denial of service\9294.c,windows,denial of service,9294.c,c
9295,denial of service\9295.c,windows,denial of service,9295.c,c
9296,overflow\9296.html,windows,overflow,9296.html,html
9297,denial of service\9297.pl,windows,denial of service,9297.pl,pl
9298,overflow\9298.pl,windows,overflow,9298.pl,pl
9299,overflow\9299.py,windows,overflow,9299.py,py
9300,overflow\9300.py,windows,overflow,9300.py,py
9301,denial of service\9301.py,windows,denial of service,9301.py,py
9302,denial of service\9302.py,windows,denial of service,9302.py,py
9303,overflow\9303.c,windows,overflow,9303.c,c
9304,overflow\9304.py,windows,overflow,9304.py,py
9305,overflow\9305.c,windows,overflow,9305.c,c
9306,overflow\9306.pl,windows,overflow,9306.pl,pl
9307,overflow\9307.py,windows,overflow,9307.py,py
9308,overflow\9308.c,windows,overflow,9308.c,c
9309,overflow\9309.c,windows,overflow,9309.c,c
9310,overflow\9310.pl,windows,overflow,9310.pl,pl
9311,overflow\9311.php,windows,overflow,9311.php,php
9312,denial of service\9312.py,windows,denial of service,9312.py,py
9313,overflow\9313.pl,windows,overflow,9313.pl,pl
9314,overflow\9314.pl,windows,overflow,9314.pl,pl
9315,overflow\9315.pl,windows,overflow,9315.pl,pl
9316,denial of service\9316.pl,windows,denial of service,9316.pl,pl
9317,overflow\9317.pl,windows,overflow,9317.pl,pl
9318,denial of service\9318.py,windows,denial of service,9318.py,py
9319,denial of service\9319.pl,windows,denial of service,9319.pl,pl
9320,denial of service\9320.html,windows,denial of service,9320.html,html
9321,denial of service\9321.html,windows,denial of service,9321.html,html
9322,denial of service\9322.html,windows,denial of service,9322.html,html
9323,overflow\9323.c,windows,overflow,9323.c,c
9324,overflow\9324.c,windows,overflow,9324.c,c
9325,denial of service\9325.c,windows,denial of service,9325.c,c
9326,denial of service\9326.pl,windows,denial of service,9326.pl,pl
9327,denial of service\9327.py,windows,denial of service,9327.py,py
9328,overflow\9328.html,windows,overflow,9328.html,html
9329,overflow\9329.html,windows,overflow,9329.html,html
9330,overflow\9330.py,windows,overflow,9330.py,py
9331,overflow\9331.pl,windows,overflow,9331.pl,pl
9332,overflow\9332.py,windows,overflow,9332.py,py
9333,overflow\9333.pl,windows,overflow,9333.pl,pl
9334,denial of service\9334.c,windows,denial of service,9334.c,c
9335,denial of service\9335.py,windows,denial of service,9335.py,py
9336,denial of service\9336.py,windows,denial of service,9336.py,py
9337,overflow\9337.pl,windows,overflow,9337.pl,pl
9338,overflow\9338.py,windows,overflow,9338.py,py
9339,overflow\9339.py,windows,overflow,9339.py,py
9340,overflow\9340.py,windows,overflow,9340.py,py
9341,overflow\9341.pl,windows,overflow,9341.pl,pl
9342,denial of service\9342.py,windows,denial of service,9342.py,py
9343,denial of service\9343.pl,windows,denial of service,9343.pl,pl
9344,denial of service\9344.py,windows,denial of service,9344.py,py
9345,overflow\9345.py,windows,overflow,9345.py,py
9346,denial of service\9346.py,windows,denial of service,9346.py,py
9347,denial of service\9347.py,windows,denial of service,9347.py,py
9348,overflow\9348.c,windows,overflow,9348.c,c
9349,overflow\9349.html,windows,overflow,9349.html,html
9350,overflow\9350.pl,windows,overflow,9350.pl,pl
9351,overflow\9351.php,windows,overflow,9351.php,php
9352,denial of service\9352.py,windows,denial of service,9352.py,py
9353,denial of service\9353.py,windows,denial of service,9353.py,py
9354,denial of service\9354.pl,windows,denial of service,9354.pl,pl
9355,denial of service\9355.c,windows,denial of service,9355.c,c
9356,overflow\9356.html,windows,overflow,9356.html,html
9357,denial of service\9357.py,windows,denial of service,9357.py,py
9358,denial of service\9358.rb,windows,denial of service,9358.rb,rb
9359,denial of service\9359.pl,windows,denial of service,9359.pl,pl
9360,denial of service\9360.pl,windows,denial of service,9360.pl,pl
9361,overflow\9361.html,windows,overflow,9361.html,html
9362,denial of service\9362.py,windows,denial of service,9362.py,py
9363,denial of service\9363.pl,windows,denial of service,9363.pl,pl
9364,overflow\9364.html,windows,overflow,9364.html,html
9365,overflow\9365.pl,windows,overflow,9365.pl,pl
9366,overflow\9366.py,windows,overflow,9366.py,py
9367,denial of service\9367.py,windows,denial of service,9367.py,py
9368,denial of service\9368.pl,windows,denial of service,9368.pl,pl
9369,denial of service\9369.py,windows,denial of service,9369.py,py
9370,denial of service\9370.pl,windows,denial of service,9370.pl,pl
9371,denial of service\9371.py,windows,denial of service,9371.py,py
9372,denial of service\9372.pl,windows,denial of service,9372.pl,pl
9373,denial of service\9373.py,windows,denial of service,9373.py,py
9374,overflow\9374.py,windows,overflow,9374.py,py
9375,overflow\9375.html,windows,overflow,9375.html,html
9376,denial of service\9376.py,windows,denial of service,9376.py,py
9377,denial of service\9377.html,windows,denial of service,9377.html,html
9378,overflow\9378.c,windows,overflow,9378.c,c
9379,denial of service\9379.pl,windows,denial of service,9379.pl,pl
9380,denial of service\9380.pl,windows,denial of service,9380.pl,pl
9381,overflow\9381.py,windows,overflow,9381.py,py
9382,denial of service\9382.pl,windows,denial of service,9382.pl,pl
9383,denial of service\9383.py,windows,denial of service,9383.py,py
9384,overflow\9384.py,windows,overflow,9384.py,py
9385,overflow\9385.py,windows,overflow,9385.py,py
9386,overflow\9386.pl,windows,overflow,9386.pl,pl
9387,denial of service\9387.py,windows,denial of service,9387.py,py
9388,overflow\9388.php,windows,overflow,9388.php,php
9389,overflow\9389.pl,windows,overflow,9389.pl,pl
9390,overflow\9390.php,windows,overflow,9390.php,php
9391,denial of service\9391.html,windows,denial of service,9391.html,html
9392,denial of service\9392.html,windows,denial of service,9392.html,html
9393,denial of service\9393.c,windows,denial of service,9393.c,c
9394,overflow\9394.py,windows,overflow,9394.py,py
9395,denial of service\9395.py,windows,denial of service,9395.py,py
9396,overflow\9396.html,windows,overflow,9396.html,html
9397,denial of service\9397.pl,windows,denial of service,9397.pl,pl
9398,overflow\9398.c,windows,overflow,9398.c,c
9399,denial of service\9399.c,windows,denial of service,9399.c,c
9400,overflow\9400.py,windows,overflow,9400.py,py
9401,overflow\9401.html,windows,overflow,9401.html,html
9402,denial of service\9402.py,windows,denial of service,9402.py,py
9403,denial of service\9403.py,windows,denial of service,9403.py,py
9404,denial of service\9404.py,windows,denial of service,9404.py,py
9405,denial of service\9405.py,windows,denial of service,9405.py,py
9406,overflow\9406.pl,windows,overflow,9406.pl,pl
9407,overflow\9407.pl,windows,overflow,9407.pl,pl
9408,overflow\9408.py,windows,overflow,9408.py,py
9409,overflow\9409.py,windows,overflow,9409.py,py
9410,overflow\9410.py,windows,overflow,9410.py,py
9411,overflow\9411.pl,windows,overflow,9411.pl,pl
9412,overflow\9412.html,windows,overflow,9412.html,html
9413,overflow\9413.pl,windows,overflow,9413.pl,pl
9414,overflow\9414.pl,windows,overflow,9414.pl,pl
9415,denial of service\9415.py,windows,denial of service,9415.py,py
9416,overflow\9416.py,windows,overflow,9416.py,py
9417,denial of service\9417.c,windows,denial of service,9417.c,c
9418,denial of service\9418.py,windows,denial of service,9418.py,py
9419,denial of service\9419.py,windows,denial of service,9419.py,py
9420,denial of service\9420.py,windows,denial of service,9420.py,py
9421,overflow\9421.c,windows,overflow,9421.c,c
9422,overflow\9422.py,windows,overflow,9422.py,py
9423,overflow\9423.pl,windows,overflow,9423.pl,pl
9424,overflow\9424.c,windows,overflow,9424.c,c
9425,overflow\9425.pl,windows,overflow,9425.pl,pl
9426,denial of service\9426.pl,windows,denial of service,9426.pl,pl
9427,overflow\9427.pl,windows,overflow,9427.pl,pl
9428,denial of service\9428.c,windows,denial of service,9428.c,c
9429,denial of service\9429.py,windows,denial of service,9429.py,py
9430,denial of service\9430.py,windows,denial of service,9430.py,py
9431,denial of service\9431.py,windows,denial of service,9431.py,py
9432,denial of service\9432.py,windows,denial of service,9432.py,py
9433,denial of service\9433.py,windows,denial of service,9433.py,py
9434,denial of service\9434.pl,windows,denial of service,9434.pl,pl
9435,denial of service\9435.pl,windows,denial of service,9435.pl,pl
9436,denial of service\9436.py,windows,denial of service,9436.py,py
9437,overflow\9437.py,windows,overflow,9437.py,py
9438,overflow\9438.pl,windows,overflow,9438.pl,pl
9439,denial of service\9439.py,windows,denial of service,9439.py,py
9440,denial of service\9440.c,windows,denial of service,9440.c,c
9441,overflow\9441.pl,windows,overflow,9441.pl,pl
9442,denial of service\9442.py,windows,denial of service,9442.py,py
9443,overflow\9443.pl,windows,overflow,9443.pl,pl
9444,denial of service\9444.py,windows,denial of service,9444.py,py
9445,denial of service\9445.py,windows,denial of service,9445.py,py
9446,denial of service\9446.py,windows,denial of service,9446.py,py
9447,denial of service\9447.c,windows,denial of service,9447.c,c
9448,overflow\9448.py,windows,overflow,9448.py,py
9449,overflow\9449.py,windows,overflow,9449.py,py
9450,denial of service\9450.py,windows,denial of service,9450.py,py
9451,overflow\9451.py,windows,overflow,9451.py,py
9452,overflow\9452.php,windows,overflow,9452.php,php
9453,denial of service\9453.pl,windows,denial of service,9453.pl,pl
9454,denial of service\9454.pl,windows,denial of service,9454.pl,pl
9455,denial of service\9455.pl,windows,denial of service,9455.pl,pl
9456,overflow\9456.c,windows,overflow,9456.c,c
9457,denial of service\9457.py,windows,denial of service,9457.py,py
9458,denial of service\9458.html,windows,denial of service,9458.html,html
9459,denial of service\9459.c,windows,denial of service,9459.c,c
9460,denial of service\9460.html,windows,denial of service,9460.html,html
9461,denial of service\9461.c,windows,denial of service,9461.c,c
9462,denial of service\9462.py,windows,denial of service,9462.py,py
9463,overflow\9463.py,windows,overflow,9463.py,py
9464,denial of service\9464.c,windows,denial of service,9464.c,c
9465,overflow\9465.html,windows,overflow,9465.html,html
9466,overflow\9466.py,windows,overflow,9466.py,py
9467,denial of service\9467.pl,windows,denial of service,9467.pl,pl
9468,overflow\9468.pl,windows,overflow,9468.pl,pl
9469,denial of service\9469.pl,windows,denial of service,9469.pl,pl
9470,denial of service\9470.pl,windows,denial of service,9470.pl,pl
9471,overflow\9471.py,windows,overflow,9471.py,py
9472,denial of service\9472.pl,windows,denial of service,9472.pl,pl
9473,denial of service\9473.py,windows,denial of service,9473.py,py
9474,overflow\9474.pl,windows,overflow,9474.pl,pl
9475,overflow\9475.pl,windows,overflow,9475.pl,pl
9476,overflow\9476.pl,windows,overflow,9476.pl,pl
9477,denial of service\9477.py,windows,denial of service,9477.py,py
9478,denial of service\9478.py,windows,denial of service,9478.py,py
9479,overflow\9479.py,windows,overflow,9479.py,py
9480,denial of service\9480.py,windows,denial of service,9480.py,py
9481,denial of service\9481.c,windows,denial of service,9481.c,c
9482,denial of service\9482.c,windows,denial of service,9482.c,c
9483,denial of service\9483.pl,windows,denial of service,9483.pl,pl
9484,overflow\9484.html,windows,overflow,9484.html,html
9485,overflow\9485.py,windows,overflow,9485.py,py
9486,overflow\9486.py,windows,overflow,9486.py,py
9487,denial of service\9487.py,windows,denial of service,9487.py,py
9488,denial of service\9488.py,windows,denial of service,9488.py,py
9489,overflow\9489.py,windows,overflow,9489.py,py
9490,overflow\9490.py,windows,overflow,9490.py,py
9491,overflow\9491.py,windows,overflow,9491.py,py
9492,overflow\9492.py,windows,overflow,9492.py,py
9493,overflow\9493.py,windows,overflow,9493.py,py
9494,denial of service\9494.c,windows,denial of service,9494.c,c
9495,denial of service\9495.html,windows,denial of service,9495.html,html
9496,denial of service\9496.html,windows,denial of service,9496.html,html
9497,denial of service\9497.html,windows,denial of service,9497.html,html
9498,denial of service\9498.html,windows,denial of service,9498.html,html
9499,denial of service\9499.html,windows,denial of service,9499.html,html
9500,denial of service\9500.html,windows,denial of service,9500.html,html
9501,overflow\9501.html,windows,overflow,9501.html,html
9502,overflow\9502.html,windows,overflow,9502.html,html
9503,overflow\9503.html,windows,overflow,9503.html,html
9504,denial of service\9504.py,windows,denial of service,9504.py,py
9505,denial of service\9505.c,windows,denial of service,9505.c,c
9506,denial of service\9506.c,windows,denial of service,9506.c,c
9507,denial of service\9507.py,windows,denial of service,9507.py,py
9508,denial of service\9508.py,windows,denial of service,9508.py,py
9509,denial of service\9509.pl,windows,denial of service,9509.pl,pl
9510,denial of service\9510.c,windows,denial of service,9510.c,c
9511,denial of service\9511.html,windows,denial of service,9511.html,html
9512,denial of service\9512.c,windows,denial of service,9512.c,c
9513,denial of service\9513.py,windows,denial of service,9513.py,py
9514,denial of service\9514.py,windows,denial of service,9514.py,py
9515,denial of service\9515.py,windows,denial of service,9515.py,py
9516,denial of service\9516.pl,windows,denial of service,9516.pl,pl
9517,overflow\9517.pl,windows,overflow,9517.pl,pl
9518,denial of service\9518.pl,windows,denial of service,9518.pl,pl
9519,overflow\9519.py,windows,overflow,9519.py,py
9520,overflow\9520.pl,windows,overflow,9520.pl,pl
9521,denial of service\9521.html,windows,denial of service,9521.html,html
9522,denial of service\9522.html,windows,denial of service,9522.html,html
9523,denial of service\9523.c,windows,denial of service,9523.c,c
9524,denial of service\9524.html,windows,denial of service,9524.html,html
9525,denial of service\9525.py,windows,denial of service,9525.py,py
9526,denial of service\9526.pl,windows,denial of service,9526.pl,pl
9527,overflow\9527.pl,windows,overflow,9527.pl,pl
9528,overflow\9528.c,windows,overflow,9528.c,c
9529,denial of service\9529.py,windows,denial of service,9529.py,py
9530,denial of service\9530.pl,windows,denial of service,9530.pl,pl
9531,denial of service\9531.py,windows,denial of service,9531.py,py
9532,denial of service\9532.pl,windows,denial of service,9532.pl,pl
9533,denial of service\9533.pl,windows,denial of service,9533.pl,pl
9534,denial of service\9534.pl,windows,denial of service,9534.pl,pl
9535,denial of service\9535.c,windows,denial of service,9535.c,c
9536,denial of service\9536.pl,windows,denial of service,9536.pl,pl
9537,denial of service\9537.c,windows,denial of service,9537.c,c
9538,denial of service\9538.py,windows,denial of service,9538.py,py
9539,denial of service\9539.c,windows,denial of service,9539.c,c
9540,overflow\9540.py,windows,overflow,9540.py,py
9541,denial of service\9541.html,windows,denial of service,9541.html,html
9542,denial of service\9542.html,windows,denial of service,9542.html,html
9543,denial of service\9543.py,windows,denial of service,9543.py,py
9544,overflow\9544.html,windows,overflow,9544.html,html
9545,denial of service\9545.pl,windows,denial of service,9545.pl,pl
9546,denial of service\9546.pl,windows,denial of service,9546.pl,pl
9547,overflow\9547.pl,windows,overflow,9547.pl,pl
9548,overflow\9548.c,windows,overflow,9548.c,c
9549,overflow\9549.pl,windows,overflow,9549.pl,pl
9550,denial of service\9550.pl,windows,denial of service,9550.pl,pl
9551,denial of service\9551.pl,windows,denial of service,9551.pl,pl
9552,overflow\9552.pl,windows,overflow,9552.pl,pl
9553,overflow\9553.pl,windows,overflow,9553.pl,pl
9554,denial of service\9554.py,windows,denial of service,9554.py,py
9555,overflow\9555.py,windows,overflow,9555.py,py
9556,overflow\9556.py,windows,overflow,9556.py,py
9557,overflow\9557.py,windows,overflow,9557.py,py
9558,overflow\9558.pl,windows,overflow,9558.pl,pl
9559,denial of service\9559.py,windows,denial of service,9559.py,py
9560,denial of service\9560.py,windows,denial of service,9560.py,py
9561,overflow\9561.pl,windows,overflow,9561.pl,pl
9562,denial of service\9562.pl,windows,denial of service,9562.pl,pl
9563,denial of service\9563.py,windows,denial of service,9563.py,py
9564,overflow\9564.py,windows,overflow,9564.py,py
9565,denial of service\9565.py,windows,denial of service,9565.py,py
9566,denial of service\9566.py,windows,denial of service,9566.py,py
9567,denial of service\9567.py,windows,denial of service,9567.py,py
9568,denial of service\9568.py,windows,denial of service,9568.py,py
9569,overflow\9569.pl,windows,overflow,9569.pl,pl
9570,denial of service\9570.c,windows,denial of service,9570.c,c
9571,overflow\9571.pl,windows,overflow,9571.pl,pl
9572,overflow\9572.pl,windows,overflow,9572.pl,pl
9573,overflow\9573.pl,windows,overflow,9573.pl,pl
9574,overflow\9574.pl,windows,overflow,9574.pl,pl
9575,denial of service\9575.py,windows,denial of service,9575.py,py
9576,denial of service\9576.py,windows,denial of service,9576.py,py
9577,overflow\9577.py,windows,overflow,9577.py,py
9578,overflow\9578.html,windows,overflow,9578.html,html
9579,denial of service\9579.html,windows,denial of service,9579.html,html
9580,denial of service\9580.c,windows,denial of service,9580.c,c
9581,overflow\9581.py,windows,overflow,9581.py,py
9582,denial of service\9582.html,windows,denial of service,9582.html,html
9583,denial of service\9583.py,windows,denial of service,9583.py,py
9584,overflow\9584.html,windows,overflow,9584.html,html
9585,overflow\9585.html,windows,overflow,9585.html,html
9586,overflow\9586.html,windows,overflow,9586.html,html
9587,overflow\9587.html,windows,overflow,9587.html,html
9588,denial of service\9588.html,windows,denial of service,9588.html,html
9589,overflow\9589.html,windows,overflow,9589.html,html
9590,overflow\9590.html,windows,overflow,9590.html,html
9591,denial of service\9591.html,windows,denial of service,9591.html,html
9592,denial of service\9592.html,windows,denial of service,9592.html,html
9593,denial of service\9593.html,windows,denial of service,9593.html,html
9594,overflow\9594.html,windows,overflow,9594.html,html
9595,overflow\9595.html,windows,overflow,9595.html,html
9596,overflow\9596.py,windows,overflow,9596.py,py
9597,denial of service\9597.pl,windows,denial of service,9597.pl,pl
9598,denial of service\9598.py,windows,denial of service,9598.py,py
9599,overflow\9599.pl,windows,overflow,9599.pl,pl
9600,denial of service\9600.html,windows,denial of service,9600.html,html
9601,overflow\9601.pl,windows,overflow,9601.pl,pl
9602,denial of service\9602.html,windows,denial of service,9602.html,html
9603,denial of service\9603.pl,windows,denial of service,9603.pl,pl
9604,denial of service\9604.c,windows,denial of service,9604.c,c
9605,denial of service\9605.pl,windows,denial of service,9605.pl,pl
9606,denial of service\9606.c,windows,denial of service,9606.c,c
9607,denial of service\9607.pl,windows,denial of service,9607.pl,pl
9608,denial of service\9608.c,windows,denial of service,9608.c,c
9609,denial of service\9609.pl,windows,denial of service,9609.pl,pl
9610,denial of service\9610.pl,windows,denial of service,9610.pl,pl
9611,denial of service\9611.c,windows,denial of service,9611.c,c
9612,denial of service\9612.c,windows,denial of service,9612.c,c
9613,denial of service\9613.pl,windows,denial of service,9613.pl,pl
9614,denial of service\9614.rb,windows,denial of service,9614.rb,rb
9615,denial of service\9615.py,windows,denial of service,9615.py,py
9616,overflow\9616.c,windows,overflow,9616.c,c
9617,denial of service\9617.html,windows,denial of service,9617.html,html
9618,denial of service\9618.html,windows,denial of service,9618.html,html
9619,denial of service\9619.pl,windows,denial of service,9619.pl,pl
9620,denial of service\9620.html,windows,denial of service,9620.html,html
9621,denial of service\9621.html,windows,denial of service,9621.html,html
9622,overflow\9622.html,windows,overflow,9622.html,html
9623,denial of service\9623.html,windows,denial of service,9623.html,html
9624,denial of service\9624.html,windows,denial of service,9624.html,html
9625,denial of service\9625.py,windows,denial of service,9625.py,py
9626,denial of service\9626.html,windows,denial of service,9626.html,html
9627,denial of service\9627.py,windows,denial of service,9627.py,py
9628,denial of service\9628.html,windows,denial of service,9628.html,html
9629,denial of service\9629.html,windows,denial of service,9629.html,html
9630,overflow\9630.html,windows,overflow,9630.html,html
9631,denial of service\9631.html,windows,denial of service,9631.html,html
9632,denial of service\9632.html,windows,denial of service,9632.html,html
9633,denial of service\9633.html,windows,denial of service,9633.html,html
9634,overflow\9634.pl,windows,overflow,9634.pl,pl
9635,denial of service\9635.html,windows,denial of service,9635.html,html
9636,overflow\9636.html,windows,overflow,9636.html,html
9637,denial of service\9637.html,windows,denial of service,9637.html,html
9638,denial of service\9638.html,windows,denial of service,9638.html,html
9639,denial of service\9639.html,windows,denial of service,9639.html,html
9640,denial of service\9640.html,windows,denial of service,9640.html,html
9641,denial of service\9641.html,windows,denial of service,9641.html,html
9642,denial of service\9642.html,windows,denial of service,9642.html,html
9643,denial of service\9643.html,windows,denial of service,9643.html,html
9644,denial of service\9644.html,windows,denial of service,9644.html,html
9645,denial of service\9645.html,windows,denial of service,9645.html,html
9646,denial of service\9646.html,windows,denial of service,9646.html,html
9647,denial of service\9647.html,windows,denial of service,9647.html,html
9648,denial of service\9648.html,windows,denial of service,9648.html,html
9649,denial of service\9649.html,windows,denial of service,9649.html,html
9650,denial of service\9650.html,windows,denial of service,9650.html,html
9651,denial of service\9651.html,windows,denial of service,9651.html,html
9652,denial of service\9652.html,windows,denial of service,9652.html,html
9653,denial of service\9653.html,windows,denial of service,9653.html,html
9654,denial of service\9654.html,windows,denial of service,9654.html,html
9655,denial of service\9655.html,windows,denial of service,9655.html,html
9656,denial of service\9656.html,windows,denial of service,9656.html,html
9657,denial of service\9657.py,windows,denial of service,9657.py,py
9658,denial of service\9658.html,windows,denial of service,9658.html,html
9659,denial of service\9659.html,windows,denial of service,9659.html,html
9660,denial of service\9660.html,windows,denial of service,9660.html,html
9661,denial of service\9661.html,windows,denial of service,9661.html,html
9662,denial of service\9662.py,windows,denial of service,9662.py,py
9663,denial of service\9663.c,windows,denial of service,9663.c,c
9664,denial of service\9664.pl,windows,denial of service,9664.pl,pl
9665,denial of service\9665.pl,windows,denial of service,9665.pl,pl
9666,denial of service\9666.c,windows,denial of service,9666.c,c
9667,denial of service\9667.pl,windows,denial of service,9667.pl,pl
9668,overflow\9668.html,windows,overflow,9668.html,html
9669,denial of service\9669.html,windows,denial of service,9669.html,html
9670,overflow\9670.pl,windows,overflow,9670.pl,pl
9671,denial of service\9671.html,windows,denial of service,9671.html,html
9672,denial of service\9672.pl,windows,denial of service,9672.pl,pl
9673,denial of service\9673.html,windows,denial of service,9673.html,html
9674,denial of service\9674.rb,windows,denial of service,9674.rb,rb
9675,denial of service\9675.html,windows,denial of service,9675.html,html
9676,denial of service\9676.py,windows,denial of service,9676.py,py
9677,denial of service\9677.pl,windows,denial of service,9677.pl,pl
9678,overflow\9678.rb,windows,overflow,9678.rb,rb
9679,denial of service\9679.html,windows,denial of service,9679.html,html
9680,denial of service\9680.c,windows,denial of service,9680.c,c
9681,overflow\9681.html,windows,overflow,9681.html,html
9682,denial of service\9682.c,windows,denial of service,9682.c,c
9683,denial of service\9683.c,windows,denial of service,9683.c,c
9684,denial of service\9684.c,windows,denial of service,9684.c,c
9685,denial of service\9685.pl,windows,denial of service,9685.pl,pl
9686,denial of service\9686.py,windows,denial of service,9686.py,py
9687,overflow\9687.pl,windows,overflow,9687.pl,pl
9688,overflow\9688.pl,windows,overflow,9688.pl,pl
9689,overflow\9689.pl,windows,overflow,9689.pl,pl
9690,overflow\9690.py,windows,overflow,9690.py,py
9691,denial of service\9691.c,windows,denial of service,9691.c,c
9692,denial of service\9692.pl,windows,denial of service,9692.pl,pl
9693,denial of service\9693.pl,windows,denial of service,9693.pl,pl
9694,denial of service\9694.c,windows,denial of service,9694.c,c
9695,denial of service\9695.c,windows,denial of service,9695.c,c
9696,denial of service\9696.c,windows,denial of service,9696.c,c
9697,denial of service\9697.py,windows,denial of service,9697.py,py
9698,denial of service\9698.c,windows,denial of service,9698.c,c
9699,overflow\9699.html,windows,overflow,9699.html,html
9700,denial of service\9700.py,windows,denial of service,9700.py,py
9701,denial of service\9701.rb,windows,denial of service,9701.rb,rb
9702,denial of service\9702.c,windows,denial of service,9702.c,c
9703,overflow\9703.c,windows,overflow,9703.c,c
9704,denial of service\9704.py,windows,denial of service,9704.py,py
9705,denial of service\9705.c,windows,denial of service,9705.c,c
9706,overflow\9706.html,windows,overflow,9706.html,html
9707,denial of service\9707.c,windows,denial of service,9707.c,c
9708,denial of service\9708.py,windows,denial of service,9708.py,py
9709,denial of service\9709.pl,windows,denial of service,9709.pl,pl
9710,denial of service\9710.py,windows,denial of service,9710.py,py
9711,denial of service\9711.py,windows,denial of service,9711.py,py
9712,overflow\9712.c,windows,overflow,9712.c,c
9713,denial of service\9713.py,windows,denial of service,9713.py,py
9714,overflow\9714.c,windows,overflow,9714.c,c
9715,denial of service\9715.c,windows,denial of service,9715.c,c
9716,denial of service\9716.py,windows,denial of service,9716.py,py
9717,denial of service\9717.c,windows,denial of service,9717.c,c
9718,denial of service\9718.c,windows,denial of service,9718.c,c
9719,denial of service\9719.pl,windows,denial of service,9719.pl,pl
9720,denial of service\9720.pl,windows,denial of service,9720.pl,pl
9721,overflow\9721.py,windows,overflow,9721.py,py
9722,denial of service\9722.py,windows,denial of service,9722.py,py
9723,denial of service\9723.c,windows,denial of service,9723.c,c
9724,denial of service\9724.c,windows,denial of service,9724.c,c
9725,denial of service\9725.c,windows,denial of service,9725.c,c
9726,denial of service\9726.c,windows,denial of service,9726.c,c
9727,overflow\9727.html,windows,overflow,9727.html,html
9728,denial of service\9728.c,windows,denial of service,9728.c,c
9729,denial of service\9729.py,windows,denial of service,9729.py,py
9730,denial of service\9730.pl,windows,denial of service,9730.pl,pl
9731,denial of service\9731.pl,windows,denial of service,9731.pl,pl
9732,denial of service\9732.py,windows,denial of service,9732.py,py
9733,denial of service\9733.py,windows,denial of service,9733.py,py
9734,denial of service\9734.py,windows,denial of service,9734.py,py
9735,denial of service\9735.c,windows,denial of service,9735.c,c
9736,denial of service\9736.c,windows,denial of service,9736.c,c
9737,denial of service\9737.py,windows,denial of service,9737.py,py
9738,overflow\9738.html,windows,overflow,9738.html,html
9739,overflow\9739.html,windows,overflow,9739.html,html
9740,denial of service\9740.c,windows,denial of service,9740.c,c
9741,overflow\9741.pl,windows,overflow,9741.pl,pl
9742,denial of service\9742.py,windows,denial of service,9742.py,py
9743,overflow\9743.pl,windows,overflow,9743.pl,pl
9744,overflow\9744.pl,windows,overflow,9744.pl,pl
9745,denial of service\9745.py,windows,denial of service,9745.py,py
9746,overflow\9746.html,windows,overflow,9746.html,html
9747,denial of service\9747.c,windows,denial of service,9747.c,c
9748,denial of service\9748.c,windows,denial of service,9748.c,c
9749,denial of service\9749.c,windows,denial of service,9749.c,c
9750,denial of service\9750.c,windows,denial of service,9750.c,c
9751,denial of service\9751.c,windows,denial of service,9751.c,c
9752,denial of service\9752.pl,windows,denial of service,9752.pl,pl
9753,denial of service\9753.c,windows,denial of service,9753.c,c
9754,denial of service\9754.c,windows,denial of service,9754.c,c
9755,denial of service\9755.c,windows,denial of service,9755.c,c
9756,denial of service\9756.c,windows,denial of service,9756.c,c
9757,denial of service\9757.py,windows,denial of service,9757.py,py
9758,denial of service\9758.c,windows,denial of service,9758.c,c
9759,denial of service\9759.c,windows,denial of service,9759.c,c
9760,denial of service\9760.py,windows,denial of service,9760.py,py
9761,denial of service\9761.rb,windows,denial of service,9761.rb,rb
9762,denial of service\9762.c,windows,denial of service,9762.c,c
9763,denial of service\9763.pl,windows,denial of service,9763.pl,pl
9764,denial of service\9764.c,windows,denial of service,9764.c,c
9765,denial of service\9765.c,windows,denial of service,9765.c,c
9766,denial of service\9766.c,windows,denial of service,9766.c,c
9767,denial of service\9767.c,windows,denial of service,9767.c,c
9768,overflow\9768.py,windows,overflow,9768.py,py
9769,denial of service\9769.pl,windows,denial of service,9769.pl,pl
9770,denial of service\9770.pl,windows,denial of service,9770.pl,pl
9771,denial of service\9771.c,windows,denial of service,9771.c,c
9772,denial of service\9772.py,windows,denial of service,9772.py,py
9773,denial of service\9773.py,windows,denial of service,9773.py,py
9774,denial of service\9774.py,windows,denial of service,9774.py,py
9775,denial of service\9775.c,windows,denial of service,9775.c,c
9776,denial of service\9776.py,windows,denial of service,9776.py,py
9777,denial of service\9777.c,windows,denial of service,9777.c,c
9778,denial of service\9778.c,windows,denial of service,9778.c,c
9779,denial of service\9779.c,windows,denial of service,9779.c,c
9780,denial of service\9780.c,windows,denial of service,9780.c,c
9781,denial of service\9781.c,windows,denial of service,9781.c,c
9782,denial of service\9782.c,windows,denial of service,9782.c,c
9783,denial of service\9783.c,windows,denial of service,9783.c,c
9784,denial of service\9784.pl,windows,denial of service,9784.pl,pl
9785,denial of service\9785.c,windows,denial of service,9785.c,c
9786,overflow\9786.c,windows,overflow,9786.c,c
9787,denial of service\9787.c,windows,denial of service,9787.c,c
9788,denial of service\9788.c,windows,denial of service,9788.c,c
9789,denial of service\9789.pl,windows,denial of service,9789.pl,pl
9790,denial of service\9790.c,windows,denial of service,9790.c,c
9791,denial of service\9791.c,windows,denial of service,9791.c,c
9792,denial of service\9792.py,windows,denial of service,9792.py,py
9793,overflow\9793.py,windows,overflow,9793.py,py
9794,denial of service\9794.html,windows,denial of service,9794.html,html
9795,denial of service\9795.rb,windows,denial of service,9795.rb,rb
9796,denial of service\9796.py,windows,denial of service,9796.py,py
9797,denial of service\9797.py,windows,denial of service,9797.py,py
9798,overflow\9798.pl,windows,overflow,9798.pl,pl
9799,overflow\9799.py,windows,overflow,9799.py,py
9800,overflow\9800.pl,windows,overflow,9800.pl,pl
9801,denial of service\9801.pl,windows,denial of service,9801.pl,pl
9802,denial of service\9802.py,windows,denial of service,9802.py,py
9803,overflow\9803.pl,windows,overflow,9803.pl,pl
9804,overflow\9804.pl,windows,overflow,9804.pl,pl
9805,overflow\9805.pl,windows,overflow,9805.pl,pl
9806,overflow\9806.py,windows,overflow,9806.py,py
9807,overflow\9807.pl,windows,overflow,9807.pl,pl
9808,denial of service\9808.py,windows,denial of service,9808.py,py
9809,overflow\9809.py,windows,overflow,9809.py,py
9810,overflow\9810.pl,windows,overflow,9810.pl,pl
9811,denial of service\9811.pl,windows,denial of service,9811.pl,pl
9812,overflow\9812.pl,windows,overflow,9812.pl,pl
9813,denial of service\9813.py,windows,denial of service,9813.py,py
9814,overflow\9814.c,windows,overflow,9814.c,c
9815,overflow\9815.py,windows,overflow,9815.py,py
9816,overflow\9816.py,windows,overflow,9816.py,py
9817,denial of service\9817.py,windows,denial of service,9817.py,py
9818,overflow\9818.py,windows,overflow,9818.py,py
9819,denial of service\9819.py,windows,denial of service,9819.py,py
9820,denial of service\9820.html,windows,denial of service,9820.html,html
9821,denial of service\9821.html,windows,denial of service,9821.html,html
9822,overflow\9822.html,windows,overflow,9822.html,html
9823,denial of service\9823.html,windows,denial of service,9823.html,html
9824,denial of service\9824.py,windows,denial of service,9824.py,py
9825,denial of service\9825.py,windows,denial of service,9825.py,py
9826,denial of service\9826.py,windows,denial of service,9826.py,py
9827,overflow\9827.pl,windows,overflow,9827.pl,pl
9828,overflow\9828.pl,windows,overflow,9828.pl,pl
9829,overflow\9829.pl,windows,overflow,9829.pl,pl
9830,denial of service\9830.pl,windows,denial of service,9830.pl,pl
9831,overflow\9831.pl,windows,overflow,9831.pl,pl
9832,denial of service\9832.py,windows,denial of service,9832.py,py
9833,denial of service\9833.c,windows,denial of service,9833.c,c
9834,overflow\9834.c,windows,overflow,9834.c,c
9835,denial of service\9835.py,windows,denial of service,9835.py,py
9836,denial of service\9836.py,windows,denial of service,9836.py,py
9837,denial of service\9837.rb,windows,denial of service,9837.rb,rb
9838,overflow\9838.pl,windows,overflow,9838.pl,pl
9839,overflow\9839.py,windows,overflow,9839.py,py
9840,denial of service\9840.pl,windows,denial of service,9840.pl,pl
9841,denial of service\9841.pl,windows,denial of service,9841.pl,pl
9842,overflow\9842.html,windows,overflow,9842.html,html
9843,overflow\9843.html,windows,overflow,9843.html,html
9844,overflow\9844.html,windows,overflow,9844.html,html
9845,overflow\9845.html,windows,overflow,9845.html,html
9846,overflow\9846.py,windows,overflow,9846.py,py
9847,denial of service\9847.pl,windows,denial of service,9847.pl,pl
9848,denial of service\9848.py,windows,denial of service,9848.py,py
9849,denial of service\9849.py,windows,denial of service,9849.py,py
9850,denial of service\9850.pl,windows,denial of service,9850.pl,pl
9851,denial of service\9851.py,windows,denial of service,9851.py,py
9852,denial of service\9852.py,windows,denial of service,9852.py,py
9853,overflow\9853.html,windows,overflow,9853.html,html
9854,overflow\9854.pl,windows,overflow,9854.pl,pl
9855,overflow\9855.pl,windows,overflow,9855.pl,pl
9856,overflow\9856.py,windows,overflow,9856.py,py
9857,denial of service\9857.py,windows,denial of service,9857.py,py
9858,denial of service\9858.py,windows,denial of service,9858.py,py
9859,denial of service\9859.py,windows,denial of service,9859.py,py
9860,denial of service\9860.py,windows,denial of service,9860.py,py
9861,denial of service\9861.py,windows,denial of service,9861.py,py
9862,overflow\9862.pl,windows,overflow,9862.pl,pl
9863,overflow\9863.html,windows,overflow,9863.html,html
9864,overflow\9864.py,windows,overflow,9864.py,py
9865,overflow\9865.c,windows,overflow,9865.c,c
9866,denial of service\9866.pl,windows,denial of service,9866.pl,pl
9867,denial of service\9867.c,windows,denial of service,9867.c,c
9868,overflow\9868.pl,windows,overflow,9868.pl,pl
9869,overflow\9869.pl,windows,overflow,9869.pl,pl
9870,denial of service\9870.py,windows,denial of service,9870.py,py
9871,denial of service\9871.py,windows,denial of service,9871.py,py
9872,denial of service\9872.py,windows,denial of service,9872.py,py
9873,denial of service\9873.py,windows,denial of service,9873.py,py
9874,denial of service\9874.c,windows,denial of service,9874.c,c
9875,denial of service\9875.c,windows,denial of service,9875.c,c
9876,denial of service\9876.py,windows,denial of service,9876.py,py
9877,denial of service\9877.py,windows,denial of service,9877.py,py
9878,denial of service\9878.py,windows,denial of service,9878.py,py
9879,denial of service\9879.py,windows,denial of service,9879.py,py
9880,denial of service\9880.html,windows,denial of service,9880.html,html
9881,denial of service\9881.py,windows,denial of service,9881.py,py
9882,denial of service\9882.py,windows,denial of service,9882.py,py
9883,denial of service\9883.py,windows,denial of service,9883.py,py
9884,denial of service\9884.c,windows,denial of service,9884.c,c
9885,denial of service\9885.c,windows,denial of service,9885.c,c
9886,overflow\9886.pl,windows,overflow,9886.pl,pl
9887,overflow\9887.c,windows,overflow,9887.c,c
9888,denial of service\9888.py,windows,denial of service,9888.py,py
9889,denial of service\9889.py,windows,denial of service,9889.py,py
9890,overflow\9890.py,windows,overflow,9890.py,py
9891,denial of service\9891.html,windows,denial of service,9891.html,html
9892,overflow\9892.py,windows,overflow,9892.py,py
9893,denial of service\9893.pl,windows,denial of service,9893.pl,pl
9894,denial of service\9894.py,windows,denial of service,9894.py,py
9895,denial of service\9895.py,windows,denial of service,9895.py,py
9896,denial of service\9896.py,windows,denial of service,9896.py,py
9897,overflow\9897.html,windows,overflow,9897.html,html
9898,overflow\9898.c,windows,overflow,9898.c,c
9899,overflow\9899.py,windows,overflow,9899.py,py
9900,overflow\9900.py,windows,overflow,9900.py,py
9901,overflow\9901.py,windows,overflow,9901.py,py
9902,denial of service\9902.py,windows,denial of service,9902.py,py
9903,denial of service\9903.pl,windows,denial of service,9903.pl,pl
9904,denial of service\9904.pl,windows,denial of service,9904.pl,pl
9905,denial of service\9905.py,windows,denial of service,9905.py,py
9906,overflow\9906.pl,windows,overflow,9906.pl,pl
9907,denial of service\9907.py,windows,denial of service,9907.py,py
9908,overflow\9908.pl,windows,overflow,9908.pl,pl
9909,overflow\9909.html,windows,overflow,9909.html,html
9910,denial of service\9910.pl,windows,denial of service,9910.pl,pl
9911,overflow\9911.pl,windows,overflow,9911.pl,pl
9912,denial of service\9912.py,windows,denial of service,9912.py,py
9913,denial of service\9913.py,windows,denial of service,9913.py,py
9914,denial of service\9914.py,windows,denial of service,9914.py,py
9915,denial of service\9915.py,windows,denial of service,9915.py,py
9916,denial of service\9916.py,windows,denial of service,9916.py,py
9917,denial of service\9917.py,windows,denial of service,9917.py,py
9918,denial of service\9918.py,windows,denial of service,9918.py,py
9919,overflow\9919.py,windows,overflow,9919.py,py
9920,denial of service\9920.html,windows,denial of service,9920.html,html
9921,denial of service\9921.c,windows,denial of service,9921.c,c
9922,overflow\9922.py,windows,overflow,9922.py,py
9923,denial of service\9923.pl,windows,denial of service,9923.pl,pl
9924,denial of service\9924.py,windows,denial of service,9924.py,py
9925,denial of service\9925.py,windows,denial of service,9925.py,py
9926,denial of service\9926.py,windows,denial of service,9926.py,py
9927,denial of service\9927.html,windows,denial of service,9927.html,html
9928,denial of service\9928.py,windows,denial of service,9928.py,py
9929,denial of service\9929.py,windows,denial of service,9929.py,py
9930,denial of service\9930.py,windows,denial of service,9930.py,py
9931,overflow\9931.html,windows,overflow,9931.html,html
9932,denial of service\9932.py,windows,denial of service,9932.py,py
9933,overflow\9933.c,windows,overflow,9933.c,c
9934,denial of service\9934.c,windows,denial of service,9934.c,c
9935,denial of service\9935.html,windows,denial of service,9935.html,html
9936,denial of service\9936.pl,windows,denial of service,9936.pl,pl
9937,overflow\9937.php,windows,overflow,9937.php,php
9938,denial of service\9938.html,windows,denial of service,9938.html,html
9939,overflow\9939.html,windows,overflow,9939.html,html
9940,denial of service\9940.html,windows,denial of service,9940.html,html
9941,denial of service\9941.html,windows,denial of service,9941.html,html
9942,denial of service\9942.html,windows,denial of service,9942.html,html
9943,overflow\9943.rb,windows,overflow,9943.rb,rb
9944,denial of service\9944.html,windows,denial of service,9944.html,html
9945,denial of service\9945.c,windows,denial of service,9945.c,c
9946,denial of service\9946.pl,windows,denial of service,9946.pl,pl
9947,overflow\9947.php,windows,overflow,9947.php,php
9948,overflow\9948.py,windows,overflow,9948.py,py
9949,overflow\9949.py,windows,overflow,9949.py,py
9950,overflow\9950.c,windows,overflow,9950.c,c
9951,denial of service\9951.c,windows,denial of service,9951.c,c
9952,overflow\9952.pl,windows,overflow,9952.pl,pl
9953,overflow\9953.pl,windows,overflow,9953.pl,pl
9954,overflow\9954.pl,windows,overflow,9954.pl,pl
9955,denial of service\9955.py,windows,denial of service,9955.py,py
9956,denial of service\9956.c,windows,denial of service,9956.c,c
9957,denial of service\9957.pl,windows,denial of service,9957.pl,pl
9958,denial of service\9958.html,windows,denial of service,9958.html,html
9959,denial of service\9959.py,windows,denial of service,9959.py,py
9960,denial of service\9960.pl,windows,denial of service,9960.pl,pl
9961,denial of service\9961.c,windows,denial of service,9961.c,c
9962,overflow\9962.c,windows,overflow,9962.c,c
9963,denial of service\9963.py,windows,denial of service,9963.py,py
9964,denial of service\9964.c,windows,denial of service,9964.c,c
9965,denial of service\9965.c,windows,denial of service,9965.c,c
9966,denial of service\9966.c,windows,denial of service,9966.c,c
9967,overflow\9967.pl,windows,overflow,9967.pl,pl
9968,denial of service\9968.py,windows,denial of service,9968.py,py
9969,denial of service\9969.pl,windows,denial of service,9969.pl,pl
9970,denial of service\9970.py,windows,denial of service,9970.py,py
9971,denial of service\9971.py,windows,denial of service,9971.py,py
9972,denial of service\9972.py,windows,denial of service,9972.py,py
9973,denial of service\9973.py,windows,denial of service,9973.py,py
9974,denial of service\9974.py,windows,denial of service,9974.py,py
9975,denial of service\9975.html,windows,denial of service,9975.html,html
9976,overflow\9976.pl,windows,overflow,9976.pl,pl
9977,overflow\9977.pl,windows,overflow,9977.pl,pl
9978,denial of service\9978.py,windows,denial of service,9978.py,py
9979,denial of service\9979.py,windows,denial of service,9979.py,py
9980,overflow\9980.pl,windows,overflow,9980.pl,pl
9981,denial of service\9981.php,windows,denial of service,9981.php,php
9982,overflow\9982.php,windows,overflow,9982.php,php
9983,overflow\9983.php,windows,overflow,9983.php,php
9984,denial of service\9984.py,windows,denial of service,9984.py,py
9985,denial of service\9985.pl,windows,denial of service,9985.pl,pl
9986,denial of service\9986.c,windows,denial of service,9986.c,c
9987,denial of service\9987.c,windows,denial of service,9987.c,c
9988,overflow\9988.c,windows,overflow,9988.c,c
9989,denial of service\9989.py,windows,denial of service,9989.py,py
9990,denial of service\9990.c,windows,denial of service,9990.c,c
9991,overflow\9991.py,windows,overflow,9991.py,py
9992,denial of service\9992.c,windows,denial of service,9992.c,c
9993,denial of service\9993.py,windows,denial of service,9993.py,py
9994,overflow\9994.pl,windows,overflow,9994.pl,pl
9995,overflow\9995.pl,windows,overflow,9995.pl,pl
9996,denial of service\9996.pl,windows,denial of service,9996.pl,pl
9997,denial of service\9997.pl,windows,denial of service,9997.pl,pl
9998,denial of service\9998.pl,windows,denial of service,9998.pl,pl
9999,overflow\9999.pl,windows,overflow,9999.pl,pl
10000,denial of service\10000.py,windows,denial of service,10000.py,py
10001,overflow\10001.pl,windows,overflow,10001.pl,pl
10002,overflow\10002.pl,windows,overflow,10002.pl,pl
10003,overflow\10003.pl,windows,overflow,10003.pl,pl
10004,denial of service\10004.pl,windows,denial of service,10004.pl,pl
10005,overflow\10005.py,windows,overflow,10005.py,py
10006,denial of service\10006.c,windows,denial of service,10006.c,c
10007,denial of service\10007.py,windows,denial of service,10007.py,py
10008,denial of service\10008.py,windows,denial of service,10008.py,py
10009,denial of service\10009.py,windows,denial of service,10009.py,py
10010,overflow\10010.py,windows,overflow,10010.py,py
10011,overflow\10011.html,windows,overflow,10011.html,html
10012,overflow\10012.pl,windows,overflow,10012.pl,pl
10013,overflow\10013.py,windows,overflow,10013.py,py
10014,denial of service\10014.html,windows,denial of service,10014.html,html
10015,denial of service\10015.rb,windows,denial of service,10015.rb,rb
10016,overflow\10016.c,windows,overflow,10016.c,c
10017,overflow\10017.html,windows,overflow,10017.html,html
10018,denial of service\10018.pl,windows,denial of service,10018.pl,pl
10019,overflow\10019.pl,windows,overflow,10019.pl,pl
10020,denial of service\10020.html,windows,denial of service,10020.html,html
10021,denial of service\10021.html,windows,denial of service,10021.html,html
10022,denial of service\10022.pl,windows,denial of service,10022.pl,pl
10023,denial of service\10023.c,windows,denial of service,10023.c,c
10024,overflow\10024.py,windows,overflow,10024.py,py
10025,denial of service\10025.py,windows,denial of service,10025.py,py
10026,denial of service\10026.py,windows,denial of service,10026.py,py
10027,denial of service\10027.py,windows,denial of service,10027.py,py
10028,denial of service\10028.py,windows,denial of service,10028.py,py
10029,denial of service\10029.pl,windows,denial of service,10029.pl,pl
10030,denial of service\10030.pl,windows,denial of service,10030.pl,pl
10031,overflow\10031.py,windows,overflow,10031.py,py
10032,overflow\10032.rb,windows,overflow,10032.rb,rb
10033,overflow\10033.rb,windows,overflow,10033.rb,rb
10034,denial of service\10034.rb,windows,denial of service,10034.rb,rb
10035,denial of service\10035.py,windows,denial of service,10035.py,py
10036,denial of service\10036.py,windows,denial of service,10036.py,py
10037,overflow\10037.py,windows,overflow,10037.py,py
10038,denial of service\10038.c,windows,denial of service,10038.c,c
10039,denial of service\10039.py,windows,denial of service,10039.py,py
10040,denial of service\10040.py,windows,denial of service,10040.py,py
10041,denial of service\10041.py,windows,denial of service,10041.py,py
10042,denial of service\10042.py,windows,denial of service,10042.py,py
10043,denial of service\10043.py,windows,denial of service,10043.py,py
10044,denial of service\10044.pl,windows,denial of service,10044.pl,pl
10045,denial of service\10045.py,windows,denial of service,10045.py,py
10046,overflow\10046.html,windows,overflow,10046.html,html
10047,denial of service\10047.pl,windows,denial of service,10047.pl,pl
10048,denial of service\10048.pl,windows,denial of service,10048.pl,pl
10049,denial of service\10049.pl,windows,denial of service,10049.pl,pl
10050,denial of service\10050.pl,windows,denial of service,10050.pl,pl
10051,denial of service\10051.pl,windows,denial of service,10051.pl,pl
10052,denial of service\10052.c,windows,denial of service,10052.c,c
10053,denial of service\10053.py,windows,denial of service,10053.py,py
10054,overflow\10054.pl,windows,overflow,10054.pl,pl
10055,denial of service\10055.py,windows,denial of service,10055.py,py
10056,denial of service\10056.py,windows,denial of service,10056.py,py
10057,denial of service\10057.py,windows,denial of service,10057.py,py
10058,denial of service\10058.py,windows,denial of service,10058.py,py
10059,denial of service\10059.py,windows,denial of service,10059.py,py
10060,denial of service\10060.py,windows,denial of service,10060.py,py
10061,denial of service\10061.py,windows,denial of service,10061.py,py
10062,denial of service\10062.pl,windows,denial of service,10062.pl,pl
10063,overflow\10063.py,windows,overflow,10063.py,py
10064,denial of service\10064.c,windows,denial of service,10064.c,c
10065,overflow\10065.c,windows,overflow,10065.c,c
10066,overflow\10066.pl,windows,overflow,10066.pl,pl
10067,denial of service\10067.py,windows,denial of service,10067.py,py
10068,denial of service\10068.py,windows,denial of service,10068.py,py
10069,denial of service\10069.pl,windows,denial of service,10069.pl,pl
10070,denial of service\10070.py,windows,denial of service,10070.py,py
10071,denial of service\10071.py,windows,denial of service,10071.py,py
10072,denial of service\10072.py,windows,denial of service,10072.py,py
10073,denial of service\10073.pl,windows,denial of service,10073.pl,pl
10074,denial of service\10074.pl,windows,denial of service,10074.pl,pl
10075,denial of service\10075.py,windows,denial of service,10075.py,py
10076,overflow\10076.html,windows,overflow,10076.html,html
10077,denial of service\10077.py,windows,denial of service,10077.py,py
10078,denial of service\10078.py,windows,denial of service,10078.py,py
10079,overflow\10079.html,windows,overflow,10079.html,html
10080,overflow\10080.py,windows,overflow,10080.py,py
10081,denial of service\10081.py,windows,denial of service,10081.py,py
10082,denial of service\10082.html,windows,denial of service,10082.html,html
10083,denial of service\10083.html,windows,denial of service,10083.html,html
10084,denial of service\10084.py,windows,denial of service,10084.py,py
10085,denial of service\10085.py,windows,denial of service,10085.py,py
10086,overflow\10086.py,windows,overflow,10086.py,py
10087,denial of service\10087.py,windows,denial of service,10087.py,py
10088,denial of service\10088.c,windows,denial of service,10088.c,c
10089,denial of service\10089.php,windows,denial of service,10089.php,php
10090,overflow\10090.c,windows,overflow,10090.c,c
10091,denial of service\10091.html,windows,denial of service,10091.html,html
10092,denial of service\10092.py,windows,denial of service,10092.py,py
10093,denial of service\10093.pl,windows,denial of service,10093.pl,pl
10094,denial of service\10094.html,windows,denial of service,10094.html,html
10095,denial of service\10095.pl,windows,denial of service,10095.pl,pl
10096,denial of service\10096.pl,windows,denial of service,10096.pl,pl
10097,overflow\10097.py,windows,overflow,10097.py,py
10098,denial of service\10098.py,windows,denial of service,10098.py,py
10099,denial of service\10099.py,windows,denial of service,10099.py,py
10100,overflow\10100.py,windows,overflow,10100.py,py
10101,denial of service\10101.py,windows,denial of service,10101.py,py
10102,denial of service\10102.py,windows,denial of service,10102.py,py
10103,denial of service\10103.c,windows,denial of service,10103.c,c
10104,overflow\10104.pl,windows,overflow,10104.pl,pl
10105,denial of service\10105.pl,windows,denial of service,10105.pl,pl
10106,denial of service\10106.c,windows,denial of service,10106.c,c
10107,overflow\10107.pl,windows,overflow,10107.pl,pl
10108,overflow\10108.c,windows,overflow,10108.c,c
10109,overflow\10109.c,windows,overflow,10109.c,c
10110,overflow\10110.html,windows,overflow,10110.html,html
10111,denial of service\10111.py,windows,denial of service,10111.py,py
10112,overflow\10112.py,windows,overflow,10112.py,py
10113,denial of service\10113.py,windows,denial of service,10113.py,py
10114,denial of service\10114.c,windows,denial of service,10114.c,c
10115,denial of service\10115.py,windows,denial of service,10115.py,py
10116,denial of service\10116.py,windows,denial of service,10116.py,py
10117,overflow\10117.pl,windows,overflow,10117.pl,pl
10118,overflow\10118.c,windows,overflow,10118.c,c
10119,overflow\10119.c,windows,overflow,10119.c,c
10120,denial of service\10120.pl,windows,denial of service,10120.pl,pl
10121,overflow\10121.pl,windows,overflow,10121.pl,pl
10122,overflow\10122.py,windows,overflow,10122.py,py
10123,overflow\10123.py,windows,overflow,10123.py,py
10124,overflow\10124.py,windows,overflow,10124.py,py
10125,denial of service\10125.py,windows,denial of service,10125.py,py
10126,denial of service\10126.py,windows,denial of service,10126.py,py
10127,denial of service\10127.c,windows,denial of service,10127.c,c
10128,overflow\10128.py,windows,overflow,10128.py,py
10129,overflow\10129.py,windows,overflow,10129.py,py
10130,overflow\10130.py,windows,overflow,10130.py,py
10131,overflow\10131.py,windows,overflow,10131.py,py
10132,denial of service\10132.php,windows,denial of service,10132.php,php
10133,denial of service\10133.c,windows,denial of service,10133.c,c
10134,overflow\10134.py,windows,overflow,10134.py,py
10135,denial of service\10135.py,windows,denial of service,10135.py,py
10136,denial of service\10136.pl,windows,denial of service,10136.pl,pl
10137,denial of service\10137.py,windows,denial of service,10137.py,py
10138,denial of service\10138.py,windows,denial of service,10138.py,py
10139,denial of service\10139.pl,windows,denial of service,10139.pl,pl
10140,denial of service\10140.py,windows,denial of service,10140.py,py
10141,denial of service\10141.py,windows,denial of service,10141.py,py
10142,denial of service\10142.py,windows,denial of service,10142.py,py
10143,denial of service\10143.py,windows,denial of service,10143.py,py
10144,denial of service\10144.py,windows,denial of service,10144.py,py
10145,denial of service\10145.py,windows,denial of service,10145.py,py
10146,overflow\10146.c,windows,overflow,10146.c,c
10147,overflow\10147.pl,windows,overflow,10147.pl,pl
10148,overflow\10148.py,windows,overflow,10148.py,py
10149,overflow\10149.pl,windows,overflow,10149.pl,pl
10150,denial of service\10150.c,windows,denial of service,10150.c,c
10151,overflow\10151.pl,windows,overflow,10151.pl,pl
10152,denial of service\10152.py,windows,denial of service,10152.py,py
10153,overflow\10153.html,windows,overflow,10153.html,html
10154,overflow\10154.html,windows,overflow,10154.html,html
10155,denial of service\10155.pl,windows,denial of service,10155.pl,pl
10156,denial of service\10156.pl,windows,denial of service,10156.pl,pl
10157,overflow\10157.c,windows,overflow,10157.c,c
10158,denial of service\10158.py,windows,denial of service,10158.py,py
10159,denial of service\10159.py,windows,denial of service,10159.py,py
10160,denial of service\10160.py,windows,denial of service,10160.py,py
10161,denial of service\10161.py,windows,denial of service,10161.py,py
10162,denial of service\10162.py,windows,denial of service,10162.py,py
10163,overflow\10163.py,windows,overflow,10163.py,py
10164,denial of service\10164.py,windows,denial of service,10164.py,py
10165,denial of service\10165.py,windows,denial of service,10165.py,py
10166,denial of service\10166.py,windows,denial of service,10166.py,py
10167,denial of service\10167.c,windows,denial of service,10167.c,c
10168,denial of service\10168.pl,windows,denial of service,10168.pl,pl
10169,denial of service\10169.pl,windows,denial of service,10169.pl,pl
10170,denial of service\10170.py,windows,denial of service,10170.py,py
10171,overflow\10171.html,windows,overflow,10171.html,html
10172,denial of service\10172.py,windows,denial of service,10172.py,py
10173,denial of service\10173.py,windows,denial of service,10173.py,py
10174,denial of service\10174.rb,windows,denial of service,10174.rb,rb
10175,denial of service\10175.py,windows,denial of service,10175.py,py
10176,denial of service\10176.html,windows,denial of service,10176.html,html
10177,denial of service\10177.py,windows,denial of service,10177.py,py
10178,denial of service\10178.py,windows,denial of service,10178.py,py
10179,denial of service\10179.py,windows,denial of service,10179.py,py
10180,denial of service\10180.pl,windows,denial of service,10180.pl,pl
10181,denial of service\10181.pl,windows,denial of service,10181.pl,pl
10182,overflow\10182.py,windows,overflow,10182.py,py
10183,denial of service\10183.py,windows,denial of service,10183.py,py
10184,overflow\10184.rb,windows,overflow,10184.rb,rb
10185,denial of service\10185.rb,windows,denial of service,10185.rb,rb
10186,overflow\10186.py,windows,overflow,10186.py,py
10187,overflow\10187.py,windows,overflow,10187.py,py
10188,denial of service\10188.pl,windows,denial of service,10188.pl,pl
10189,denial of service\10189.c,windows,denial of service,10189.c,c
10190,denial of service\10190.pl,windows,denial of service,10190.pl,pl
10191,denial of service\10191.py,windows,denial of service,10191.py,py
10192,denial of service\10192.pl,windows,denial of service,10192.pl,pl
10193,denial of service\10193.py,windows,denial of service,10193.py,py
10194,overflow\10194.html,windows,overflow,10194.html,html
10195,denial of service\10195.pl,windows,denial of service,10195.pl,pl
10196,denial of service\10196.py,windows,denial of service,10196.py,py
10197,denial of service\10197.pl,windows,denial of service,10197.pl,pl
10198,denial of service\10198.c,windows,denial of service,10198.c,c
10199,denial of service\10199.c,windows,denial of service,10199.c,c
10200,denial of service\10200.py,windows,denial of service,10200.py,py
10201,denial of service\10201.c,windows,denial of service,10201.c,c
10202,overflow\10202.py,windows,overflow,10202.py,py
10203,overflow\10203.html,windows,overflow,10203.html,html
10204,overflow\10204.html,windows,overflow,10204.html,html
10205,overflow\10205.py,windows,overflow,10205.py,py
10206,denial of service\10206.py,windows,denial of service,10206.py,py
10207,overflow\10207.pl,windows,overflow,10207.pl,pl
10208,overflow\10208.pl,windows,overflow,10208.pl,pl
10209,overflow\10209.pl,windows,overflow,10209.pl,pl
10210,denial of service\10210.pl,windows,denial of service,10210.pl,pl
10211,overflow\10211.py,windows,overflow,10211.py,py
10212,denial of service\10212.py,windows,denial of service,10212.py,py
10213,denial of service\10213.php,windows,denial of service,10213.php,php
10214,denial of service\10214.pl,windows,denial of service,10214.pl,pl
10215,denial of service\10215.py,windows,denial of service,10215.py,py
10216,denial of service\10216.py,windows,denial of service,10216.py,py
10217,denial of service\10217.py,windows,denial of service,10217.py,py
10218,denial of service\10218.py,windows,denial of service,10218.py,py
10219,denial of service\10219.py,windows,denial of service,10219.py,py
10220,denial of service\10220.py,windows,denial of service,10220.py,py
10221,denial of service\10221.py,windows,denial of service,10221.py,py
10222,denial of service\10222.py,windows,denial of service,10222.py,py
10223,denial of service\10223.py,windows,denial of service,10223.py,py
10224,denial of service\10224.py,windows,denial of service,10224.py,py
10225,denial of service\10225.py,windows,denial of service,10225.py,py
10226,denial of service\10226.py,windows,denial of service,10226.py,py
10227,denial of service\10227.py,windows,denial of service,10227.py,py
10228,denial of service\10228.py,windows,denial of service,10228.py,py
10229,denial of service\10229.py,windows,denial of service,10229.py,py
10230,denial of service\10230.py,windows,denial of service,10230.py,py
10231,denial of service\10231.py,windows,denial of service,10231.py,py
10232,denial of service\10232.py,windows,denial of service,10232.py,py
10233,denial of service\10233.py,windows,denial of service,10233.py,py
10234,denial of service\10234.py,windows,denial of service,10234.py,py
10235,denial of service\10235.py,windows,denial of service,10235.py,py
10236,denial of service\10236.py,windows,denial of service,10236.py,py
10237,denial of service\10237.py,windows,denial of service,10237.py,py
10238,denial of service\10238.py,windows,denial of service,10238.py,py
10239,denial of service\10239.py,windows,denial of service,10239.py,py
10240,denial of service\10240.py,windows,denial of service,10240.py,py
10241,denial of service\10241.py,windows,denial of service,10241.py,py
10242,denial of service\10242.py,windows,denial of service,10242.py,py
10243,denial of service\10243.c,windows,denial of service,10243.c,c
10244,denial of service\10244.php,windows,denial of service,10244.php,php
10245,denial of service\10245.pl,windows,denial of service,10245.pl,pl
10246,denial of service\10246.py,windows,denial of service,10246.py,py
10247,denial of service\10247.c,windows,denial of service,10247.c,c
10248,overflow\10248.pl,windows,overflow,10248.pl,pl
10249,overflow\10249.c,windows,overflow,10249.c,c
10250,overflow\10250.py,windows,overflow,10250.py,py
10251,overflow\10251.py,windows,overflow,10251.py,py
10252,denial of service\10252.py,windows,denial of service,10252.py,py
10253,overflow\10253.py,windows,overflow,10253.py,py
10254,overflow\10254.py,windows,overflow,10254.py,py
10255,overflow\10255.py,windows,overflow,10255.py,py
10256,overflow\10256.py,windows,overflow,10256.py,py
10257,denial of service\10257.py,windows,denial of service,10257.py,py
10258,overflow\10258.pl,windows,overflow,10258.pl,pl
10259,denial of service\10259.php,windows,denial of service,10259.php,php
10260,overflow\10260.pl,windows,overflow,10260.pl,pl
10261,overflow\10261.pl,windows,overflow,10261.pl,pl
10262,denial of service\10262.py,windows,denial of service,10262.py,py
10263,overflow\10263.py,windows,overflow,10263.py,py
10264,denial of service\10264.c,windows,denial of service,10264.c,c
10265,denial of service\10265.c,windows,denial of service,10265.c,c
10266,overflow\10266.pl,windows,overflow,10266.pl,pl
10267,denial of service\10267.c,windows,denial of service,10267.c,c
10268,denial of service\10268.py,windows,denial of service,10268.py,py
10269,overflow\10269.c,windows,overflow,10269.c,c
10270,denial of service\10270.py,windows,denial of service,10270.py,py
10271,denial of service\10271.py,windows,denial of service,10271.py,py
10272,denial of service\10272.py,windows,denial of service,10272.py,py
10273,denial of service\10273.py,windows,denial of service,10273.py,py
10274,denial of service\10274.rb,windows,denial of service,10274.rb,rb
10275,denial of service\10275.py,windows,denial of service,10275.py,py
10276,denial of service\10276.py,windows,denial of service,10276.py,py
10277,denial of service\10277.py,windows,denial of service,10277.py,py
10278,denial of service\10278.c,windows,denial of service,10278.c,c
10279,denial of service\10279.py,windows,denial of service,10279.py,py
10280,overflow\10280.py,windows,overflow,10280.py,py
10281,denial of service\10281.py,windows,denial of service,10281.py,py
10282,denial of service\10282.py,windows,denial of service,10282.py,py
10283,denial of service\10283.py,windows,denial of service,10283.py,py
10284,denial of service\10284.py,windows,denial of service,10284.py,py
10285,denial of service\10285.py,windows,denial of service,10285.py,py
10286,denial of service\10286.py,windows,denial of service,10286.py,py
10287,denial of service\10287.pl,windows,denial of service,10287.pl,pl
10288,denial of service\10288.pl,windows,denial of service,10288.pl,pl
10289,overflow\10289.pl,windows,overflow,10289.pl,pl
10290,denial of service\10290.py,windows,denial of service,10290.py,py
10291,denial of service\10291.py,windows,denial of service,10291.py,py
10292,overflow\10292.pl,windows,overflow,10292.pl,pl
10293,denial of service\10293.py,windows,denial of service,10293.py,py
10294,denial of service\10294.pl,windows,denial of service,10294.pl,pl
10295,denial of service\10295.py,windows,denial of service,10295.py,py
10296,denial of service\10296.pl,windows,denial of service,10296.pl,pl
10297,denial of service\10297.pl,windows,denial of service,10297.pl,pl
10298,denial of service\10298.pl,windows,denial of service,10298.pl,pl
10299,overflow\10299.py,windows,overflow,10299.py,py
10300,denial of service\10300.py,windows,denial of service,10300.py,py
10301,denial of service\10301.rb,windows,denial of service,10301.rb,rb
10302,denial of service\10302.c,windows,denial of service,10302.c,c
10303,overflow\10303.py,windows,overflow,10303.py,py
10304,denial of service\10304.py,windows,denial of service,10304.py,py
10305,denial of service\10305.pl,windows,denial of service,10305.pl,pl
10306,denial of service\10306.pl,windows,denial of service,10306.pl,pl
10307,overflow\10307.pl,windows,overflow,10307.pl,pl
10308,overflow\10308.py,windows,overflow,10308.py,py
10309,denial of service\10309.py,windows,denial of service,10309.py,py
10310,denial of service\10310.py,windows,denial of service,10310.py,py
10311,overflow\10311.py,windows,overflow,10311.py,py
10312,denial of service\10312.py,windows,denial of service,10312.py,py
10313,denial of service\10313.py,windows,denial of service,10313.py,py
10314,denial of service\10314.py,windows,denial of service,10314.py,py
10315,denial of service\10315.py,windows,denial of service,10315.py,py
10316,denial of service\10316.pl,windows,denial of service,10316.pl,pl
10317,overflow\10317.c,windows,overflow,10317.c,c
10318,denial of service\10318.pl,windows,denial of service,10318.pl,pl
10319,denial of service\10319.py,windows,denial of service,10319.py,py
10320,overflow\10320.pl,windows,overflow,10320.pl,pl
10321,denial of service\10321.py,windows,denial of service,10321.py,py
10322,denial of service\10322.pl,windows,denial of service,10322.pl,pl
10323,denial of service\10323.py,windows,denial of service,10323.py,py
10324,overflow\10324.c,windows,overflow,10324.c,c
10325,overflow\10325.c,windows,overflow,10325.c,c
10326,overflow\10326.c,windows,overflow,10326.c,c
10327,denial of service\10327.c,windows,denial of service,10327.c,c
10328,denial of service\10328.c,windows,denial of service,10328.c,c
10329,denial of service\10329.c,windows,denial of service,10329.c,c
10330,overflow\10330.py,windows,overflow,10330.py,py
10331,overflow\10331.py,windows,overflow,10331.py,py
10332,denial of service\10332.py,windows,denial of service,10332.py,py
10333,denial of service\10333.pl,windows,denial of service,10333.pl,pl
10334,denial of service\10334.c,windows,denial of service,10334.c,c
10335,denial of service\10335.pl,windows,denial of service,10335.pl,pl
10336,denial of service\10336.pl,windows,denial of service,10336.pl,pl
10337,denial of service\10337.py,windows,denial of service,10337.py,py
10338,denial of service\10338.py,windows,denial of service,10338.py,py
10339,denial of service\10339.py,windows,denial of service,10339.py,py
10340,denial of service\10340.pl,windows,denial of service,10340.pl,pl
10341,overflow\10341.py,windows,overflow,10341.py,py
10342,denial of service\10342.py,windows,denial of service,10342.py,py
10343,denial of service\10343.py,windows,denial of service,10343.py,py
10344,denial of service\10344.py,windows,denial of service,10344.py,py
10345,denial of service\10345.pl,windows,denial of service,10345.pl,pl
10346,denial of service\10346.c,windows,denial of service,10346.c,c
10347,denial of service\10347.pl,windows,denial of service,10347.pl,pl
10348,overflow\10348.pl,windows,overflow,10348.pl,pl
10349,denial of service\10349.c,windows,denial of service,10349.c,c
10350,overflow\10350.c,windows,overflow,10350.c,c
10351,overflow\10351.c,windows,overflow,10351.c,c
10352,overflow\10352.pl,windows,overflow,10352.pl,pl
10353,overflow\10353.pl,windows,overflow,10353.pl,pl
10354,overflow\10354.c,windows,overflow,10354.c,c
10355,overflow\10355.c,windows,overflow,10355.c,c
10356,denial of service\10356.py,windows,denial of service,10356.py,py
10357,denial of service\10357.pl,windows,denial of service,10357.pl,pl
10358,overflow\10358.pl,windows,overflow,10358.pl,pl
10359,denial of service\10359.py,windows,denial of service,10359.py,py
10360,denial of service\10360.py,windows,denial of service,10360.py,py
10361,denial of service\10361.py,windows,denial of service,10361.py,py
10362,denial of service\10362.py,windows,denial of service,10362.py,py
10363,denial of service\10363.py,windows,denial of service,10363.py,py
10364,overflow\10364.py,windows,overflow,10364.py,py
10365,overflow\10365.py,windows,overflow,10365.py,py
10366,denial of service\10366.pl,windows,denial of service,10366.pl,pl
10367,denial of service\10367.c,windows,denial of service,10367.c,c
10368,denial of service\10368.pl,windows,denial of service,10368.pl,pl
10369,overflow\10369.pl,windows,overflow,10369.pl,pl
10370,overflow\10370.html,windows,overflow,10370.html,html
10371,denial of service\10371.py,windows,denial of service,10371.py,py
10372,overflow\10372.py,windows,overflow,10372.py,py
10373,overflow\10373.pl,windows,overflow,10373.pl,pl
10374,denial of service\10374.c,windows,denial of service,10374.c,c
10375,denial of service\10375.pl,windows,denial of service,10375.pl,pl
10376,overflow\10376.pl,windows,overflow,10376.pl,pl
10377,denial of service\10377.html,windows,denial of service,10377.html,html
10378,overflow\10378.html,windows,overflow,10378.html,html
10379,denial of service\10379.c,windows,denial of service,10379.c,c
10380,overflow\10380.c,windows,overflow,10380.c,c
10381,denial of service\10381.py,windows,denial of service,10381.py,py
10382,denial of service\10382.py,windows,denial of service,10382.py,py
10383,denial of service\10383.py,windows,denial of service,10383.py,py
10384,denial of service\10384.html,windows,denial of service,10384.html,html
10385,denial of service\10385.pl,windows,denial of service,10385.pl,pl
10386,overflow\10386.rb,windows,overflow,10386.rb,rb
10387,overflow\10387.py,windows,overflow,10387.py,py
10388,denial of service\10388.pl,windows,denial of service,10388.pl,pl
10389,overflow\10389.py,windows,overflow,10389.py,py
10390,denial of service\10390.pl,windows,denial of service,10390.pl,pl
10391,denial of service\10391.py,windows,denial of service,10391.py,py
10392,denial of service\10392.py,windows,denial of service,10392.py,py
10393,denial of service\10393.pl,windows,denial of service,10393.pl,pl
10394,denial of service\10394.pl,windows,denial of service,10394.pl,pl
10395,overflow\10395.py,windows,overflow,10395.py,py
10396,overflow\10396.py,windows,overflow,10396.py,py
10397,overflow\10397.py,windows,overflow,10397.py,py
10398,overflow\10398.py,windows,overflow,10398.py,py
10399,overflow\10399.html,windows,overflow,10399.html,html
10400,overflow\10400.pl,windows,overflow,10400.pl,pl
10401,overflow\10401.py,windows,overflow,10401.py,py
10402,overflow\10402.py,windows,overflow,10402.py,py
10403,denial of service\10403.py,windows,denial of service,10403.py,py
10404,overflow\10404.py,windows,overflow,10404.py,py
10405,overflow\10405.py,windows,overflow,10405.py,py
10406,denial of service\10406.py,windows,denial of service,10406.py,py
10407,denial of service\10407.pl,windows,denial of service,10407.pl,pl
10408,overflow\10408.html,windows,overflow,10408.html,html
10409,denial of service\10409.py,windows,denial of service,10409.py,py
10410,denial of service\10410.c,windows,denial of service,10410.c,c
10411,denial of service\10411.py,windows,denial of service,10411.py,py
10412,denial of service\10412.py,windows,denial of service,10412.py,py
10413,denial of service\10413.pl,windows,denial of service,10413.pl,pl
10414,denial of service\10414.py,windows,denial of service,10414.py,py
10415,denial of service\10415.py,windows,denial of service,10415.py,py
10416,denial of service\10416.py,windows,denial of service,10416.py,py
10417,denial of service\10417.pl,windows,denial of service,10417.pl,pl
10418,denial of service\10418.pl,windows,denial of service,10418.pl,pl
10419,overflow\10419.pl,windows,overflow,10419.pl,pl
10420,overflow\10420.py,windows,overflow,10420.py,py
10421,denial of service\10421.py,windows,denial of service,10421.py,py
10422,denial of service\10422.py,windows,denial of service,10422.py,py
10423,overflow\10423.py,windows,overflow,10423.py,py
10424,overflow\10424.pl,windows,overflow,10424.pl,pl
10425,overflow\10425.pl,windows,overflow,10425.pl,pl
10426,overflow\10426.pl,windows,overflow,10426.pl,pl
10427,overflow\10427.c,windows,overflow,10427.c,c
10428,denial of service\10428.pl,windows,denial of service,10428.pl,pl
10429,denial of service\10429.py,windows,denial of service,10429.py,py
10430,denial of service\10430.py,windows,denial of service,10430.py,py
10431,denial of service\10431.py,windows,denial of service,10431.py,py
10432,denial of service\10432.pl,windows,denial of service,10432.pl,pl
10433,denial of service\10433.pl,windows,denial of service,10433.pl,pl
10434,overflow\10434.py,windows,overflow,10434.py,py
10435,denial of service\10435.html,windows,denial of service,10435.html,html
10436,denial of service\10436.html,windows,denial of service,10436.html,html
10437,denial of service\10437.py,windows,denial of service,10437.py,py
10438,denial of service\10438.html,windows,denial of service,10438.html,html
10439,denial of service\10439.c,windows,denial of service,10439.c,c
10440,overflow\10440.pl,windows,overflow,10440.pl,pl
10441,overflow\10441.pl,windows,overflow,10441.pl,pl
10442,denial of service\10442.pl,windows,denial of service,10442.pl,pl
10443,denial of service\10443.pl,windows,denial of service,10443.pl,pl
10444,denial of service\10444.pl,windows,denial of service,10444.pl,pl
10445,overflow\10445.py,windows,overflow,10445.py,py
10446,denial of service\10446.c,windows,denial of service,10446.c,c
10447,denial of service\10447.c,windows,denial of service,10447.c,c
10448,overflow\10448.py,windows,overflow,10448.py,py
10449,denial of service\10449.c,windows,denial of service,10449.c,c
10450,denial of service\10450.pl,windows,denial of service,10450.pl,pl
10451,denial of service\10451.c,windows,denial of service,10451.c,c
10452,denial of service\10452.py,windows,denial of service,10452.py,py
10453,denial of service\10453.py,windows,denial of service,10453.py,py
10454,overflow\10454.pl,windows,overflow,10454.pl,pl
10455,denial of service\10455.pl,windows,denial of service,10455.pl,pl
10456,denial of service\10456.pl,windows,denial of service,10456.pl,pl
10457,denial of service\10457.pl,windows,denial of service,10457.pl,pl
10458,overflow\10458.c,windows,overflow,10458.c,c
10459,denial of service\10459.html,windows,denial of service,10459.html,html
10460,denial of service\10460.py,windows,denial of service,10460.py,py
10461,overflow\10461.pl,windows,overflow,10461.pl,pl
10462,denial of service\10462.py,windows,denial of service,10462.py,py
10463,overflow\10463.pl,windows,overflow,10463.pl,pl
10464,denial of service\10464.pl,windows,denial of service,10464.pl,pl
10465,overflow\10465.pl,windows,overflow,10465.pl,pl
10466,denial of service\10466.py,windows,denial of service,10466.py,py
10467,overflow\10467.pl,windows,overflow,10467.pl,pl
10468,denial of service\10468.py,windows,denial of service,10468.py,py
10469,overflow\10469.py,windows,overflow,10469.py,py
10470,denial of service\10470.pl,windows,denial of service,10470.pl,pl
10471,denial of service\10471.py,windows,denial of service,10471.py,py
10472,denial of service\10472.pl,windows,denial of service,10472.pl,pl
10473,denial of service\10473.py,windows,denial of service,10473.py,py
10474,overflow\10474.py,windows,overflow,10474.py,py
10475,denial of service\10475.py,windows,denial of service,10475.py,py
10476,denial of service\10476.py,windows,denial of service,10476.py,py
10477,overflow\10477.c,windows,overflow,10477.c,c
10478,denial of service\10478.py,windows,denial of service,10478.py,py
10479,overflow\10479.py,windows,overflow,10479.py,py
10480,denial of service\10480.pl,windows,denial of service,10480.pl,pl
10481,denial of service\10481.c,windows,denial of service,10481.c,c
10482,denial of service\10482.rb,windows,denial of service,10482.rb,rb
10483,overflow\10483.pl,windows,overflow,10483.pl,pl
10484,denial of service\10484.pl,windows,denial of service,10484.pl,pl
10485,denial of service\10485.py,windows,denial of service,10485.py,py
10486,overflow\10486.html,windows,overflow,10486.html,html
10487,denial of service\10487.py,windows,denial of service,10487.py,py
10488,denial of service\10488.c,windows,denial of service,10488.c,c
10489,overflow\10489.pl,windows,overflow,10489.pl,pl
10490,denial of service\10490.py,windows,denial of service,10490.py,py
10491,denial of service\10491.py,windows,denial of service,10491.py,py
10492,overflow\10492.c,windows,overflow,10492.c,c
10493,denial of service\10493.rb,windows,denial of service,10493.rb,rb
10494,denial of service\10494.html,windows,denial of service,10494.html,html
10495,denial of service\10495.pl,windows,denial of service,10495.pl,pl
10496,overflow\10496.py,windows,overflow,10496.py,py
10497,denial of service\10497.pl,windows,denial of service,10497.pl,pl
10498,denial of service\10498.pl,windows,denial of service,10498.pl,pl
10499,denial of service\10499.pl,windows,denial of service,10499.pl,pl
10500,denial of service\10500.py,windows,denial of service,10500.py,py
10501,overflow\10501.py,windows,overflow,10501.py,py
10502,overflow\10502.py,windows,overflow,10502.py,py
10503,denial of service\10503.py,windows,denial of service,10503.py,py
10504,denial of service\10504.php,windows,denial of service,10504.php,php
10505,denial of service\10505.pl,windows,denial of service,10505.pl,pl
10506,denial of service\10506.pl,windows,denial of service,10506.pl,pl
10507,denial of service\10507.pl,windows,denial of service,10507.pl,pl
10508,denial of service\10508.pl,windows,denial of service,10508.pl,pl
10509,overflow\10509.py,windows,overflow,10509.py,py
10510,overflow\10510.py,windows,overflow,10510.py,py
10511,denial of service\10511.pl,windows,denial of service,10511.pl,pl
10512,overflow\10512.pl,windows,overflow,10512.pl,pl
10513,denial of service\10513.py,windows,denial of service,10513.py,py
10514,denial of service\10514.pl,windows,denial of service,10514.pl,pl
10515,denial of service\10515.pl,windows,denial of service,10515.pl,pl
10516,denial of service\10516.py,windows,denial of service,10516.py,py
10517,overflow\10517.py,windows,overflow,10517.py,py
10518,overflow\10518.pl,windows,overflow,10518.pl,pl
10519,overflow\10519.py,windows,overflow,10519.py,py
10520,overflow\10520.py,windows,overflow,10520.py,py
10521,overflow\10521.py,windows,overflow,10521.py,py
10522,denial of service\10522.py,windows,denial of service,10522.py,py
10523,denial of service\10523.py,windows,denial of service,10523.py,py
10524,overflow\10524.pl,windows,overflow,10524.pl,pl
10525,overflow\10525.py,windows,overflow,10525.py,py
10526,overflow\10526.pl,windows,overflow,10526.pl,pl
10527,denial of service\10527.py,windows,denial of service,10527.py,py
10528,denial of service\10528.pl,windows,denial of service,10528.pl,pl
10529,denial of service\10529.pl,windows,denial of service,10529.pl,pl
10530,denial of service\10530.py,windows,denial of service,10530.py,py
10531,denial of service\10531.py,windows,denial of service,10531.py,py
10532,denial of service\10532.c,windows,denial of service,10532.c,c
10533,denial of service\10533.py,windows,denial of service,10533.py,py
10534,denial of service\10534.py,windows,denial of service,10534.py,py
10535,denial of service\10535.rb,windows,denial of service,10535.rb,rb
10536,denial of service\10536.py,windows,denial of service,10536.py,py
10537,denial of service\10537.py,windows,denial of service,10537.py,py
10538,denial of service\10538.py,windows,denial of service,10538.py,py
10539,denial of service\10539.pl,windows,denial of service,10539.pl,pl
10540,denial of service\10540.py,windows,denial of service,10540.py,py
10541,denial of service\10541.py,windows,denial of service,10541.py,py
10542,denial of service\10542.py,windows,denial of service,10542.py,py
10543,denial of service\10543.py,windows,denial of service,10543.py,py
10544,denial of service\10544.c,windows,denial of service,10544.c,c
10545,denial of service\10545.html,windows,denial of service,10545.html,html
10546,overflow\10546.html,windows,overflow,10546.html,html
10547,denial of service\10547.py,windows,denial of service,10547.py,py
10548,overflow\10548.pl,windows,overflow,10548.pl,pl
10549,overflow\10549.pl,windows,overflow,10549.pl,pl
10550,denial of service\10550.pl,windows,denial of service,10550.pl,pl
10551,overflow\10551.pl,windows,overflow,10551.pl,pl
10552,denial of service\10552.py,windows,denial of service,10552.py,py
10553,denial of service\10553.pl,windows,denial of service,10553.pl,pl
10554,denial of service\10554.py,windows,denial of service,10554.py,py
10555,overflow\10555.pl,windows,overflow,10555.pl,pl
10556,overflow\10556.pl,windows,overflow,10556.pl,pl
10557,overflow\10557.pl,windows,overflow,10557.pl,pl
10558,denial of service\10558.py,windows,denial of service,10558.py,py
10559,denial of service\10559.py,windows,denial of service,10559.py,py
10560,overflow\10560.pl,windows,overflow,10560.pl,pl
10561,overflow\10561.py,windows,overflow,10561.py,py
10562,denial of service\10562.py,windows,denial of service,10562.py,py
10563,denial of service\10563.py,windows,denial of service,10563.py,py
10564,denial of service\10564.py,windows,denial of service,10564.py,py
10565,denial of service\10565.py,windows,denial of service,10565.py,py
10566,denial of service\10566.c,windows,denial of service,10566.c,c
10567,denial of service\10567.pl,windows,denial of service,10567.pl,pl
10568,denial of service\10568.c,windows,denial of service,10568.c,c
10569,denial of service\10569.c,windows,denial of service,10569.c,c
10570,denial of service\10570.c,windows,denial of service,10570.c,c
10571,denial of service\10571.pl,windows,denial of service,10571.pl,pl
10572,overflow\10572.py,windows,overflow,10572.py,py
10573,overflow\10573.py,windows,overflow,10573.py,py
10574,denial of service\10574.pl,windows,denial of service,10574.pl,pl
10575,overflow\10575.py,windows,overflow,10575.py,py
10576,denial of service\10576.pl,windows,denial of service,10576.pl,pl
10577,overflow\10577.html,windows,overflow,10577.html,html
10578,overflow\10578.html,windows,overflow,10578.html,html
10579,overflow\10579.py,windows,overflow,10579.py,py
10580,overflow\10580.py,windows,overflow,10580.py,py
10581,overflow\10581.py,windows,overflow,10581.py,py
10582,overflow\10582.py,windows,overflow,10582.py,py
10583,overflow\10583.py,windows,overflow,10583.py,py
10584,overflow\10584.py,windows,overflow,10584.py,py
10585,overflow\10585.py,windows,overflow,10585.py,py
10586,overflow\10586.py,windows,overflow,10586.py,py
10587,overflow\10587.py,windows,overflow,10587.py,py
10588,overflow\10588.py,windows,overflow,10588.py,py
10589,overflow\10589.py,windows,overflow,10589.py,py
10590,overflow\10590.pl,windows,overflow,10590.pl,pl
10591,overflow\10591.pl,windows,overflow,10591.pl,pl
10592,overflow\10592.rb,windows,overflow,10592.rb,rb
10593,overflow\10593.pl,windows,overflow,10593.pl,pl
10594,overflow\10594.pl,windows,overflow,10594.pl,pl
10595,overflow\10595.rb,windows,overflow,10595.rb,rb
10596,overflow\10596.py,windows,overflow,10596.py,py
10597,overflow\10597.pl,windows,overflow,10597.pl,pl
10598,overflow\10598.rb,windows,overflow,10598.rb,rb
10599,overflow\10599.py,windows,overflow,10599.py,py
10600,overflow\10600.pl,windows,overflow,10600.pl,pl
10601,overflow\10601.rb,windows,overflow,10601.rb,rb
10602,overflow\10602.c,windows,overflow,10602.c,c
10603,overflow\10603.py,windows,overflow,10603.py,py
10604,overflow\10604.py,windows,overflow,10604.py,py
10605,overflow\10605.rb,windows,overflow,10605.rb,rb
10606,overflow\10606.c,windows,overflow,10606.c,c
10607,overflow\10607.rb,windows,overflow,10607.rb,rb
10608,overflow\10608.py,windows,overflow,10608.py,py
10609,overflow\10609.pl,windows,overflow,10609.pl,pl
10610,overflow\10610.pl,windows,overflow,10610.pl,pl
10611,overflow\10611.pl,windows,overflow,10611.pl,pl
10612,overflow\10612.pl,windows,overflow,10612.pl,pl
10613,overflow\10613.rb,windows,overflow,10613.rb,rb
10614,overflow\10614.py,windows,overflow,10614.py,py
10615,overflow\10615.rb,windows,overflow,10615.rb,rb
10616,overflow\10616.rb,windows,overflow,10616.rb,rb
10617,overflow\10617.rb,windows,overflow,10617.rb,rb
10618,overflow\10618.rb,windows,overflow,10618.rb,rb
10619,overflow\10619.rb,windows,overflow,10619.rb,rb
10620,overflow\10620.rb,windows,overflow,10620.rb,rb
10621,overflow\10621.rb,windows,overflow,10621.rb,rb
10622,overflow\10622.rb,windows,overflow,10622.rb,rb
10623,overflow\10623.rb,windows,overflow,10623.rb,rb
10624,overflow\10624.py,windows,overflow,10624.py,py
10625,overflow\10625.rb,windows,overflow,10625.rb,rb
10626,overflow\10626.php,windows,overflow,10626.php,php
10627,overflow\10627.rb,windows,overflow,10627.rb,rb
10628,overflow\10628.rb,windows,overflow,10628.rb,rb
10629,overflow\10629.c,windows,overflow,10629.c,c
10630,overflow\10630.php,windows,overflow,10630.php,php
10631,overflow\10631.py,windows,overflow,10631.py,py
10632,overflow\10632.py,windows,overflow,10632.py,py
10633,overflow\10633.rb,windows,overflow,10633.rb,rb
10634,overflow\10634.py,windows,overflow,10634.py,py
10635,overflow\10635.py,windows,overflow,10635.py,py
10636,overflow\10636.pl,windows,overflow,10636.pl,pl
10637,overflow\10637.rb,windows,overflow,10637.rb,rb
10638,overflow\10638.py,windows,overflow,10638.py,py
10639,overflow\10639.py,windows,overflow,10639.py,py
10640,overflow\10640.py,windows,overflow,10640.py,py
10641,overflow\10641.rb,windows,overflow,10641.rb,rb
10642,overflow\10642.py,windows,overflow,10642.py,py
10643,overflow\10643.py,windows,overflow,10643.py,py
10644,overflow\10644.py,windows,overflow,10644.py,py
10645,overflow\10645.py,windows,overflow,10645.py,py
10646,overflow\10646.py,windows,overflow,10646.py,py
10647,overflow\10647.py,windows,overflow,10647.py,py
10648,overflow\10648.py,windows,overflow,10648.py,py
10649,overflow\10649.py,windows,overflow,10649.py,py
10650,overflow\10650.py,windows,overflow,10650.py,py
10651,overflow\10651.c,windows,overflow,10651.c,c
10652,overflow\10652.pl,windows,overflow,10652.pl,pl
10653,overflow\10653.py,windows,overflow,10653.py,py
10654,overflow\10654.py,windows,overflow,10654.py,py
10655,overflow\10655.py,windows,overflow,10655.py,py
10656,overflow\10656.py,windows,overflow,10656.py,py
10657,overflow\10657.py,windows,overflow,10657.py,py
10658,overflow\10658.py,windows,overflow,10658.py,py
10659,overflow\10659.py,windows,overflow,10659.py,py
10660,overflow\10660.py,windows,overflow,10660.py,py
10661,overflow\10661.py,windows,overflow,10661.py,py
10662,overflow\10662.py,windows,overflow,10662.py,py
10663,overflow\10663.py,windows,overflow,10663.py,py
10664,overflow\10664.py,windows,overflow,10664.py,py
10665,overflow\10665.py,windows,overflow,10665.py,py
10666,overflow\10666.rb,windows,overflow,10666.rb,rb
10667,overflow\10667.pl,windows,overflow,10667.pl,pl
10668,overflow\10668.pl,windows,overflow,10668.pl,pl
10669,overflow\10669.pl,windows,overflow,10669.pl,pl
10670,overflow\10670.py,windows,overflow,10670.py,py
10671,overflow\10671.py,windows,overflow,10671.py,py
10672,overflow\10672.py,windows,overflow,10672.py,py
10673,overflow\10673.py,windows,overflow,10673.py,py
10674,overflow\10674.rb,windows,overflow,10674.rb,rb
10675,overflow\10675.pl,windows,overflow,10675.pl,pl
10676,overflow\10676.py,windows,overflow,10676.py,py
10677,overflow\10677.py,windows,overflow,10677.py,py
10678,overflow\10678.pl,windows,overflow,10678.pl,pl
10679,overflow\10679.rb,windows,overflow,10679.rb,rb
10680,overflow\10680.py,windows,overflow,10680.py,py
10681,overflow\10681.py,windows,overflow,10681.py,py
10682,overflow\10682.html,windows,overflow,10682.html,html
10683,overflow\10683.html,windows,overflow,10683.html,html
10684,overflow\10684.py,windows,overflow,10684.py,py
10685,overflow\10685.rb,windows,overflow,10685.rb,rb
10686,overflow\10686.py,windows,overflow,10686.py,py
10687,overflow\10687.rb,windows,overflow,10687.rb,rb
10688,overflow\10688.c,windows,overflow,10688.c,c
10689,overflow\10689.rb,windows,overflow,10689.rb,rb
10690,overflow\10690.rb,windows,overflow,10690.rb,rb
10691,overflow\10691.rb,windows,overflow,10691.rb,rb
10692,overflow\10692.rb,windows,overflow,10692.rb,rb
10693,overflow\10693.rb,windows,overflow,10693.rb,rb
10694,overflow\10694.py,windows,overflow,10694.py,py
10695,overflow\10695.rb,windows,overflow,10695.rb,rb
10696,overflow\10696.c,windows,overflow,10696.c,c
10697,overflow\10697.pl,windows,overflow,10697.pl,pl
10698,overflow\10698.py,windows,overflow,10698.py,py
10699,overflow\10699.py,windows,overflow,10699.py,py
10700,overflow\10700.pl,windows,overflow,10700.pl,pl
10701,overflow\10701.py,windows,overflow,10701.py,py
10702,overflow\10702.pl,windows,overflow,10702.pl,pl
10703,overflow\10703.pl,windows,overflow,10703.pl,pl
10704,overflow\10704.py,windows,overflow,10704.py,py
10705,overflow\10705.py,windows,overflow,10705.py,py
10706,overflow\10706.py,windows,overflow,10706.py,py
10707,overflow\10707.c,windows,overflow,10707.c,c
10708,overflow\10708.php,windows,overflow,10708.php,php
10709,overflow\10709.c,windows,overflow,10709.c,c
10710,overflow\10710.py,windows,overflow,10710.py,py
10711,overflow\10711.py,windows,overflow,10711.py,py
10712,overflow\10712.py,windows,overflow,10712.py,py
10713,overflow\10713.py,windows,overflow,10713.py,py
10714,overflow\10714.pl,windows,overflow,10714.pl,pl
10715,overflow\10715.py,windows,overflow,10715.py,py
10716,overflow\10716.py,windows,overflow,10716.py,py
10717,overflow\10717.pl,windows,overflow,10717.pl,pl
10718,overflow\10718.py,windows,overflow,10718.py,py
10719,overflow\10719.rb,windows,overflow,10719.rb,rb
10720,overflow\10720.pl,windows,overflow,10720.pl,pl
10721,overflow\10721.py,windows,overflow,10721.py,py
10722,overflow\10722.rb,windows,overflow,10722.rb,rb
10723,overflow\10723.rb,windows,overflow,10723.rb,rb
10724,overflow\10724.rb,windows,overflow,10724.rb,rb
10725,overflow\10725.py,windows,overflow,10725.py,py
10726,overflow\10726.py,windows,overflow,10726.py,py
10727,overflow\10727.pl,windows,overflow,10727.pl,pl
10728,overflow\10728.py,windows,overflow,10728.py,py
10729,overflow\10729.py,windows,overflow,10729.py,py
10730,overflow\10730.pl,windows,overflow,10730.pl,pl
10731,overflow\10731.pl,windows,overflow,10731.pl,pl
10732,overflow\10732.rb,windows,overflow,10732.rb,rb
10733,overflow\10733.rb,windows,overflow,10733.rb,rb
10734,overflow\10734.rb,windows,overflow,10734.rb,rb
10735,overflow\10735.rb,windows,overflow,10735.rb,rb
10736,overflow\10736.pl,windows,overflow,10736.pl,pl
10737,overflow\10737.rb,windows,overflow,10737.rb,rb
10738,overflow\10738.pl,windows,overflow,10738.pl,pl
10739,overflow\10739.py,windows,overflow,10739.py,py
10740,overflow\10740.c,windows,overflow,10740.c,c
10741,overflow\10741.pl,windows,overflow,10741.pl,pl
10742,overflow\10742.rb,windows,overflow,10742.rb,rb
10743,overflow\10743.py,windows,overflow,10743.py,py
10744,file path\10744.py,windows,file path,10744.py,py
10745,overflow\10745.py,windows,overflow,10745.py,py
10746,overflow\10746.py,windows,overflow,10746.py,py
10747,overflow\10747.py,windows,overflow,10747.py,py
10748,overflow\10748.py,windows,overflow,10748.py,py
10749,overflow\10749.py,windows,overflow,10749.py,py
10750,overflow\10750.py,windows,overflow,10750.py,py
10751,denial of service\10751.py,windows,denial of service,10751.py,py
10752,overflow\10752.py,windows,overflow,10752.py,py
10753,overflow\10753.rb,windows,overflow,10753.rb,rb
10754,overflow\10754.c,windows,overflow,10754.c,c
10755,overflow\10755.py,windows,overflow,10755.py,py
10756,overflow\10756.py,windows,overflow,10756.py,py
10757,overflow\10757.py,windows,overflow,10757.py,py
10758,overflow\10758.py,windows,overflow,10758.py,py
10759,overflow\10759.py,windows,overflow,10759.py,py
10760,overflow\10760.py,windows,overflow,10760.py,py
10761,overflow\10761.pl,windows,overflow,10761.pl,pl
10762,overflow\10762.py,windows,overflow,10762.py,py
10763,overflow\10763.php,windows,overflow,10763.php,php
10764,overflow\10764.pl,windows,overflow,10764.pl,pl
10765,overflow\10765.py,windows,overflow,10765.py,py
10766,overflow\10766.pl,windows,overflow,10766.pl,pl
10767,overflow\10767.py,windows,overflow,10767.py,py
10768,overflow\10768.pl,windows,overflow,10768.pl,pl
10769,overflow\10769.py,windows,overflow,10769.py,py
10770,overflow\10770.rb,windows,overflow,10770.rb,rb
10771,overflow\10771.pl,windows,overflow,10771.pl,pl
10772,overflow\10772.pl,windows,overflow,10772.pl,pl
10773,overflow\10773.pl,windows,overflow,10773.pl,pl
10774,overflow\10774.rb,windows,overflow,10774.rb,rb
10775,overflow\10775.pl,windows,overflow,10775.pl,pl
10776,overflow\10776.py,windows,overflow,10776.py,py
10777,overflow\10777.py,windows,overflow,10777.py,py
10778,overflow\10778.pl,windows,overflow,10778.pl,pl
10779,overflow\10779.pl,windows,overflow,10779.pl,pl
10780,overflow\10780.py,windows,overflow,10780.py,py
10781,overflow\10781.py,windows,overflow,10781.py,py
10782,overflow\10782.c,windows,overflow,10782.c,c
10783,overflow\10783.py,windows,overflow,10783.py,py
10784,overflow\10784.py,windows,overflow,10784.py,py
10785,overflow\10785.pl,windows,overflow,10785.pl,pl
10786,overflow\10786.py,windows,overflow,10786.py,py
10787,overflow\10787.pl,windows,overflow,10787.pl,pl
10788,overflow\10788.rb,windows,overflow,10788.rb,rb
10789,overflow\10789.py,windows,overflow,10789.py,py
10790,overflow\10790.py,windows,overflow,10790.py,py
10791,overflow\10791.c,windows,overflow,10791.c,c
10792,overflow\10792.pl,windows,overflow,10792.pl,pl
10793,overflow\10793.php,windows,overflow,10793.php,php
10794,overflow\10794.py,windows,overflow,10794.py,py
10795,overflow\10795.py,windows,overflow,10795.py,py
10796,overflow\10796.rb,windows,overflow,10796.rb,rb
10797,overflow\10797.rb,windows,overflow,10797.rb,rb
10798,overflow\10798.py,windows,overflow,10798.py,py
10799,overflow\10799.py,windows,overflow,10799.py,py
10800,overflow\10800.rb,windows,overflow,10800.rb,rb
10801,overflow\10801.c,windows,overflow,10801.c,c
10802,overflow\10802.rb,windows,overflow,10802.rb,rb
10803,file path\10803.rb,windows,file path,10803.rb,rb
10804,overflow\10804.py,windows,overflow,10804.py,py
10805,overflow\10805.pl,windows,overflow,10805.pl,pl
10806,overflow\10806.pl,windows,overflow,10806.pl,pl
10807,overflow\10807.py,windows,overflow,10807.py,py
10808,overflow\10808.c,windows,overflow,10808.c,c
10809,overflow\10809.pl,windows,overflow,10809.pl,pl
10810,overflow\10810.pl,windows,overflow,10810.pl,pl
10811,overflow\10811.pl,windows,overflow,10811.pl,pl
10812,overflow\10812.pl,windows,overflow,10812.pl,pl
10813,overflow\10813.py,windows,overflow,10813.py,py
10814,overflow\10814.pl,windows,overflow,10814.pl,pl
10815,overflow\10815.rb,windows,overflow,10815.rb,rb
10816,overflow\10816.rb,windows,overflow,10816.rb,rb
10817,overflow\10817.py,windows,overflow,10817.py,py
10818,overflow\10818.php,windows,overflow,10818.php,php
10819,overflow\10819.c,windows,overflow,10819.c,c
10820,overflow\10820.py,windows,overflow,10820.py,py
10821,overflow\10821.py,windows,overflow,10821.py,py
10822,overflow\10822.py,windows,overflow,10822.py,py
10823,overflow\10823.py,windows,overflow,10823.py,py
10824,overflow\10824.rb,windows,overflow,10824.rb,rb
10825,overflow\10825.pl,windows,overflow,10825.pl,pl
10826,overflow\10826.rb,windows,overflow,10826.rb,rb
10827,overflow\10827.py,windows,overflow,10827.py,py
10828,overflow\10828.py,windows,overflow,10828.py,py
10829,overflow\10829.py,windows,overflow,10829.py,py
10830,overflow\10830.pl,windows,overflow,10830.pl,pl
10831,overflow\10831.c,windows,overflow,10831.c,c
10832,overflow\10832.py,windows,overflow,10832.py,py
10833,overflow\10833.py,windows,overflow,10833.py,py
10834,overflow\10834.py,windows,overflow,10834.py,py
10835,denial of service\10835.py,windows,denial of service,10835.py,py
10836,denial of service\10836.py,windows,denial of service,10836.py,py
10837,overflow\10837.py,windows,overflow,10837.py,py
10838,overflow\10838.py,windows,overflow,10838.py,py
10839,overflow\10839.py,windows,overflow,10839.py,py
10840,overflow\10840.py,windows,overflow,10840.py,py
10841,overflow\10841.py,windows,overflow,10841.py,py
10842,overflow\10842.py,windows,overflow,10842.py,py
10843,overflow\10843.pl,windows,overflow,10843.pl,pl
10844,overflow\10844.pl,windows,overflow,10844.pl,pl
10845,overflow\10845.pl,windows,overflow,10845.pl,pl
10846,overflow\10846.pl,windows,overflow,10846.pl,pl
10847,overflow\10847.py,windows,overflow,10847.py,py
10848,overflow\10848.pl,windows,overflow,10848.pl,pl
10849,overflow\10849.pl,windows,overflow,10849.pl,pl
10850,overflow\10850.py,windows,overflow,10850.py,py
10851,overflow\10851.py,windows,overflow,10851.py,py
10852,overflow\10852.py,windows,overflow,10852.py,py
10853,overflow\10853.py,windows,overflow,10853.py,py
10854,overflow\10854.py,windows,overflow,10854.py,py
10855,overflow\10855.rb,windows,overflow,10855.rb,rb
10856,overflow\10856.rb,windows,overflow,10856.rb,rb
10857,overflow\10857.py,windows,overflow,10857.py,py
10858,overflow\10858.pl,windows,overflow,10858.pl,pl
10859,overflow\10859.py,windows,overflow,10859.py,py
10860,overflow\10860.pl,windows,overflow,10860.pl,pl
10861,overflow\10861.py,windows,overflow,10861.py,py
10862,overflow\10862.c,windows,overflow,10862.c,c
10863,overflow\10863.rb,windows,overflow,10863.rb,rb
10864,overflow\10864.c,windows,overflow,10864.c,c
10865,overflow\10865.php,windows,overflow,10865.php,php
10866,overflow\10866.rb,windows,overflow,10866.rb,rb
10867,overflow\10867.pl,windows,overflow,10867.pl,pl
10868,overflow\10868.rb,windows,overflow,10868.rb,rb
10869,overflow\10869.py,windows,overflow,10869.py,py
10870,overflow\10870.pl,windows,overflow,10870.pl,pl
10871,denial of service\10871.py,windows,denial of service,10871.py,py
10872,overflow\10872.rb,windows,overflow,10872.rb,rb
10873,overflow\10873.py,windows,overflow,10873.py,py
10874,overflow\10874.rb,windows,overflow,10874.rb,rb
10875,overflow\10875.pl,windows,overflow,10875.pl,pl
10876,overflow\10876.py,windows,overflow,10876.py,py
10877,overflow\10877.rb,windows,overflow,10877.rb,rb
10878,overflow\10878.py,windows,overflow,10878.py,py
10879,overflow\10879.py,windows,overflow,10879.py,py
10880,overflow\10880.py,windows,overflow,10880.py,py
10881,overflow\10881.py,windows,overflow,10881.py,py
10882,overflow\10882.c,windows,overflow,10882.c,c
10883,overflow\10883.c,windows,overflow,10883.c,c
10884,overflow\10884.py,windows,overflow,10884.py,py
10885,overflow\10885.pl,windows,overflow,10885.pl,pl
10886,overflow\10886.pl,windows,overflow,10886.pl,pl
10887,overflow\10887.pl,windows,overflow,10887.pl,pl
10888,overflow\10888.pl,windows,overflow,10888.pl,pl
10889,overflow\10889.py,windows,overflow,10889.py,py
10890,overflow\10890.py,windows,overflow,10890.py,py
10891,overflow\10891.pl,windows,overflow,10891.pl,pl
10892,overflow\10892.pl,windows,overflow,10892.pl,pl
10893,overflow\10893.rb,windows,overflow,10893.rb,rb
10894,overflow\10894.py,windows,overflow,10894.py,py
10895,overflow\10895.py,windows,overflow,10895.py,py
10896,overflow\10896.rb,windows,overflow,10896.rb,rb
10897,overflow\10897.rb,windows,overflow,10897.rb,rb
10898,overflow\10898.py,windows,overflow,10898.py,py
10899,overflow\10899.py,windows,overflow,10899.py,py
10900,overflow\10900.py,windows,overflow,10900.py,py
10901,overflow\10901.py,windows,overflow,10901.py,py
10902,overflow\10902.py,windows,overflow,10902.py,py
10903,overflow\10903.py,windows,overflow,10903.py,py
10904,overflow\10904.py,windows,overflow,10904.py,py
10905,overflow\10905.py,windows,overflow,10905.py,py
10906,overflow\10906.py,windows,overflow,10906.py,py
10907,overflow\10907.py,windows,overflow,10907.py,py
10908,overflow\10908.py,windows,overflow,10908.py,py
10909,overflow\10909.py,windows,overflow,10909.py,py
10910,overflow\10910.py,windows,overflow,10910.py,py
10911,overflow\10911.rb,windows,overflow,10911.rb,rb
10912,overflow\10912.rb,windows,overflow,10912.rb,rb
10913,overflow\10913.rb,windows,overflow,10913.rb,rb
10914,overflow\10914.rb,windows,overflow,10914.rb,rb
10915,overflow\10915.py,windows,overflow,10915.py,py
10916,overflow\10916.py,windows,overflow,10916.py,py
10917,overflow\10917.py,windows,overflow,10917.py,py
10918,overflow\10918.c,windows,overflow,10918.c,c
10919,overflow\10919.py,windows,overflow,10919.py,py
10920,overflow\10920.py,windows,overflow,10920.py,py
10921,overflow\10921.py,windows,overflow,10921.py,py
10922,overflow\10922.c,windows,overflow,10922.c,c
10923,overflow\10923.py,windows,overflow,10923.py,py
10924,overflow\10924.py,windows,overflow,10924.py,py
10925,overflow\10925.py,windows,overflow,10925.py,py
10926,overflow\10926.py,windows,overflow,10926.py,py
10927,overflow\10927.py,windows,overflow,10927.py,py
10928,overflow\10928.py,windows,overflow,10928.py,py
10929,overflow\10929.py,windows,overflow,10929.py,py
10930,overflow\10930.py,windows,overflow,10930.py,py
10931,overflow\10931.rb,windows,overflow,10931.rb,rb
10932,overflow\10932.rb,windows,overflow,10932.rb,rb
10933,overflow\10933.py,windows,overflow,10933.py,py
10934,overflow\10934.php,windows,overflow,10934.php,php
10935,overflow\10935.pl,windows,overflow,10935.pl,pl
10936,overflow\10936.py,windows,overflow,10936.py,py
10937,overflow\10937.html,windows,overflow,10937.html,html
10938,overflow\10938.py,windows,overflow,10938.py,py
10939,overflow\10939.py,windows,overflow,10939.py,py
10940,overflow\10940.rb,windows,overflow,10940.rb,rb
10941,overflow\10941.pl,windows,overflow,10941.pl,pl
10942,overflow\10942.py,windows,overflow,10942.py,py
10943,overflow\10943.py,windows,overflow,10943.py,py
10944,overflow\10944.py,windows,overflow,10944.py,py
10945,overflow\10945.py,windows,overflow,10945.py,py
10946,overflow\10946.py,windows,overflow,10946.py,py
10947,overflow\10947.py,windows,overflow,10947.py,py
10948,overflow\10948.py,windows,overflow,10948.py,py
10949,overflow\10949.py,windows,overflow,10949.py,py
10950,overflow\10950.py,windows,overflow,10950.py,py
10951,overflow\10951.py,windows,overflow,10951.py,py
10952,overflow\10952.py,windows,overflow,10952.py,py
10953,overflow\10953.py,windows,overflow,10953.py,py
10954,overflow\10954.py,windows,overflow,10954.py,py
10955,overflow\10955.rb,windows,overflow,10955.rb,rb
10956,overflow\10956.c,windows,overflow,10956.c,c
10957,overflow\10957.pl,windows,overflow,10957.pl,pl
10958,overflow\10958.pl,windows,overflow,10958.pl,pl
10959,overflow\10959.py,windows,overflow,10959.py,py
10960,overflow\10960.pl,windows,overflow,10960.pl,pl
10961,overflow\10961.py,windows,overflow,10961.py,py
10962,overflow\10962.pl,windows,overflow,10962.pl,pl
10963,overflow\10963.py,windows,overflow,10963.py,py
10964,overflow\10964.py,windows,overflow,10964.py,py
10965,overflow\10965.py,windows,overflow,10965.py,py
10966,overflow\10966.py,windows,overflow,10966.py,py
10967,overflow\10967.php,windows,overflow,10967.php,php
10968,overflow\10968.pl,windows,overflow,10968.pl,pl
10969,overflow\10969.py,windows,overflow,10969.py,py
10970,overflow\10970.pl,windows,overflow,10970.pl,pl
10971,overflow\10971.pl,windows,overflow,10971.pl,pl
10972,overflow\10972.rb,windows,overflow,10972.rb,rb
10973,overflow\10973.rb,windows,overflow,10973.rb,rb
10974,overflow\10974.rb,windows,overflow,10974.rb,rb
10975,overflow\10975.py,windows,overflow,10975.py,py
10976,overflow\10976.c,windows,overflow,10976.c,c
10977,overflow\10977.pl,windows,overflow,10977.pl,pl
10978,overflow\10978.pl,windows,overflow,10978.pl,pl
10979,overflow\10979.pl,windows,overflow,10979.pl,pl
10980,file path\10980.py,windows,file path,10980.py,py
10981,overflow\10981.rb,windows,overflow,10981.rb,rb
10982,overflow\10982.rb,windows,overflow,10982.rb,rb
10983,overflow\10983.py,windows,overflow,10983.py,py
10984,overflow\10984.py,windows,overflow,10984.py,py
10985,overflow\10985.py,windows,overflow,10985.py,py
10986,overflow\10986.py,windows,overflow,10986.py,py
10987,overflow\10987.py,windows,overflow,10987.py,py
10988,overflow\10988.py,windows,overflow,10988.py,py
10989,overflow\10989.rb,windows,overflow,10989.rb,rb
10990,overflow\10990.rb,windows,overflow,10990.rb,rb
10991,overflow\10991.pl,windows,overflow,10991.pl,pl
10992,overflow\10992.rb,windows,overflow,10992.rb,rb
10993,overflow\10993.c,windows,overflow,10993.c,c
10994,overflow\10994.py,windows,overflow,10994.py,py
10995,overflow\10995.rb,windows,overflow,10995.rb,rb
10996,overflow\10996.rb,windows,overflow,10996.rb,rb
10997,overflow\10997.c,windows,overflow,10997.c,c
10998,overflow\10998.py,windows,overflow,10998.py,py
10999,overflow\10999.py,windows,overflow,10999.py,py
11000,overflow\11000.rb,windows,overflow,11000.rb,rb
11001,overflow\11001.pl,windows,overflow,11001.pl,pl
11002,overflow\11002.rb,windows,overflow,11002.rb,rb
11003,overflow\11003.py,windows,overflow,11003.py,py
11004,overflow\11004.py,windows,overflow,11004.py,py
11005,overflow\11005.py,windows,overflow,11005.py,py
11006,overflow\11006.pl,windows,overflow,11006.pl,pl
11007,overflow\11007.pl,windows,overflow,11007.pl,pl
11008,overflow\11008.rb,windows,overflow,11008.rb,rb
11009,overflow\11009.pl,windows,overflow,11009.pl,pl
11010,overflow\11010.rb,windows,overflow,11010.rb,rb
11011,overflow\11011.rb,windows,overflow,11011.rb,rb
11012,overflow\11012.py,windows,overflow,11012.py,py
11013,overflow\11013.php,windows,overflow,11013.php,php
11014,overflow\11014.py,windows,overflow,11014.py,py
11015,overflow\11015.pl,windows,overflow,11015.pl,pl
11016,overflow\11016.rb,windows,overflow,11016.rb,rb
11017,overflow\11017.py,windows,overflow,11017.py,py
11018,overflow\11018.py,windows,overflow,11018.py,py
11019,overflow\11019.py,windows,overflow,11019.py,py
11020,overflow\11020.py,windows,overflow,11020.py,py
11021,overflow\11021.py,windows,overflow,11021.py,py
11022,overflow\11022.rb,windows,overflow,11022.rb,rb
11023,overflow\11023.py,windows,overflow,11023.py,py
11024,overflow\11024.py,windows,overflow,11024.py,py
11025,overflow\11025.c,windows,overflow,11025.c,c
11026,overflow\11026.py,windows,overflow,11026.py,py
11027,overflow\11027.py,windows,overflow,11027.py,py
11028,overflow\11028.py,windows,overflow,11028.py,py
11029,overflow\11029.py,windows,overflow,11029.py,py
11030,overflow\11030.py,windows,overflow,11030.py,py
11031,overflow\11031.py,windows,overflow,11031.py,py
11032,overflow\11032.py,windows,overflow,11032.py,py
11033,overflow\11033.py,windows,overflow,11033.py,py
11034,overflow\11034.py,windows,overflow,11034.py,py
11035,overflow\11035.py,windows,overflow,11035.py,py
11036,overflow\11036.py,windows,overflow,11036.py,py
11037,overflow\11037.c,windows,overflow,11037.c,c
11038,overflow\11038.py,windows,overflow,11038.py,py
11039,overflow\11039.py,windows,overflow,11039.py,py
11040,overflow\11040.pl,windows,overflow,11040.pl,pl
11041,overflow\11041.rb,windows,overflow,11041.rb,rb
11042,overflow\11042.rb,windows,overflow,11042.rb,rb
11043,overflow\11043.py,windows,overflow,11043.py,py
11044,denial of service\11044.py,windows,denial of service,11044.py,py
11045,denial of service\11045.py,windows,denial of service,11045.py,py
11046,denial of service\11046.py,windows,denial of service,11046.py,py
11047,overflow\11047.html,windows,overflow,11047.html,html
11048,overflow\11048.c,windows,overflow,11048.c,c
11049,overflow\11049.rb,windows,overflow,11049.rb,rb
11050,overflow\11050.py,windows,overflow,11050.py,py
11051,overflow\11051.py,windows,overflow,11051.py,py
11052,overflow\11052.py,windows,overflow,11052.py,py
11053,overflow\11053.py,windows,overflow,11053.py,py
11054,overflow\11054.c,windows,overflow,11054.c,c
11055,overflow\11055.c,windows,overflow,11055.c,c
11056,overflow\11056.py,windows,overflow,11056.py,py
11057,overflow\11057.pl,windows,overflow,11057.pl,pl
11058,overflow\11058.py,windows,overflow,11058.py,py
11059,overflow\11059.pl,windows,overflow,11059.pl,pl
11060,overflow\11060.pl,windows,overflow,11060.pl,pl
11061,overflow\11061.py,windows,overflow,11061.py,py
11062,overflow\11062.rb,windows,overflow,11062.rb,rb
11063,overflow\11063.py,windows,overflow,11063.py,py
11064,overflow\11064.py,windows,overflow,11064.py,py
11065,overflow\11065.pl,windows,overflow,11065.pl,pl
11066,overflow\11066.rb,windows,overflow,11066.rb,rb
11067,overflow\11067.pl,windows,overflow,11067.pl,pl
11068,overflow\11068.pl,windows,overflow,11068.pl,pl
11069,overflow\11069.rb,windows,overflow,11069.rb,rb
11070,overflow\11070.py,windows,overflow,11070.py,py
11071,overflow\11071.py,windows,overflow,11071.py,py
11072,overflow\11072.py,windows,overflow,11072.py,py
11073,overflow\11073.py,windows,overflow,11073.py,py
11074,overflow\11074.rb,windows,overflow,11074.rb,rb
11075,overflow\11075.rb,windows,overflow,11075.rb,rb
11076,overflow\11076.pl,windows,overflow,11076.pl,pl
11077,overflow\11077.py,windows,overflow,11077.py,py
11078,overflow\11078.py,windows,overflow,11078.py,py
11079,overflow\11079.pl,windows,overflow,11079.pl,pl
11080,overflow\11080.py,windows,overflow,11080.py,py
11081,overflow\11081.rb,windows,overflow,11081.rb,rb
11082,overflow\11082.py,windows,overflow,11082.py,py
11083,overflow\11083.rb,windows,overflow,11083.rb,rb
11084,overflow\11084.py,windows,overflow,11084.py,py
11085,overflow\11085.pl,windows,overflow,11085.pl,pl
11086,overflow\11086.py,windows,overflow,11086.py,py
11087,overflow\11087.rb,windows,overflow,11087.rb,rb
11088,overflow\11088.rb,windows,overflow,11088.rb,rb
11089,overflow\11089.py,windows,overflow,11089.py,py
11090,overflow\11090.pl,windows,overflow,11090.pl,pl
11091,overflow\11091.pl,windows,overflow,11091.pl,pl
11092,overflow\11092.py,windows,overflow,11092.py,py
11093,overflow\11093.pl,windows,overflow,11093.pl,pl
11094,overflow\11094.rb,windows,overflow,11094.rb,rb
11095,overflow\11095.py,windows,overflow,11095.py,py
11096,overflow\11096.py,windows,overflow,11096.py,py
11097,overflow\11097.py,windows,overflow,11097.py,py
11098,overflow\11098.py,windows,overflow,11098.py,py
11099,overflow\11099.py,windows,overflow,11099.py,py
11100,overflow\11100.rb,windows,overflow,11100.rb,rb
11101,overflow\11101.py,windows,overflow,11101.py,py
11102,overflow\11102.py,windows,overflow,11102.py,py
11103,overflow\11103.pl,windows,overflow,11103.pl,pl
11104,overflow\11104.py,windows,overflow,11104.py,py
11105,overflow\11105.py,windows,overflow,11105.py,py
11106,overflow\11106.pl,windows,overflow,11106.pl,pl
11107,overflow\11107.pl,windows,overflow,11107.pl,pl
11108,overflow\11108.c,windows,overflow,11108.c,c
11109,overflow\11109.py,windows,overflow,11109.py,py
11110,overflow\11110.py,windows,overflow,11110.py,py
11111,overflow\11111.pl,windows,overflow,11111.pl,pl
11112,overflow\11112.py,windows,overflow,11112.py,py
11113,overflow\11113.html,windows,overflow,11113.html,html
11114,overflow\11114.c,windows,overflow,11114.c,c
11115,overflow\11115.c,windows,overflow,11115.c,c
11116,overflow\11116.c,windows,overflow,11116.c,c
11117,overflow\11117.c,windows,overflow,11117.c,c
11118,overflow\11118.c,windows,overflow,11118.c,c
11119,overflow\11119.py,windows,overflow,11119.py,py
11120,overflow\11120.py,windows,overflow,11120.py,py
11121,overflow\11121.rb,windows,overflow,11121.rb,rb
11122,overflow\11122.c,windows,overflow,11122.c,c
11123,overflow\11123.rb,windows,overflow,11123.rb,rb
11124,overflow\11124.py,windows,overflow,11124.py,py
11125,overflow\11125.pl,windows,overflow,11125.pl,pl
11126,overflow\11126.c,windows,overflow,11126.c,c
11127,overflow\11127.pl,windows,overflow,11127.pl,pl
11128,overflow\11128.py,windows,overflow,11128.py,py
11129,overflow\11129.pl,windows,overflow,11129.pl,pl
11130,overflow\11130.pl,windows,overflow,11130.pl,pl
11131,overflow\11131.pl,windows,overflow,11131.pl,pl
11132,overflow\11132.py,windows,overflow,11132.py,py
11133,overflow\11133.py,windows,overflow,11133.py,py
11134,overflow\11134.py,windows,overflow,11134.py,py
11135,overflow\11135.py,windows,overflow,11135.py,py
11136,overflow\11136.py,windows,overflow,11136.py,py
11137,overflow\11137.py,windows,overflow,11137.py,py
11138,overflow\11138.py,windows,overflow,11138.py,py
11139,overflow\11139.py,windows,overflow,11139.py,py
11140,overflow\11140.py,windows,overflow,11140.py,py
11141,overflow\11141.c,windows,overflow,11141.c,c
11142,overflow\11142.py,windows,overflow,11142.py,py
11143,overflow\11143.py,windows,overflow,11143.py,py
11144,injection\11144.py,windows,injection,11144.py,py
11145,overflow\11145.py,windows,overflow,11145.py,py
11146,overflow\11146.py,windows,overflow,11146.py,py
11147,overflow\11147.py,windows,overflow,11147.py,py
11148,overflow\11148.py,windows,overflow,11148.py,py
11149,overflow\11149.py,windows,overflow,11149.py,py
11150,overflow\11150.py,windows,overflow,11150.py,py
11151,overflow\11151.py,windows,overflow,11151.py,py
11152,overflow\11152.py,windows,overflow,11152.py,py
11153,overflow\11153.py,windows,overflow,11153.py,py
11154,overflow\11154.py,windows,overflow,11154.py,py
11155,overflow\11155.rb,windows,overflow,11155.rb,rb
11156,overflow\11156.py,windows,overflow,11156.py,py
11157,overflow\11157.py,windows,overflow,11157.py,py
11158,overflow\11158.pl,windows,overflow,11158.pl,pl
11159,overflow\11159.c,windows,overflow,11159.c,c
11160,overflow\11160.py,windows,overflow,11160.py,py
11161,overflow\11161.c,windows,overflow,11161.c,c
11162,overflow\11162.pl,windows,overflow,11162.pl,pl
11163,overflow\11163.pl,windows,overflow,11163.pl,pl
11164,overflow\11164.py,windows,overflow,11164.py,py
11165,overflow\11165.py,windows,overflow,11165.py,py
11166,overflow\11166.pl,windows,overflow,11166.pl,pl
11167,overflow\11167.c,windows,overflow,11167.c,c
11168,overflow\11168.rb,windows,overflow,11168.rb,rb
11169,overflow\11169.rb,windows,overflow,11169.rb,rb
11170,overflow\11170.py,windows,overflow,11170.py,py
11171,overflow\11171.py,windows,overflow,11171.py,py
11172,overflow\11172.rb,windows,overflow,11172.rb,rb
11173,overflow\11173.rb,windows,overflow,11173.rb,rb
11174,overflow\11174.pl,windows,overflow,11174.pl,pl
11175,overflow\11175.py,windows,overflow,11175.py,py
11176,overflow\11176.c,windows,overflow,11176.c,c
11177,overflow\11177.py,windows,overflow,11177.py,py
11178,overflow\11178.pl,windows,overflow,11178.pl,pl
11179,overflow\11179.pl,windows,overflow,11179.pl,pl
11180,overflow\11180.rb,windows,overflow,11180.rb,rb
11181,overflow\11181.pl,windows,overflow,11181.pl,pl
11182,overflow\11182.pl,windows,overflow,11182.pl,pl
11183,overflow\11183.c,windows,overflow,11183.c,c
11184,overflow\11184.py,windows,overflow,11184.py,py
11185,overflow\11185.pl,windows,overflow,11185.pl,pl
11186,overflow\11186.pl,windows,overflow,11186.pl,pl
11187,overflow\11187.py,windows,overflow,11187.py,py
11188,overflow\11188.py,windows,overflow,11188.py,py
11189,overflow\11189.py,windows,overflow,11189.py,py
11190,overflow\11190.py,windows,overflow,11190.py,py
11191,overflow\11191.py,windows,overflow,11191.py,py
11192,overflow\11192.py,windows,overflow,11192.py,py
11193,overflow\11193.py,windows,overflow,11193.py,py
11194,overflow\11194.py,windows,overflow,11194.py,py
11195,overflow\11195.py,windows,overflow,11195.py,py
11196,overflow\11196.py,windows,overflow,11196.py,py
11197,overflow\11197.py,windows,overflow,11197.py,py
11198,overflow\11198.py,windows,overflow,11198.py,py
11199,overflow\11199.rb,windows,overflow,11199.rb,rb
11200,overflow\11200.rb,windows,overflow,11200.rb,rb
11201,overflow\11201.rb,windows,overflow,11201.rb,rb
11202,overflow\11202.py,windows,overflow,11202.py,py
11203,overflow\11203.rb,windows,overflow,11203.rb,rb
11204,overflow\11204.py,windows,overflow,11204.py,py
11205,overflow\11205.pl,windows,overflow,11205.pl,pl
11206,overflow\11206.pl,windows,overflow,11206.pl,pl
11207,overflow\11207.pl,windows,overflow,11207.pl,pl
11208,overflow\11208.rb,windows,overflow,11208.rb,rb
11209,overflow\11209.py,windows,overflow,11209.py,py
11210,overflow\11210.c,windows,overflow,11210.c,c
11211,overflow\11211.c,windows,overflow,11211.c,c
11212,overflow\11212.rb,windows,overflow,11212.rb,rb
11213,overflow\11213.rb,windows,overflow,11213.rb,rb
11214,overflow\11214.rb,windows,overflow,11214.rb,rb
11215,overflow\11215.py,windows,overflow,11215.py,py
11216,overflow\11216.pl,windows,overflow,11216.pl,pl
11217,overflow\11217.c,windows,overflow,11217.c,c
11218,overflow\11218.c,windows,overflow,11218.c,c
11219,overflow\11219.c,windows,overflow,11219.c,c
11220,overflow\11220.c,windows,overflow,11220.c,c
11221,overflow\11221.rb,windows,overflow,11221.rb,rb
11222,overflow\11222.c,windows,overflow,11222.c,c
11223,overflow\11223.c,windows,overflow,11223.c,c
11224,overflow\11224.c,windows,overflow,11224.c,c
11225,overflow\11225.py,windows,overflow,11225.py,py
11226,overflow\11226.rb,windows,overflow,11226.rb,rb
11227,overflow\11227.py,windows,overflow,11227.py,py
11228,overflow\11228.py,windows,overflow,11228.py,py
11229,overflow\11229.c,windows,overflow,11229.c,c
11230,overflow\11230.c,windows,overflow,11230.c,c
11231,overflow\11231.c,windows,overflow,11231.c,c
11232,overflow\11232.c,windows,overflow,11232.c,c
11233,overflow\11233.c,windows,overflow,11233.c,c
11234,overflow\11234.rb,windows,overflow,11234.rb,rb
11235,overflow\11235.c,windows,overflow,11235.c,c
11236,overflow\11236.pl,windows,overflow,11236.pl,pl
11237,overflow\11237.c,windows,overflow,11237.c,c
11238,overflow\11238.c,windows,overflow,11238.c,c
11239,overflow\11239.c,windows,overflow,11239.c,c
11240,overflow\11240.c,windows,overflow,11240.c,c
11241,overflow\11241.c,windows,overflow,11241.c,c
11242,overflow\11242.c,windows,overflow,11242.c,c
11243,overflow\11243.c,windows,overflow,11243.c,c
11244,overflow\11244.rb,windows,overflow,11244.rb,rb
11245,overflow\11245.py,windows,overflow,11245.py,py
11246,overflow\11246.pl,windows,overflow,11246.pl,pl
11247,overflow\11247.rb,windows,overflow,11247.rb,rb
11248,overflow\11248.pl,windows,overflow,11248.pl,pl
11249,overflow\11249.py,windows,overflow,11249.py,py
11250,overflow\11250.pl,windows,overflow,11250.pl,pl
11251,overflow\11251.pl,windows,overflow,11251.pl,pl
11252,overflow\11252.rb,windows,overflow,11252.rb,rb
11253,overflow\11253.rb,windows,overflow,11253.rb,rb
11254,overflow\11254.py,windows,overflow,11254.py,py
11255,overflow\11255.rb,windows,overflow,11255.rb,rb
11256,overflow\11256.pl,windows,overflow,11256.pl,pl
11257,overflow\11257.pl,windows,overflow,11257.pl,pl
11258,overflow\11258.py,windows,overflow,11258.py,py
11259,overflow\11259.py,windows,overflow,11259.py,py
11260,overflow\11260.pl,windows,overflow,11260.pl,pl
11261,overflow\11261.pl,windows,overflow,11261.pl,pl
11262,overflow\11262.py,windows,overflow,11262.py,py
11263,overflow\11263.pl,windows,overflow,11263.pl,pl
11264,overflow\11264.pl,windows,overflow,11264.pl,pl
11265,overflow\11265.py,windows,overflow,11265.py,py
11266,overflow\11266.c,windows,overflow,11266.c,c
11267,overflow\11267.pl,windows,overflow,11267.pl,pl
11268,overflow\11268.rb,windows,overflow,11268.rb,rb
11269,overflow\11269.c,windows,overflow,11269.c,c
11270,overflow\11270.pl,windows,overflow,11270.pl,pl
11271,overflow\11271.pl,windows,overflow,11271.pl,pl
11272,overflow\11272.pl,windows,overflow,11272.pl,pl
11273,overflow\11273.pl,windows,overflow,11273.pl,pl
11274,overflow\11274.pl,windows,overflow,11274.pl,pl
11275,overflow\11275.rb,windows,overflow,11275.rb,rb
11276,overflow\11276.rb,windows,overflow,11276.rb,rb
11277,overflow\11277.py,windows,overflow,11277.py,py
11278,overflow\11278.py,windows,overflow,11278.py,py
11279,overflow\11279.py,windows,overflow,11279.py,py
11280,overflow\11280.py,windows,overflow,11280.py,py
11281,overflow\11281.py,windows,overflow,11281.py,py
11282,overflow\11282.rb,windows,overflow,11282.rb,rb
11283,overflow\11283.rb,windows,overflow,11283.rb,rb
11284,overflow\11284.rb,windows,overflow,11284.rb,rb
11285,overflow\11285.pl,windows,overflow,11285.pl,pl
11286,overflow\11286.pl,windows,overflow,11286.pl,pl
11287,overflow\11287.py,windows,overflow,11287.py,py
11288,overflow\11288.py,windows,overflow,11288.py,py
11289,overflow\11289.pl,windows,overflow,11289.pl,pl
11290,overflow\11290.pl,windows,overflow,11290.pl,pl
11291,overflow\11291.rb,windows,overflow,11291.rb,rb
11292,overflow\11292.pl,windows,overflow,11292.pl,pl
11293,overflow\11293.rb,windows,overflow,11293.rb,rb
11294,overflow\11294.py,windows,overflow,11294.py,py
11295,overflow\11295.py,windows,overflow,11295.py,py
11296,overflow\11296.c,windows,overflow,11296.c,c
11297,overflow\11297.pl,windows,overflow,11297.pl,pl
11298,overflow\11298.pl,windows,overflow,11298.pl,pl
11299,overflow\11299.pl,windows,overflow,11299.pl,pl
11300,overflow\11300.py,windows,overflow,11300.py,py
11301,overflow\11301.pl,windows,overflow,11301.pl,pl
11302,overflow\11302.rb,windows,overflow,11302.rb,rb
11303,overflow\11303.rb,windows,overflow,11303.rb,rb
11304,overflow\11304.pl,windows,overflow,11304.pl,pl
11305,overflow\11305.pl,windows,overflow,11305.pl,pl
11306,overflow\11306.py,windows,overflow,11306.py,py
11307,overflow\11307.pl,windows,overflow,11307.pl,pl
11308,overflow\11308.pl,windows,overflow,11308.pl,pl
11309,overflow\11309.rb,windows,overflow,11309.rb,rb
11310,overflow\11310.rb,windows,overflow,11310.rb,rb
11311,overflow\11311.pl,windows,overflow,11311.pl,pl
11312,overflow\11312.pl,windows,overflow,11312.pl,pl
11313,overflow\11313.py,windows,overflow,11313.py,py
11314,overflow\11314.py,windows,overflow,11314.py,py
11315,overflow\11315.py,windows,overflow,11315.py,py
11316,overflow\11316.pl,windows,overflow,11316.pl,pl
11317,overflow\11317.py,windows,overflow,11317.py,py
11318,overflow\11318.py,windows,overflow,11318.py,py
11319,overflow\11319.pl,windows,overflow,11319.pl,pl
11320,overflow\11320.py,windows,overflow,11320.py,py
11321,overflow\11321.py,windows,overflow,11321.py,py
11322,overflow\11322.py,windows,overflow,11322.py,py
11323,overflow\11323.py,windows,overflow,11323.py,py
11324,overflow\11324.py,windows,overflow,11324.py,py
11325,overflow\11325.py,windows,overflow,11325.py,py
11326,overflow\11326.pl,windows,overflow,11326.pl,pl
11327,overflow\11327.py,windows,overflow,11327.py,py
11328,overflow\11328.py,windows,overflow,11328.py,py
11329,overflow\11329.py,windows,overflow,11329.py,py
11330,overflow\11330.py,windows,overflow,11330.py,py
11331,overflow\11331.rb,windows,overflow,11331.rb,rb
11332,overflow\11332.c,windows,overflow,11332.c,c
11333,overflow\11333.c,windows,overflow,11333.c,c
11334,overflow\11334.pl,windows,overflow,11334.pl,pl
11335,overflow\11335.py,windows,overflow,11335.py,py
11336,overflow\11336.py,windows,overflow,11336.py,py
11337,overflow\11337.py,windows,overflow,11337.py,py
11338,overflow\11338.py,windows,overflow,11338.py,py
11339,overflow\11339.py,windows,overflow,11339.py,py
11340,overflow\11340.py,windows,overflow,11340.py,py
11341,overflow\11341.py,windows,overflow,11341.py,py
11342,overflow\11342.rb,windows,overflow,11342.rb,rb
11343,overflow\11343.pl,windows,overflow,11343.pl,pl
11344,overflow\11344.c,windows,overflow,11344.c,c
11345,injection\11345.html,windows,injection,11345.html,html
11346,overflow\11346.py,windows,overflow,11346.py,py
11347,overflow\11347.c,windows,overflow,11347.c,c
11348,overflow\11348.rb,windows,overflow,11348.rb,rb
11349,overflow\11349.html,windows,overflow,11349.html,html
11350,overflow\11350.py,windows,overflow,11350.py,py
11351,overflow\11351.py,windows,overflow,11351.py,py
11352,overflow\11352.c,windows,overflow,11352.c,c
11353,overflow\11353.rb,windows,overflow,11353.rb,rb
11354,overflow\11354.rb,windows,overflow,11354.rb,rb
11355,overflow\11355.py,windows,overflow,11355.py,py
11356,overflow\11356.pl,windows,overflow,11356.pl,pl
11357,overflow\11357.php,windows,overflow,11357.php,php
11358,overflow\11358.pl,windows,overflow,11358.pl,pl
11359,overflow\11359.pl,windows,overflow,11359.pl,pl
11360,overflow\11360.py,windows,overflow,11360.py,py
11361,overflow\11361.py,windows,overflow,11361.py,py
11362,overflow\11362.py,windows,overflow,11362.py,py
11363,overflow\11363.c,windows,overflow,11363.c,c
11364,overflow\11364.pl,windows,overflow,11364.pl,pl
11365,overflow\11365.py,windows,overflow,11365.py,py
11366,overflow\11366.pl,windows,overflow,11366.pl,pl
11367,overflow\11367.py,windows,overflow,11367.py,py
11368,overflow\11368.rb,windows,overflow,11368.rb,rb
11369,injection\11369.php,windows,injection,11369.php,php
11370,overflow\11370.pl,windows,overflow,11370.pl,pl
11371,overflow\11371.py,windows,overflow,11371.py,py
11372,overflow\11372.pl,windows,overflow,11372.pl,pl
11373,overflow\11373.rb,windows,overflow,11373.rb,rb
11374,overflow\11374.pl,windows,overflow,11374.pl,pl
11375,overflow\11375.pl,windows,overflow,11375.pl,pl
11376,overflow\11376.c,windows,overflow,11376.c,c
11377,overflow\11377.c,windows,overflow,11377.c,c
11378,overflow\11378.c,windows,overflow,11378.c,c
11379,overflow\11379.php,windows,overflow,11379.php,php
11380,overflow\11380.php,windows,overflow,11380.php,php
11381,overflow\11381.php,windows,overflow,11381.php,php
11382,overflow\11382.php,windows,overflow,11382.php,php
11383,overflow\11383.php,windows,overflow,11383.php,php
11384,overflow\11384.php,windows,overflow,11384.php,php
11385,overflow\11385.php,windows,overflow,11385.php,php
11386,overflow\11386.php,windows,overflow,11386.php,php
11387,overflow\11387.php,windows,overflow,11387.php,php
11388,overflow\11388.php,windows,overflow,11388.php,php
11389,overflow\11389.php,windows,overflow,11389.php,php
11390,overflow\11390.php,windows,overflow,11390.php,php
11391,overflow\11391.php,windows,overflow,11391.php,php
11392,overflow\11392.php,windows,overflow,11392.php,php
11393,overflow\11393.php,windows,overflow,11393.php,php
11394,overflow\11394.pl,windows,overflow,11394.pl,pl
11395,file path\11395.php,windows,file path,11395.php,php
11396,overflow\11396.py,windows,overflow,11396.py,py
11397,overflow\11397.pl,windows,overflow,11397.pl,pl
11398,overflow\11398.py,windows,overflow,11398.py,py
11399,overflow\11399.pl,windows,overflow,11399.pl,pl
11400,overflow\11400.c,windows,overflow,11400.c,c
11401,overflow\11401.py,windows,overflow,11401.py,py
11402,overflow\11402.pl,windows,overflow,11402.pl,pl
11403,overflow\11403.pl,windows,overflow,11403.pl,pl
11404,overflow\11404.rb,windows,overflow,11404.rb,rb
11405,overflow\11405.c,windows,overflow,11405.c,c
11406,overflow\11406.py,windows,overflow,11406.py,py
11407,overflow\11407.rb,windows,overflow,11407.rb,rb
11408,overflow\11408.rb,windows,overflow,11408.rb,rb
11409,overflow\11409.py,windows,overflow,11409.py,py
11410,overflow\11410.pl,windows,overflow,11410.pl,pl
11411,overflow\11411.pl,windows,overflow,11411.pl,pl
11412,overflow\11412.py,windows,overflow,11412.py,py
11413,overflow\11413.py,windows,overflow,11413.py,py
11414,overflow\11414.py,windows,overflow,11414.py,py
11415,overflow\11415.rb,windows,overflow,11415.rb,rb
11416,overflow\11416.pl,windows,overflow,11416.pl,pl
11417,overflow\11417.rb,windows,overflow,11417.rb,rb
11418,overflow\11418.rb,windows,overflow,11418.rb,rb
11419,overflow\11419.py,windows,overflow,11419.py,py
11420,overflow\11420.py,windows,overflow,11420.py,py
11421,overflow\11421.py,windows,overflow,11421.py,py
11422,overflow\11422.py,windows,overflow,11422.py,py
11423,overflow\11423.py,windows,overflow,11423.py,py
11424,overflow\11424.py,windows,overflow,11424.py,py
11425,overflow\11425.py,windows,overflow,11425.py,py
11426,overflow\11426.pl,windows,overflow,11426.pl,pl
11427,overflow\11427.pl,windows,overflow,11427.pl,pl
11428,overflow\11428.py,windows,overflow,11428.py,py
11429,overflow\11429.py,windows,overflow,11429.py,py
11430,overflow\11430.py,windows,overflow,11430.py,py
11431,overflow\11431.py,windows,overflow,11431.py,py
11432,overflow\11432.py,windows,overflow,11432.py,py
11433,overflow\11433.py,windows,overflow,11433.py,py
11434,overflow\11434.py,windows,overflow,11434.py,py
11435,overflow\11435.rb,windows,overflow,11435.rb,rb
11436,overflow\11436.c,windows,overflow,11436.c,c
11437,overflow\11437.pl,windows,overflow,11437.pl,pl
11438,overflow\11438.pl,windows,overflow,11438.pl,pl
11439,overflow\11439.pl,windows,overflow,11439.pl,pl
11440,overflow\11440.pl,windows,overflow,11440.pl,pl
11441,overflow\11441.py,windows,overflow,11441.py,py
11442,overflow\11442.py,windows,overflow,11442.py,py
11443,overflow\11443.py,windows,overflow,11443.py,py
11444,overflow\11444.py,windows,overflow,11444.py,py
11445,overflow\11445.py,windows,overflow,11445.py,py
11446,overflow\11446.py,windows,overflow,11446.py,py
11447,overflow\11447.py,windows,overflow,11447.py,py
11448,overflow\11448.py,windows,overflow,11448.py,py
11449,overflow\11449.py,windows,overflow,11449.py,py
11450,overflow\11450.py,windows,overflow,11450.py,py
11451,overflow\11451.py,windows,overflow,11451.py,py
11452,overflow\11452.pl,windows,overflow,11452.pl,pl
11453,overflow\11453.py,windows,overflow,11453.py,py
11454,overflow\11454.pl,windows,overflow,11454.pl,pl
11455,overflow\11455.py,windows,overflow,11455.py,py
11456,overflow\11456.py,windows,overflow,11456.py,py
11457,overflow\11457.rb,windows,overflow,11457.rb,rb
11458,overflow\11458.pl,windows,overflow,11458.pl,pl
11459,overflow\11459.pl,windows,overflow,11459.pl,pl
11460,overflow\11460.py,windows,overflow,11460.py,py
11461,overflow\11461.pl,windows,overflow,11461.pl,pl
11462,overflow\11462.pl,windows,overflow,11462.pl,pl
11463,overflow\11463.py,windows,overflow,11463.py,py
11464,overflow\11464.rb,windows,overflow,11464.rb,rb
11465,overflow\11465.py,windows,overflow,11465.py,py
11466,overflow\11466.c,windows,overflow,11466.c,c
11467,overflow\11467.c,windows,overflow,11467.c,c
11468,overflow\11468.pl,windows,overflow,11468.pl,pl
11469,overflow\11469.pl,windows,overflow,11469.pl,pl
11470,overflow\11470.py,windows,overflow,11470.py,py
11471,overflow\11471.py,windows,overflow,11471.py,py
11472,overflow\11472.html,windows,overflow,11472.html,html
11473,overflow\11473.rb,windows,overflow,11473.rb,rb
11474,overflow\11474.rb,windows,overflow,11474.rb,rb
11475,overflow\11475.py,windows,overflow,11475.py,py
11476,overflow\11476.py,windows,overflow,11476.py,py
11477,overflow\11477.pl,windows,overflow,11477.pl,pl
11478,overflow\11478.py,windows,overflow,11478.py,py
11479,overflow\11479.php,windows,overflow,11479.php,php
11480,overflow\11480.rb,windows,overflow,11480.rb,rb
11481,overflow\11481.py,windows,overflow,11481.py,py
11482,overflow\11482.c,windows,overflow,11482.c,c
11483,overflow\11483.py,windows,overflow,11483.py,py
11484,overflow\11484.pl,windows,overflow,11484.pl,pl
11485,overflow\11485.py,windows,overflow,11485.py,py
11486,overflow\11486.rb,windows,overflow,11486.rb,rb
11487,overflow\11487.pl,windows,overflow,11487.pl,pl
11488,overflow\11488.py,windows,overflow,11488.py,py
11489,overflow\11489.pl,windows,overflow,11489.pl,pl
11490,overflow\11490.py,windows,overflow,11490.py,py
11491,overflow\11491.rb,windows,overflow,11491.rb,rb
11492,overflow\11492.rb,windows,overflow,11492.rb,rb
11493,overflow\11493.rb,windows,overflow,11493.rb,rb
11494,overflow\11494.rb,windows,overflow,11494.rb,rb
11495,overflow\11495.py,windows,overflow,11495.py,py
11496,overflow\11496.py,windows,overflow,11496.py,py
11497,overflow\11497.py,windows,overflow,11497.py,py
11498,overflow\11498.py,windows,overflow,11498.py,py
11499,overflow\11499.pl,windows,overflow,11499.pl,pl
11500,overflow\11500.py,windows,overflow,11500.py,py
11501,overflow\11501.py,windows,overflow,11501.py,py
11502,overflow\11502.pl,windows,overflow,11502.pl,pl
11503,overflow\11503.pl,windows,overflow,11503.pl,pl
11504,overflow\11504.py,windows,overflow,11504.py,py
11505,overflow\11505.rb,windows,overflow,11505.rb,rb
11506,overflow\11506.py,windows,overflow,11506.py,py
11507,overflow\11507.pl,windows,overflow,11507.pl,pl
11508,overflow\11508.pl,windows,overflow,11508.pl,pl
11509,overflow\11509.py,windows,overflow,11509.py,py
11510,overflow\11510.pl,windows,overflow,11510.pl,pl
11511,overflow\11511.py,windows,overflow,11511.py,py
11512,overflow\11512.py,windows,overflow,11512.py,py
11513,overflow\11513.rb,windows,overflow,11513.rb,rb
11514,overflow\11514.rb,windows,overflow,11514.rb,rb
11515,overflow\11515.rb,windows,overflow,11515.rb,rb
11516,overflow\11516.pl,windows,overflow,11516.pl,pl
11517,overflow\11517.py,windows,overflow,11517.py,py
11518,overflow\11518.py,windows,overflow,11518.py,py
11519,overflow\11519.py,windows,overflow,11519.py,py
11520,overflow\11520.rb,windows,overflow,11520.rb,rb
11521,overflow\11521.py,windows,overflow,11521.py,py
11522,overflow\11522.pl,windows,overflow,11522.pl,pl
11523,overflow\11523.c,windows,overflow,11523.c,c
11524,overflow\11524.py,windows,overflow,11524.py,py
11525,overflow\11525.py,windows,overflow,11525.py,py
11526,overflow\11526.rb,windows,overflow,11526.rb,rb
11527,overflow\11527.py,windows,overflow,11527.py,py
11528,overflow\11528.rb,windows,overflow,11528.rb,rb
11529,overflow\11529.py,windows,overflow,11529.py,py
11530,overflow\11530.py,windows,overflow,11530.py,py
11531,overflow\11531.py,windows,overflow,11531.py,py
11532,overflow\11532.py,windows,overflow,11532.py,py
11533,overflow\11533.pl,windows,overflow,11533.pl,pl
11534,overflow\11534.pl,windows,overflow,11534.pl,pl
11535,overflow\11535.rb,windows,overflow,11535.rb,rb
11536,overflow\11536.pl,windows,overflow,11536.pl,pl
11537,overflow\11537.py,windows,overflow,11537.py,py
11538,overflow\11538.py,windows,overflow,11538.py,py
11539,overflow\11539.py,windows,overflow,11539.py,py
11540,overflow\11540.py,windows,overflow,11540.py,py
11541,overflow\11541.py,windows,overflow,11541.py,py
11542,overflow\11542.rb,windows,overflow,11542.rb,rb
11543,overflow\11543.c,windows,overflow,11543.c,c
11544,overflow\11544.c,windows,overflow,11544.c,c
11545,overflow\11545.py,windows,overflow,11545.py,py
11546,overflow\11546.py,windows,overflow,11546.py,py
11547,overflow\11547.py,windows,overflow,11547.py,py
11548,overflow\11548.py,windows,overflow,11548.py,py
11549,overflow\11549.c,windows,overflow,11549.c,c
11550,overflow\11550.pl,windows,overflow,11550.pl,pl
11551,overflow\11551.rb,windows,overflow,11551.rb,rb
11552,overflow\11552.c,windows,overflow,11552.c,c
11553,overflow\11553.py,windows,overflow,11553.py,py
11554,overflow\11554.py,windows,overflow,11554.py,py
11555,overflow\11555.py,windows,overflow,11555.py,py
11556,overflow\11556.c,windows,overflow,11556.c,c
11557,overflow\11557.pl,windows,overflow,11557.pl,pl
11558,overflow\11558.rb,windows,overflow,11558.rb,rb
11559,overflow\11559.py,windows,overflow,11559.py,py
11560,overflow\11560.py,windows,overflow,11560.py,py
11561,overflow\11561.pl,windows,overflow,11561.pl,pl
11562,overflow\11562.rb,windows,overflow,11562.rb,rb
11563,overflow\11563.rb,windows,overflow,11563.rb,rb
11564,overflow\11564.py,windows,overflow,11564.py,py
11565,overflow\11565.pl,windows,overflow,11565.pl,pl
11566,overflow\11566.c,windows,overflow,11566.c,c
11567,overflow\11567.py,windows,overflow,11567.py,py
11568,overflow\11568.c,windows,overflow,11568.c,c
11569,overflow\11569.rb,windows,overflow,11569.rb,rb
11570,overflow\11570.rb,windows,overflow,11570.rb,rb
11571,overflow\11571.rb,windows,overflow,11571.rb,rb
11572,overflow\11572.c,windows,overflow,11572.c,c
11573,overflow\11573.pl,windows,overflow,11573.pl,pl
11574,overflow\11574.py,windows,overflow,11574.py,py
11575,overflow\11575.py,windows,overflow,11575.py,py
11576,overflow\11576.rb,windows,overflow,11576.rb,rb
11577,overflow\11577.py,windows,overflow,11577.py,py
11578,overflow\11578.py,windows,overflow,11578.py,py
11579,overflow\11579.py,windows,overflow,11579.py,py
11580,overflow\11580.rb,windows,overflow,11580.rb,rb
11581,overflow\11581.py,windows,overflow,11581.py,py
11582,overflow\11582.py,windows,overflow,11582.py,py
11583,overflow\11583.c,windows,overflow,11583.c,c
11584,overflow\11584.pl,windows,overflow,11584.pl,pl
11585,overflow\11585.pl,windows,overflow,11585.pl,pl
11586,overflow\11586.rb,windows,overflow,11586.rb,rb
11587,overflow\11587.rb,windows,overflow,11587.rb,rb
11588,overflow\11588.pl,windows,overflow,11588.pl,pl
11589,overflow\11589.rb,windows,overflow,11589.rb,rb
11590,overflow\11590.rb,windows,overflow,11590.rb,rb
11591,overflow\11591.py,windows,overflow,11591.py,py
11592,overflow\11592.py,windows,overflow,11592.py,py
11593,overflow\11593.html,windows,overflow,11593.html,html
11594,overflow\11594.rb,windows,overflow,11594.rb,rb
11595,overflow\11595.rb,windows,overflow,11595.rb,rb
11596,overflow\11596.c,windows,overflow,11596.c,c
11597,overflow\11597.py,windows,overflow,11597.py,py
11598,overflow\11598.py,windows,overflow,11598.py,py
11599,overflow\11599.pl,windows,overflow,11599.pl,pl
11600,overflow\11600.pl,windows,overflow,11600.pl,pl
11601,overflow\11601.py,windows,overflow,11601.py,py
11602,overflow\11602.c,windows,overflow,11602.c,c
11603,overflow\11603.py,windows,overflow,11603.py,py
11604,overflow\11604.py,windows,overflow,11604.py,py
11605,overflow\11605.py,windows,overflow,11605.py,py
11606,overflow\11606.py,windows,overflow,11606.py,py
11607,overflow\11607.py,windows,overflow,11607.py,py
11608,overflow\11608.pl,windows,overflow,11608.pl,pl
11609,overflow\11609.pl,windows,overflow,11609.pl,pl
11610,overflow\11610.py,windows,overflow,11610.py,py
11611,overflow\11611.py,windows,overflow,11611.py,py
11612,overflow\11612.py,windows,overflow,11612.py,py
11613,overflow\11613.py,windows,overflow,11613.py,py
11614,overflow\11614.py,windows,overflow,11614.py,py
11615,overflow\11615.py,windows,overflow,11615.py,py
11616,overflow\11616.py,windows,overflow,11616.py,py
11617,overflow\11617.py,windows,overflow,11617.py,py
11618,overflow\11618.py,windows,overflow,11618.py,py
11619,overflow\11619.py,windows,overflow,11619.py,py
11620,overflow\11620.py,windows,overflow,11620.py,py
11621,overflow\11621.c,windows,overflow,11621.c,c
11622,overflow\11622.rb,windows,overflow,11622.rb,rb
11623,overflow\11623.rb,windows,overflow,11623.rb,rb
11624,overflow\11624.c,windows,overflow,11624.c,c
11625,overflow\11625.py,windows,overflow,11625.py,py
11626,overflow\11626.py,windows,overflow,11626.py,py
11627,overflow\11627.py,windows,overflow,11627.py,py
11628,overflow\11628.py,windows,overflow,11628.py,py
11629,overflow\11629.pl,windows,overflow,11629.pl,pl
11630,overflow\11630.pl,windows,overflow,11630.pl,pl
11631,overflow\11631.c,windows,overflow,11631.c,c
11632,overflow\11632.py,windows,overflow,11632.py,py
11633,overflow\11633.pl,windows,overflow,11633.pl,pl
11634,overflow\11634.pl,windows,overflow,11634.pl,pl
11635,overflow\11635.py,windows,overflow,11635.py,py
11636,overflow\11636.py,windows,overflow,11636.py,py
11637,overflow\11637.py,windows,overflow,11637.py,py
11638,overflow\11638.py,windows,overflow,11638.py,py
11639,overflow\11639.pl,windows,overflow,11639.pl,pl
11640,overflow\11640.pl,windows,overflow,11640.pl,pl
11641,overflow\11641.pl,windows,overflow,11641.pl,pl
11642,overflow\11642.pl,windows,overflow,11642.pl,pl
11643,overflow\11643.py,windows,overflow,11643.py,py
11644,overflow\11644.c,windows,overflow,11644.c,c
11645,overflow\11645.c,windows,overflow,11645.c,c
11646,overflow\11646.c,windows,overflow,11646.c,c
11647,overflow\11647.py,windows,overflow,11647.py,py
11648,overflow\11648.py,windows,overflow,11648.py,py
11649,file path\11649.py,windows,file path,11649.py,py
11650,overflow\11650.c,windows,overflow,11650.c,c
11651,overflow\11651.py,windows,overflow,11651.py,py
11652,overflow\11652.rb,windows,overflow,11652.rb,rb
11653,overflow\11653.rb,windows,overflow,11653.rb,rb
11654,overflow\11654.pl,windows,overflow,11654.pl,pl
11655,overflow\11655.py,windows,overflow,11655.py,py
11656,overflow\11656.c,windows,overflow,11656.c,c
11657,overflow\11657.rb,windows,overflow,11657.rb,rb
11658,overflow\11658.pl,windows,overflow,11658.pl,pl
11659,overflow\11659.rb,windows,overflow,11659.rb,rb
11660,overflow\11660.py,windows,overflow,11660.py,py
11661,overflow\11661.py,windows,overflow,11661.py,py
11662,overflow\11662.py,windows,overflow,11662.py,py
11663,overflow\11663.pl,windows,overflow,11663.pl,pl
11664,overflow\11664.rb,windows,overflow,11664.rb,rb
11665,overflow\11665.pl,windows,overflow,11665.pl,pl
11666,overflow\11666.py,windows,overflow,11666.py,py
11667,overflow\11667.rb,windows,overflow,11667.rb,rb
11668,overflow\11668.py,windows,overflow,11668.py,py
11669,overflow\11669.py,windows,overflow,11669.py,py
11670,overflow\11670.pl,windows,overflow,11670.pl,pl
11671,overflow\11671.rb,windows,overflow,11671.rb,rb
11672,overflow\11672.pl,windows,overflow,11672.pl,pl
11673,overflow\11673.rb,windows,overflow,11673.rb,rb
11674,overflow\11674.py,windows,overflow,11674.py,py
11675,overflow\11675.py,windows,overflow,11675.py,py
11676,overflow\11676.rb,windows,overflow,11676.rb,rb
11677,overflow\11677.c,windows,overflow,11677.c,c
11678,overflow\11678.c,windows,overflow,11678.c,c
11679,overflow\11679.c,windows,overflow,11679.c,c
11680,overflow\11680.py,windows,overflow,11680.py,py
11681,overflow\11681.c,windows,overflow,11681.c,c
11682,overflow\11682.pl,windows,overflow,11682.pl,pl
11683,overflow\11683.c,windows,overflow,11683.c,c
11684,overflow\11684.py,windows,overflow,11684.py,py
11685,overflow\11685.py,windows,overflow,11685.py,py
11686,overflow\11686.rb,windows,overflow,11686.rb,rb
11687,overflow\11687.pl,windows,overflow,11687.pl,pl
11688,overflow\11688.pl,windows,overflow,11688.pl,pl
11689,overflow\11689.pl,windows,overflow,11689.pl,pl
11690,overflow\11690.c,windows,overflow,11690.c,c
11691,overflow\11691.py,windows,overflow,11691.py,py
11692,overflow\11692.rb,windows,overflow,11692.rb,rb
11693,overflow\11693.rb,windows,overflow,11693.rb,rb
11694,overflow\11694.rb,windows,overflow,11694.rb,rb
11695,overflow\11695.pl,windows,overflow,11695.pl,pl
11696,overflow\11696.c,windows,overflow,11696.c,c
11697,overflow\11697.php,windows,overflow,11697.php,php
11698,overflow\11698.py,windows,overflow,11698.py,py
11699,overflow\11699.pl,windows,overflow,11699.pl,pl
11700,overflow\11700.py,windows,overflow,11700.py,py
11701,overflow\11701.pl,windows,overflow,11701.pl,pl
11702,overflow\11702.pl,windows,overflow,11702.pl,pl
11703,overflow\11703.py,windows,overflow,11703.py,py
11704,overflow\11704.pl,windows,overflow,11704.pl,pl
11705,overflow\11705.pl,windows,overflow,11705.pl,pl
11706,overflow\11706.php,windows,overflow,11706.php,php
11707,overflow\11707.py,windows,overflow,11707.py,py
11708,overflow\11708.py,windows,overflow,11708.py,py
11709,overflow\11709.rb,windows,overflow,11709.rb,rb
11710,overflow\11710.py,windows,overflow,11710.py,py
11711,file path\11711.html,windows,file path,11711.html,html
11712,overflow\11712.c,windows,overflow,11712.c,c
11713,overflow\11713.rb,windows,overflow,11713.rb,rb
11714,overflow\11714.c,windows,overflow,11714.c,c
11715,overflow\11715.c,windows,overflow,11715.c,c
11716,overflow\11716.rb,windows,overflow,11716.rb,rb
11717,overflow\11717.rb,windows,overflow,11717.rb,rb
11718,overflow\11718.c,windows,overflow,11718.c,c
11719,overflow\11719.rb,windows,overflow,11719.rb,rb
11720,overflow\11720.rb,windows,overflow,11720.rb,rb
11721,injection\11721.py,windows,injection,11721.py,py
11722,overflow\11722.c,windows,overflow,11722.c,c
11723,overflow\11723.py,windows,overflow,11723.py,py
11724,overflow\11724.c,windows,overflow,11724.c,c
11725,overflow\11725.py,windows,overflow,11725.py,py
11726,overflow\11726.rb,windows,overflow,11726.rb,rb
11727,overflow\11727.py,windows,overflow,11727.py,py
11728,overflow\11728.rb,windows,overflow,11728.rb,rb
11729,overflow\11729.rb,windows,overflow,11729.rb,rb
11730,overflow\11730.rb,windows,overflow,11730.rb,rb
11731,overflow\11731.pl,windows,overflow,11731.pl,pl
11732,overflow\11732.py,windows,overflow,11732.py,py
11733,overflow\11733.py,windows,overflow,11733.py,py
11734,overflow\11734.rb,windows,overflow,11734.rb,rb
11735,overflow\11735.c,windows,overflow,11735.c,c
11736,overflow\11736.html,windows,overflow,11736.html,html
11737,overflow\11737.html,windows,overflow,11737.html,html
11738,overflow\11738.py,windows,overflow,11738.py,py
11739,overflow\11739.py,windows,overflow,11739.py,py
11740,overflow\11740.c,windows,overflow,11740.c,c
11741,overflow\11741.rb,windows,overflow,11741.rb,rb
11742,overflow\11742.rb,windows,overflow,11742.rb,rb
11743,overflow\11743.rb,windows,overflow,11743.rb,rb
11744,overflow\11744.rb,windows,overflow,11744.rb,rb
11745,overflow\11745.rb,windows,overflow,11745.rb,rb
11746,overflow\11746.rb,windows,overflow,11746.rb,rb
11747,overflow\11747.rb,windows,overflow,11747.rb,rb
11748,overflow\11748.rb,windows,overflow,11748.rb,rb
11749,overflow\11749.py,windows,overflow,11749.py,py
11750,overflow\11750.rb,windows,overflow,11750.rb,rb
11751,overflow\11751.pl,windows,overflow,11751.pl,pl
11752,overflow\11752.rb,windows,overflow,11752.rb,rb
11753,injection\11753.rb,windows,injection,11753.rb,rb
11754,overflow\11754.pl,windows,overflow,11754.pl,pl
11755,overflow\11755.rb,windows,overflow,11755.rb,rb
11756,overflow\11756.html,windows,overflow,11756.html,html
11757,overflow\11757.html,windows,overflow,11757.html,html
11758,overflow\11758.pl,windows,overflow,11758.pl,pl
11759,overflow\11759.rb,windows,overflow,11759.rb,rb
11760,overflow\11760.rb,windows,overflow,11760.rb,rb
11761,overflow\11761.py,windows,overflow,11761.py,py
11762,overflow\11762.py,windows,overflow,11762.py,py
11763,overflow\11763.rb,windows,overflow,11763.rb,rb
11764,overflow\11764.c,windows,overflow,11764.c,c
11765,overflow\11765.c,windows,overflow,11765.c,c
11766,overflow\11766.rb,windows,overflow,11766.rb,rb
11767,overflow\11767.c,windows,overflow,11767.c,c
11768,overflow\11768.rb,windows,overflow,11768.rb,rb
11769,overflow\11769.py,windows,overflow,11769.py,py
11770,overflow\11770.py,windows,overflow,11770.py,py
11771,overflow\11771.rb,windows,overflow,11771.rb,rb
11772,overflow\11772.rb,windows,overflow,11772.rb,rb
11773,overflow\11773.c,windows,overflow,11773.c,c
11774,overflow\11774.c,windows,overflow,11774.c,c
11775,overflow\11775.py,windows,overflow,11775.py,py
11776,overflow\11776.py,windows,overflow,11776.py,py
11777,overflow\11777.rb,windows,overflow,11777.rb,rb
11778,overflow\11778.pl,windows,overflow,11778.pl,pl
11779,overflow\11779.pl,windows,overflow,11779.pl,pl
11780,overflow\11780.pl,windows,overflow,11780.pl,pl
11781,overflow\11781.rb,windows,overflow,11781.rb,rb
11782,overflow\11782.html,windows,overflow,11782.html,html
11783,overflow\11783.pl,windows,overflow,11783.pl,pl
11784,overflow\11784.c,windows,overflow,11784.c,c
11785,overflow\11785.c,windows,overflow,11785.c,c
11786,overflow\11786.rb,windows,overflow,11786.rb,rb
11787,overflow\11787.rb,windows,overflow,11787.rb,rb
11788,overflow\11788.rb,windows,overflow,11788.rb,rb
11789,overflow\11789.html,windows,overflow,11789.html,html
11790,overflow\11790.rb,windows,overflow,11790.rb,rb
11791,overflow\11791.c,windows,overflow,11791.c,c
11792,file path\11792.rb,windows,file path,11792.rb,rb
11793,overflow\11793.rb,windows,overflow,11793.rb,rb
11794,injection\11794.rb,windows,injection,11794.rb,rb
11795,injection\11795.py,windows,injection,11795.py,py
11796,overflow\11796.rb,windows,overflow,11796.rb,rb
11797,overflow\11797.rb,windows,overflow,11797.rb,rb
11798,overflow\11798.rb,windows,overflow,11798.rb,rb
11799,overflow\11799.py,windows,overflow,11799.py,py
11800,overflow\11800.c,windows,overflow,11800.c,c
11801,overflow\11801.py,windows,overflow,11801.py,py
11802,overflow\11802.c,windows,overflow,11802.c,c
11803,overflow\11803.rb,windows,overflow,11803.rb,rb
11804,overflow\11804.rb,windows,overflow,11804.rb,rb
11805,overflow\11805.pl,windows,overflow,11805.pl,pl
11806,overflow\11806.rb,windows,overflow,11806.rb,rb
11807,overflow\11807.rb,windows,overflow,11807.rb,rb
11808,overflow\11808.rb,windows,overflow,11808.rb,rb
11809,overflow\11809.rb,windows,overflow,11809.rb,rb
11810,injection\11810.html,windows,injection,11810.html,html
11811,overflow\11811.rb,windows,overflow,11811.rb,rb
11812,overflow\11812.html,windows,overflow,11812.html,html
11813,overflow\11813.rb,windows,overflow,11813.rb,rb
11814,overflow\11814.rb,windows,overflow,11814.rb,rb
11815,overflow\11815.c,windows,overflow,11815.c,c
11816,overflow\11816.rb,windows,overflow,11816.rb,rb
11817,overflow\11817.c,windows,overflow,11817.c,c
11818,overflow\11818.py,windows,overflow,11818.py,py
11819,overflow\11819.html,windows,overflow,11819.html,html
11820,overflow\11820.rb,windows,overflow,11820.rb,rb
11821,overflow\11821.rb,windows,overflow,11821.rb,rb
11822,overflow\11822.pl,windows,overflow,11822.pl,pl
11823,overflow\11823.rb,windows,overflow,11823.rb,rb
11824,overflow\11824.html,windows,overflow,11824.html,html
11825,overflow\11825.py,windows,overflow,11825.py,py
11826,overflow\11826.rb,windows,overflow,11826.rb,rb
11827,overflow\11827.py,windows,overflow,11827.py,py
11828,overflow\11828.py,windows,overflow,11828.py,py
11829,overflow\11829.rb,windows,overflow,11829.rb,rb
11830,overflow\11830.c,windows,overflow,11830.c,c
11831,overflow\11831.pl,windows,overflow,11831.pl,pl
11832,overflow\11832.rb,windows,overflow,11832.rb,rb
11833,overflow\11833.rb,windows,overflow,11833.rb,rb
11834,overflow\11834.c,windows,overflow,11834.c,c
11835,overflow\11835.c,windows,overflow,11835.c,c
11836,overflow\11836.html,windows,overflow,11836.html,html
11837,overflow\11837.rb,windows,overflow,11837.rb,rb
11838,overflow\11838.html,windows,overflow,11838.html,html
11839,overflow\11839.html,windows,overflow,11839.html,html
11840,overflow\11840.rb,windows,overflow,11840.rb,rb
11841,overflow\11841.rb,windows,overflow,11841.rb,rb
11842,denial of service\11842.pl,windows,denial of service,11842.pl,pl
11843,overflow\11843.py,windows,overflow,11843.py,py
11844,overflow\11844.rb,windows,overflow,11844.rb,rb
11845,overflow\11845.py,windows,overflow,11845.py,py
11846,overflow\11846.py,windows,overflow,11846.py,py
11847,overflow\11847.py,windows,overflow,11847.py,py
11848,overflow\11848.rb,windows,overflow,11848.rb,rb
11849,overflow\11849.py,windows,overflow,11849.py,py
11850,overflow\11850.py,windows,overflow,11850.py,py
11851,overflow\11851.py,windows,overflow,11851.py,py
11852,overflow\11852.rb,windows,overflow,11852.rb,rb
11853,overflow\11853.py,windows,overflow,11853.py,py
11854,overflow\11854.py,windows,overflow,11854.py,py
11855,overflow\11855.rb,windows,overflow,11855.rb,rb
11856,overflow\11856.py,windows,overflow,11856.py,py
11857,overflow\11857.py,windows,overflow,11857.py,py
11858,overflow\11858.rb,windows,overflow,11858.rb,rb
11859,file path\11859.py,windows,file path,11859.py,py
11860,overflow\11860.py,windows,overflow,11860.py,py
11861,overflow\11861.rb,windows,overflow,11861.rb,rb
11862,overflow\11862.html,windows,overflow,11862.html,html
11863,overflow\11863.html,windows,overflow,11863.html,html
11864,overflow\11864.html,windows,overflow,11864.html,html
11865,overflow\11865.html,windows,overflow,11865.html,html
11866,overflow\11866.html,windows,overflow,11866.html,html
11867,overflow\11867.pl,windows,overflow,11867.pl,pl
11868,overflow\11868.c,windows,overflow,11868.c,c
11869,overflow\11869.pl,windows,overflow,11869.pl,pl
11870,overflow\11870.py,windows,overflow,11870.py,py
11871,overflow\11871.rb,windows,overflow,11871.rb,rb
11872,overflow\11872.rb,windows,overflow,11872.rb,rb
11873,overflow\11873.pl,windows,overflow,11873.pl,pl
11874,overflow\11874.html,windows,overflow,11874.html,html
11875,overflow\11875.py,windows,overflow,11875.py,py
11876,overflow\11876.rb,windows,overflow,11876.rb,rb
11877,overflow\11877.rb,windows,overflow,11877.rb,rb
11878,overflow\11878.py,windows,overflow,11878.py,py
11879,overflow\11879.rb,windows,overflow,11879.rb,rb
11880,overflow\11880.rb,windows,overflow,11880.rb,rb
11881,overflow\11881.rb,windows,overflow,11881.rb,rb
11882,overflow\11882.rb,windows,overflow,11882.rb,rb
11883,overflow\11883.rb,windows,overflow,11883.rb,rb
11884,overflow\11884.c,windows,overflow,11884.c,c
11885,overflow\11885.html,windows,overflow,11885.html,html
11886,overflow\11886.rb,windows,overflow,11886.rb,rb
11887,overflow\11887.pl,windows,overflow,11887.pl,pl
11888,overflow\11888.c,windows,overflow,11888.c,c
11889,file path\11889.php,windows,file path,11889.php,php
11890,overflow\11890.py,windows,overflow,11890.py,py
11891,overflow\11891.c,windows,overflow,11891.c,c
11892,overflow\11892.rb,windows,overflow,11892.rb,rb
11893,overflow\11893.rb,windows,overflow,11893.rb,rb
11894,overflow\11894.py,windows,overflow,11894.py,py
11895,overflow\11895.py,windows,overflow,11895.py,py
11896,overflow\11896.pl,windows,overflow,11896.pl,pl
11897,overflow\11897.py,windows,overflow,11897.py,py
11898,overflow\11898.py,windows,overflow,11898.py,py
11899,overflow\11899.rb,windows,overflow,11899.rb,rb
11900,overflow\11900.rb,windows,overflow,11900.rb,rb
11901,overflow\11901.rb,windows,overflow,11901.rb,rb
11902,overflow\11902.rb,windows,overflow,11902.rb,rb
11903,overflow\11903.rb,windows,overflow,11903.rb,rb
11904,overflow\11904.c,windows,overflow,11904.c,c
11905,overflow\11905.c,windows,overflow,11905.c,c
11906,overflow\11906.c,windows,overflow,11906.c,c
11907,overflow\11907.html,windows,overflow,11907.html,html
11908,overflow\11908.rb,windows,overflow,11908.rb,rb
11909,overflow\11909.rb,windows,overflow,11909.rb,rb
11910,overflow\11910.rb,windows,overflow,11910.rb,rb
11911,overflow\11911.rb,windows,overflow,11911.rb,rb
11912,overflow\11912.rb,windows,overflow,11912.rb,rb
11913,overflow\11913.rb,windows,overflow,11913.rb,rb
11914,overflow\11914.rb,windows,overflow,11914.rb,rb
11915,overflow\11915.rb,windows,overflow,11915.rb,rb
11916,overflow\11916.rb,windows,overflow,11916.rb,rb
11917,overflow\11917.rb,windows,overflow,11917.rb,rb
11918,overflow\11918.rb,windows,overflow,11918.rb,rb
11919,overflow\11919.c,windows,overflow,11919.c,c
11920,overflow\11920.rb,windows,overflow,11920.rb,rb
11921,overflow\11921.c,windows,overflow,11921.c,c
11922,overflow\11922.c,windows,overflow,11922.c,c
11923,overflow\11923.py,windows,overflow,11923.py,py
11924,overflow\11924.rb,windows,overflow,11924.rb,rb
11925,overflow\11925.c,windows,overflow,11925.c,c
11926,overflow\11926.pl,windows,overflow,11926.pl,pl
11927,overflow\11927.py,windows,overflow,11927.py,py
11928,overflow\11928.py,windows,overflow,11928.py,py
11929,overflow\11929.c,windows,overflow,11929.c,c
11930,overflow\11930.py,windows,overflow,11930.py,py
11931,overflow\11931.rb,windows,overflow,11931.rb,rb
11932,denial of service\11932.html,windows,denial of service,11932.html,html
11933,overflow\11933.rb,windows,overflow,11933.rb,rb
11934,overflow\11934.rb,windows,overflow,11934.rb,rb
11935,overflow\11935.pl,windows,overflow,11935.pl,pl
11936,overflow\11936.rb,windows,overflow,11936.rb,rb
11937,overflow\11937.html,windows,overflow,11937.html,html
11938,file path\11938.py,windows,file path,11938.py,py
11939,overflow\11939.rb,windows,overflow,11939.rb,rb
11940,overflow\11940.rb,windows,overflow,11940.rb,rb
11941,overflow\11941.rb,windows,overflow,11941.rb,rb
11942,overflow\11942.html,windows,overflow,11942.html,html
11943,overflow\11943.rb,windows,overflow,11943.rb,rb
11944,overflow\11944.rb,windows,overflow,11944.rb,rb
11945,overflow\11945.rb,windows,overflow,11945.rb,rb
11946,overflow\11946.rb,windows,overflow,11946.rb,rb
11947,overflow\11947.rb,windows,overflow,11947.rb,rb
11948,overflow\11948.py,windows,overflow,11948.py,py
11949,overflow\11949.rb,windows,overflow,11949.rb,rb
11950,overflow\11950.py,windows,overflow,11950.py,py
11951,overflow\11951.py,windows,overflow,11951.py,py
11952,file path\11952.rb,windows,file path,11952.rb,rb
11953,overflow\11953.c,windows,overflow,11953.c,c
11954,overflow\11954.c,windows,overflow,11954.c,c
11955,overflow\11955.rb,windows,overflow,11955.rb,rb
11956,overflow\11956.c,windows,overflow,11956.c,c
11957,injection\11957.rb,windows,injection,11957.rb,rb
11958,overflow\11958.rb,windows,overflow,11958.rb,rb
11959,overflow\11959.py,windows,overflow,11959.py,py
11960,overflow\11960.rb,windows,overflow,11960.rb,rb
11961,injection\11961.rb,windows,injection,11961.rb,rb
11962,overflow\11962.html,windows,overflow,11962.html,html
11963,overflow\11963.c,windows,overflow,11963.c,c
11964,overflow\11964.rb,windows,overflow,11964.rb,rb
11965,overflow\11965.rb,windows,overflow,11965.rb,rb
11966,overflow\11966.rb,windows,overflow,11966.rb,rb
11967,overflow\11967.rb,windows,overflow,11967.rb,rb
11968,overflow\11968.c,windows,overflow,11968.c,c
11969,overflow\11969.py,windows,overflow,11969.py,py
11970,overflow\11970.rb,windows,overflow,11970.rb,rb
11971,overflow\11971.c,windows,overflow,11971.c,c
11972,overflow\11972.rb,windows,overflow,11972.rb,rb
11973,overflow\11973.html,windows,overflow,11973.html,html
11974,overflow\11974.c,windows,overflow,11974.c,c
11975,overflow\11975.rb,windows,overflow,11975.rb,rb
11976,overflow\11976.c,windows,overflow,11976.c,c
11977,injection\11977.rb,windows,injection,11977.rb,rb
11978,overflow\11978.rb,windows,overflow,11978.rb,rb
11979,overflow\11979.html,windows,overflow,11979.html,html
11980,overflow\11980.rb,windows,overflow,11980.rb,rb
11981,overflow\11981.rb,windows,overflow,11981.rb,rb
11982,overflow\11982.c,windows,overflow,11982.c,c
11983,overflow\11983.c,windows,overflow,11983.c,c
11984,overflow\11984.c,windows,overflow,11984.c,c
11985,overflow\11985.c,windows,overflow,11985.c,c
11986,overflow\11986.pl,windows,overflow,11986.pl,pl
11987,overflow\11987.rb,windows,overflow,11987.rb,rb
11988,overflow\11988.html,windows,overflow,11988.html,html
11989,overflow\11989.html,windows,overflow,11989.html,html
11990,overflow\11990.html,windows,overflow,11990.html,html
11991,overflow\11991.html,windows,overflow,11991.html,html
11992,overflow\11992.rb,windows,overflow,11992.rb,rb
11993,overflow\11993.py,windows,overflow,11993.py,py
11994,overflow\11994.rb,windows,overflow,11994.rb,rb
11995,overflow\11995.rb,windows,overflow,11995.rb,rb
11996,overflow\11996.rb,windows,overflow,11996.rb,rb
11997,overflow\11997.rb,windows,overflow,11997.rb,rb
11998,overflow\11998.c,windows,overflow,11998.c,c
11999,overflow\11999.html,windows,overflow,11999.html,html
12000,overflow\12000.pl,windows,overflow,12000.pl,pl
12001,overflow\12001.html,windows,overflow,12001.html,html
12002,file path\12002.pl,windows,file path,12002.pl,pl
12003,injection\12003.py,windows,injection,12003.py,py
12004,injection\12004.rb,windows,injection,12004.rb,rb
12005,overflow\12005.rb,windows,overflow,12005.rb,rb
12006,overflow\12006.html,windows,overflow,12006.html,html
12007,overflow\12007.py,windows,overflow,12007.py,py
12008,overflow\12008.py,windows,overflow,12008.py,py
12009,overflow\12009.py,windows,overflow,12009.py,py
12010,overflow\12010.py,windows,overflow,12010.py,py
12011,overflow\12011.rb,windows,overflow,12011.rb,rb
12012,overflow\12012.py,windows,overflow,12012.py,py
12013,overflow\12013.rb,windows,overflow,12013.rb,rb
12014,overflow\12014.py,windows,overflow,12014.py,py
12015,overflow\12015.rb,windows,overflow,12015.rb,rb
12016,overflow\12016.py,windows,overflow,12016.py,py
12017,overflow\12017.rb,windows,overflow,12017.rb,rb
12018,overflow\12018.py,windows,overflow,12018.py,py
12019,overflow\12019.rb,windows,overflow,12019.rb,rb
12020,overflow\12020.py,windows,overflow,12020.py,py
12021,overflow\12021.py,windows,overflow,12021.py,py
12022,overflow\12022.py,windows,overflow,12022.py,py
12023,overflow\12023.py,windows,overflow,12023.py,py
12024,overflow\12024.py,windows,overflow,12024.py,py
12025,overflow\12025.py,windows,overflow,12025.py,py
12026,overflow\12026.py,windows,overflow,12026.py,py
12027,overflow\12027.py,windows,overflow,12027.py,py
12028,overflow\12028.rb,windows,overflow,12028.rb,rb
12029,overflow\12029.py,windows,overflow,12029.py,py
12030,overflow\12030.py,windows,overflow,12030.py,py
12031,overflow\12031.py,windows,overflow,12031.py,py
12032,overflow\12032.py,windows,overflow,12032.py,py
12033,file path\12033.rb,windows,file path,12033.rb,rb
12034,overflow\12034.pl,windows,overflow,12034.pl,pl
12035,overflow\12035.rb,windows,overflow,12035.rb,rb
12036,overflow\12036.html,windows,overflow,12036.html,html
12037,overflow\12037.pl,windows,overflow,12037.pl,pl
12038,overflow\12038.rb,windows,overflow,12038.rb,rb
12039,injection\12039.py,windows,injection,12039.py,py
12040,overflow\12040.rb,windows,overflow,12040.rb,rb
12041,overflow\12041.py,windows,overflow,12041.py,py
12042,overflow\12042.py,windows,overflow,12042.py,py
12043,overflow\12043.py,windows,overflow,12043.py,py
12044,overflow\12044.py,windows,overflow,12044.py,py
12045,overflow\12045.py,windows,overflow,12045.py,py
12046,overflow\12046.py,windows,overflow,12046.py,py
12047,overflow\12047.py,windows,overflow,12047.py,py
12048,overflow\12048.rb,windows,overflow,12048.rb,rb
12049,overflow\12049.py,windows,overflow,12049.py,py
12050,overflow\12050.php,windows,overflow,12050.php,php
12051,overflow\12051.py,windows,overflow,12051.py,py
12052,overflow\12052.py,windows,overflow,12052.py,py
12053,overflow\12053.py,windows,overflow,12053.py,py
12054,overflow\12054.rb,windows,overflow,12054.rb,rb
12055,overflow\12055.py,windows,overflow,12055.py,py
12056,overflow\12056.py,windows,overflow,12056.py,py
12057,overflow\12057.py,windows,overflow,12057.py,py
12058,overflow\12058.py,windows,overflow,12058.py,py
12059,overflow\12059.rb,windows,overflow,12059.rb,rb
12060,overflow\12060.py,windows,overflow,12060.py,py
12061,overflow\12061.rb,windows,overflow,12061.rb,rb
12062,overflow\12062.rb,windows,overflow,12062.rb,rb
12063,overflow\12063.py,windows,overflow,12063.py,py
12064,overflow\12064.py,windows,overflow,12064.py,py
12065,overflow\12065.py,windows,overflow,12065.py,py
12066,overflow\12066.py,windows,overflow,12066.py,py
12067,overflow\12067.py,windows,overflow,12067.py,py
12068,overflow\12068.py,windows,overflow,12068.py,py
12069,overflow\12069.py,windows,overflow,12069.py,py
12070,overflow\12070.py,windows,overflow,12070.py,py
12071,overflow\12071.py,windows,overflow,12071.py,py
12072,overflow\12072.py,windows,overflow,12072.py,py
12073,overflow\12073.py,windows,overflow,12073.py,py
12074,overflow\12074.py,windows,overflow,12074.py,py
12075,overflow\12075.py,windows,overflow,12075.py,py
12076,overflow\12076.py,windows,overflow,12076.py,py
12077,overflow\12077.rb,windows,overflow,12077.rb,rb
12078,overflow\12078.py,windows,overflow,12078.py,py
12079,overflow\12079.py,windows,overflow,12079.py,py
12080,overflow\12080.rb,windows,overflow,12080.rb,rb
12081,overflow\12081.py,windows,overflow,12081.py,py
12082,overflow\12082.rb,windows,overflow,12082.rb,rb
12083,overflow\12083.rb,windows,overflow,12083.rb,rb
12084,overflow\12084.py,windows,overflow,12084.py,py
12085,overflow\12085.rb,windows,overflow,12085.rb,rb
12086,overflow\12086.py,windows,overflow,12086.py,py
12087,overflow\12087.rb,windows,overflow,12087.rb,rb
12088,overflow\12088.py,windows,overflow,12088.py,py
12089,overflow\12089.c,windows,overflow,12089.c,c
12090,overflow\12090.py,windows,overflow,12090.py,py
12091,overflow\12091.py,windows,overflow,12091.py,py
12092,overflow\12092.rb,windows,overflow,12092.rb,rb
12093,overflow\12093.py,windows,overflow,12093.py,py
12094,overflow\12094.rb,windows,overflow,12094.rb,rb
12095,overflow\12095.html,windows,overflow,12095.html,html
12096,overflow\12096.html,windows,overflow,12096.html,html
12097,overflow\12097.html,windows,overflow,12097.html,html
12098,overflow\12098.html,windows,overflow,12098.html,html
12099,overflow\12099.py,windows,overflow,12099.py,py
12100,overflow\12100.rb,windows,overflow,12100.rb,rb
12101,overflow\12101.pl,windows,overflow,12101.pl,pl
12102,overflow\12102.py,windows,overflow,12102.py,py
12103,overflow\12103.html,windows,overflow,12103.html,html
12104,overflow\12104.rb,windows,overflow,12104.rb,rb
12105,overflow\12105.rb,windows,overflow,12105.rb,rb
12106,overflow\12106.pl,windows,overflow,12106.pl,pl
12107,overflow\12107.py,windows,overflow,12107.py,py
12108,overflow\12108.py,windows,overflow,12108.py,py
12109,overflow\12109.py,windows,overflow,12109.py,py
12110,overflow\12110.rb,windows,overflow,12110.rb,rb
12111,overflow\12111.rb,windows,overflow,12111.rb,rb
12112,overflow\12112.pl,windows,overflow,12112.pl,pl
12113,overflow\12113.rb,windows,overflow,12113.rb,rb
12114,overflow\12114.rb,windows,overflow,12114.rb,rb
12115,overflow\12115.py,windows,overflow,12115.py,py
12116,overflow\12116.py,windows,overflow,12116.py,py
12117,overflow\12117.py,windows,overflow,12117.py,py
12118,overflow\12118.pl,windows,overflow,12118.pl,pl
12119,overflow\12119.rb,windows,overflow,12119.rb,rb
12120,injection\12120.py,windows,injection,12120.py,py
12121,overflow\12121.rb,windows,overflow,12121.rb,rb
12122,overflow\12122.rb,windows,overflow,12122.rb,rb
12123,injection\12123.rb,windows,injection,12123.rb,rb
12124,overflow\12124.rb,windows,overflow,12124.rb,rb
12125,overflow\12125.rb,windows,overflow,12125.rb,rb
12126,overflow\12126.html,windows,overflow,12126.html,html
12127,file path\12127.rb,windows,file path,12127.rb,rb
12128,overflow\12128.c,windows,overflow,12128.c,c
12129,overflow\12129.pl,windows,overflow,12129.pl,pl
12130,overflow\12130.rb,windows,overflow,12130.rb,rb
12131,overflow\12131.rb,windows,overflow,12131.rb,rb
12132,overflow\12132.rb,windows,overflow,12132.rb,rb
12133,overflow\12133.html,windows,overflow,12133.html,html
12134,overflow\12134.pl,windows,overflow,12134.pl,pl
12135,overflow\12135.c,windows,overflow,12135.c,c
12136,overflow\12136.c,windows,overflow,12136.c,c
12137,overflow\12137.pl,windows,overflow,12137.pl,pl
12138,overflow\12138.pl,windows,overflow,12138.pl,pl
12139,overflow\12139.py,windows,overflow,12139.py,py
12140,overflow\12140.py,windows,overflow,12140.py,py
12141,overflow\12141.rb,windows,overflow,12141.rb,rb
12142,overflow\12142.py,windows,overflow,12142.py,py
12143,overflow\12143.rb,windows,overflow,12143.rb,rb
12144,overflow\12144.py,windows,overflow,12144.py,py
12145,overflow\12145.rb,windows,overflow,12145.rb,rb
12146,overflow\12146.pl,windows,overflow,12146.pl,pl
12147,overflow\12147.py,windows,overflow,12147.py,py
12148,overflow\12148.rb,windows,overflow,12148.rb,rb
12149,overflow\12149.pl,windows,overflow,12149.pl,pl
12150,overflow\12150.pl,windows,overflow,12150.pl,pl
12151,overflow\12151.rb,windows,overflow,12151.rb,rb
12152,overflow\12152.html,windows,overflow,12152.html,html
12153,overflow\12153.html,windows,overflow,12153.html,html
12154,overflow\12154.rb,windows,overflow,12154.rb,rb
12155,overflow\12155.rb,windows,overflow,12155.rb,rb
12156,overflow\12156.html,windows,overflow,12156.html,html
12157,overflow\12157.html,windows,overflow,12157.html,html
12158,overflow\12158.html,windows,overflow,12158.html,html
12159,overflow\12159.html,windows,overflow,12159.html,html
12160,overflow\12160.html,windows,overflow,12160.html,html
12161,overflow\12161.py,windows,overflow,12161.py,py
12162,overflow\12162.py,windows,overflow,12162.py,py
12163,overflow\12163.rb,windows,overflow,12163.rb,rb
12164,overflow\12164.pl,windows,overflow,12164.pl,pl
12165,overflow\12165.rb,windows,overflow,12165.rb,rb
12166,overflow\12166.rb,windows,overflow,12166.rb,rb
12167,overflow\12167.py,windows,overflow,12167.py,py
12168,overflow\12168.rb,windows,overflow,12168.rb,rb
12169,overflow\12169.rb,windows,overflow,12169.rb,rb
12170,overflow\12170.rb,windows,overflow,12170.rb,rb
12171,overflow\12171.pl,windows,overflow,12171.pl,pl
12172,overflow\12172.pl,windows,overflow,12172.pl,pl
12173,overflow\12173.rb,windows,overflow,12173.rb,rb
12174,overflow\12174.rb,windows,overflow,12174.rb,rb
12175,overflow\12175.pl,windows,overflow,12175.pl,pl
12176,file path\12176.pl,windows,file path,12176.pl,pl
12177,overflow\12177.rb,windows,overflow,12177.rb,rb
12178,overflow\12178.c,windows,overflow,12178.c,c
12179,overflow\12179.rb,windows,overflow,12179.rb,rb
12180,overflow\12180.py,windows,overflow,12180.py,py
12181,overflow\12181.py,windows,overflow,12181.py,py
12182,overflow\12182.py,windows,overflow,12182.py,py
12183,overflow\12183.rb,windows,overflow,12183.rb,rb
12184,overflow\12184.py,windows,overflow,12184.py,py
12185,overflow\12185.rb,windows,overflow,12185.rb,rb
12186,overflow\12186.py,windows,overflow,12186.py,py
12187,overflow\12187.py,windows,overflow,12187.py,py
12188,overflow\12188.py,windows,overflow,12188.py,py
12189,overflow\12189.rb,windows,overflow,12189.rb,rb
12190,overflow\12190.py,windows,overflow,12190.py,py
12191,overflow\12191.py,windows,overflow,12191.py,py
12192,overflow\12192.py,windows,overflow,12192.py,py
12193,overflow\12193.py,windows,overflow,12193.py,py
12194,overflow\12194.rb,windows,overflow,12194.rb,rb
12195,overflow\12195.py,windows,overflow,12195.py,py
12196,overflow\12196.py,windows,overflow,12196.py,py
12197,overflow\12197.py,windows,overflow,12197.py,py
12198,overflow\12198.py,windows,overflow,12198.py,py
12199,overflow\12199.py,windows,overflow,12199.py,py
12200,overflow\12200.py,windows,overflow,12200.py,py
12201,overflow\12201.py,windows,overflow,12201.py,py
12202,overflow\12202.py,windows,overflow,12202.py,py
12203,overflow\12203.rb,windows,overflow,12203.rb,rb
12204,overflow\12204.rb,windows,overflow,12204.rb,rb
12205,overflow\12205.pl,windows,overflow,12205.pl,pl
12206,overflow\12206.rb,windows,overflow,12206.rb,rb
12207,overflow\12207.rb,windows,overflow,12207.rb,rb
12208,overflow\12208.c,windows,overflow,12208.c,c
12209,overflow\12209.py,windows,overflow,12209.py,py
12210,overflow\12210.rb,windows,overflow,12210.rb,rb
12211,overflow\12211.pl,windows,overflow,12211.pl,pl
12212,overflow\12212.pl,windows,overflow,12212.pl,pl
12213,overflow\12213.html,windows,overflow,12213.html,html
12214,overflow\12214.c,windows,overflow,12214.c,c
12215,overflow\12215.pl,windows,overflow,12215.pl,pl
12216,overflow\12216.pl,windows,overflow,12216.pl,pl
12217,overflow\12217.rb,windows,overflow,12217.rb,rb
12218,overflow\12218.php,windows,overflow,12218.php,php
12219,overflow\12219.py,windows,overflow,12219.py,py
12220,overflow\12220.py,windows,overflow,12220.py,py
12221,overflow\12221.rb,windows,overflow,12221.rb,rb
12222,overflow\12222.rb,windows,overflow,12222.rb,rb
12223,overflow\12223.rb,windows,overflow,12223.rb,rb
12224,overflow\12224.py,windows,overflow,12224.py,py
12225,overflow\12225.py,windows,overflow,12225.py,py
12226,overflow\12226.py,windows,overflow,12226.py,py
12227,overflow\12227.py,windows,overflow,12227.py,py
12228,overflow\12228.rb,windows,overflow,12228.rb,rb
12229,overflow\12229.c,windows,overflow,12229.c,c
12230,overflow\12230.c,windows,overflow,12230.c,c
12231,overflow\12231.rb,windows,overflow,12231.rb,rb
12232,overflow\12232.rb,windows,overflow,12232.rb,rb
12233,overflow\12233.html,windows,overflow,12233.html,html
12234,overflow\12234.c,windows,overflow,12234.c,c
12235,overflow\12235.rb,windows,overflow,12235.rb,rb
12236,overflow\12236.py,windows,overflow,12236.py,py
12237,overflow\12237.py,windows,overflow,12237.py,py
12238,overflow\12238.rb,windows,overflow,12238.rb,rb
12239,overflow\12239.rb,windows,overflow,12239.rb,rb
12240,overflow\12240.html,windows,overflow,12240.html,html
12241,overflow\12241.html,windows,overflow,12241.html,html
12242,overflow\12242.html,windows,overflow,12242.html,html
12243,overflow\12243.html,windows,overflow,12243.html,html
12244,overflow\12244.pl,windows,overflow,12244.pl,pl
12245,overflow\12245.rb,windows,overflow,12245.rb,rb
12246,overflow\12246.py,windows,overflow,12246.py,py
12247,overflow\12247.pl,windows,overflow,12247.pl,pl
12248,overflow\12248.rb,windows,overflow,12248.rb,rb
12249,overflow\12249.py,windows,overflow,12249.py,py
12250,overflow\12250.rb,windows,overflow,12250.rb,rb
12251,overflow\12251.c,windows,overflow,12251.c,c
12252,overflow\12252.c,windows,overflow,12252.c,c
12253,overflow\12253.rb,windows,overflow,12253.rb,rb
12254,overflow\12254.html,windows,overflow,12254.html,html
12255,overflow\12255.pl,windows,overflow,12255.pl,pl
12256,overflow\12256.rb,windows,overflow,12256.rb,rb
12257,overflow\12257.c,windows,overflow,12257.c,c
12258,overflow\12258.rb,windows,overflow,12258.rb,rb
12259,overflow\12259.rb,windows,overflow,12259.rb,rb
12260,overflow\12260.html,windows,overflow,12260.html,html
12261,overflow\12261.c,windows,overflow,12261.c,c
12262,overflow\12262.html,windows,overflow,12262.html,html
12263,overflow\12263.rb,windows,overflow,12263.rb,rb
12264,overflow\12264.py,windows,overflow,12264.py,py
12265,overflow\12265.py,windows,overflow,12265.py,py
12266,file path\12266.py,windows,file path,12266.py,py
12267,overflow\12267.rb,windows,overflow,12267.rb,rb
12268,overflow\12268.py,windows,overflow,12268.py,py
12269,overflow\12269.rb,windows,overflow,12269.rb,rb
12270,overflow\12270.py,windows,overflow,12270.py,py
12271,overflow\12271.php,windows,overflow,12271.php,php
12272,file path\12272.py,windows,file path,12272.py,py
12273,file path\12273.py,windows,file path,12273.py,py
12274,file path\12274.php,windows,file path,12274.php,php
12275,overflow\12275.rb,windows,overflow,12275.rb,rb
12276,overflow\12276.rb,windows,overflow,12276.rb,rb
12277,overflow\12277.rb,windows,overflow,12277.rb,rb
12278,overflow\12278.rb,windows,overflow,12278.rb,rb
12279,file path\12279.rb,windows,file path,12279.rb,rb
12280,overflow\12280.rb,windows,overflow,12280.rb,rb
12281,overflow\12281.rb,windows,overflow,12281.rb,rb
12282,overflow\12282.rb,windows,overflow,12282.rb,rb
12283,overflow\12283.py,windows,overflow,12283.py,py
12284,overflow\12284.rb,windows,overflow,12284.rb,rb
12285,overflow\12285.html,windows,overflow,12285.html,html
12286,file path\12286.rb,windows,file path,12286.rb,rb
12287,overflow\12287.rb,windows,overflow,12287.rb,rb
12288,overflow\12288.rb,windows,overflow,12288.rb,rb
12289,file path\12289.rb,windows,file path,12289.rb,rb
12290,file path\12290.rb,windows,file path,12290.rb,rb
12291,overflow\12291.rb,windows,overflow,12291.rb,rb
12292,file path\12292.rb,windows,file path,12292.rb,rb
12293,overflow\12293.rb,windows,overflow,12293.rb,rb
12294,overflow\12294.pl,windows,overflow,12294.pl,pl
12295,overflow\12295.rb,windows,overflow,12295.rb,rb
12296,overflow\12296.rb,windows,overflow,12296.rb,rb
12297,overflow\12297.rb,windows,overflow,12297.rb,rb
12298,overflow\12298.rb,windows,overflow,12298.rb,rb
12299,overflow\12299.rb,windows,overflow,12299.rb,rb
12300,overflow\12300.rb,windows,overflow,12300.rb,rb
12301,overflow\12301.rb,windows,overflow,12301.rb,rb
12302,overflow\12302.rb,windows,overflow,12302.rb,rb
12303,overflow\12303.rb,windows,overflow,12303.rb,rb
12304,overflow\12304.rb,windows,overflow,12304.rb,rb
12305,overflow\12305.rb,windows,overflow,12305.rb,rb
12306,overflow\12306.py,windows,overflow,12306.py,py
12307,overflow\12307.rb,windows,overflow,12307.rb,rb
12308,overflow\12308.rb,windows,overflow,12308.rb,rb
12309,overflow\12309.rb,windows,overflow,12309.rb,rb
12310,overflow\12310.rb,windows,overflow,12310.rb,rb
12311,overflow\12311.rb,windows,overflow,12311.rb,rb
12312,overflow\12312.rb,windows,overflow,12312.rb,rb
12313,overflow\12313.py,windows,overflow,12313.py,py
12314,overflow\12314.py,windows,overflow,12314.py,py
12315,overflow\12315.rb,windows,overflow,12315.rb,rb
12316,overflow\12316.rb,windows,overflow,12316.rb,rb
12317,overflow\12317.py,windows,overflow,12317.py,py
12318,overflow\12318.rb,windows,overflow,12318.rb,rb
12319,overflow\12319.rb,windows,overflow,12319.rb,rb
12320,overflow\12320.html,windows,overflow,12320.html,html
12321,overflow\12321.rb,windows,overflow,12321.rb,rb
12322,overflow\12322.rb,windows,overflow,12322.rb,rb
12323,injection\12323.rb,windows,injection,12323.rb,rb
12324,overflow\12324.html,windows,overflow,12324.html,html
12325,file path\12325.pl,windows,file path,12325.pl,pl
12326,overflow\12326.rb,windows,overflow,12326.rb,rb
12327,overflow\12327.py,windows,overflow,12327.py,py
12328,overflow\12328.py,windows,overflow,12328.py,py
12329,file path\12329.py,windows,file path,12329.py,py
12330,overflow\12330.pl,windows,overflow,12330.pl,pl
12331,overflow\12331.rb,windows,overflow,12331.rb,rb
12332,overflow\12332.html,windows,overflow,12332.html,html
12333,overflow\12333.rb,windows,overflow,12333.rb,rb
12334,overflow\12334.rb,windows,overflow,12334.rb,rb
12335,overflow\12335.pl,windows,overflow,12335.pl,pl
12336,overflow\12336.pl,windows,overflow,12336.pl,pl
12337,overflow\12337.rb,windows,overflow,12337.rb,rb
12338,overflow\12338.rb,windows,overflow,12338.rb,rb
12339,overflow\12339.rb,windows,overflow,12339.rb,rb
12340,overflow\12340.html,windows,overflow,12340.html,html
12341,overflow\12341.html,windows,overflow,12341.html,html
12342,overflow\12342.c,windows,overflow,12342.c,c
12343,overflow\12343.php,windows,overflow,12343.php,php
12344,overflow\12344.py,windows,overflow,12344.py,py
12345,overflow\12345.rb,windows,overflow,12345.rb,rb
12346,overflow\12346.rb,windows,overflow,12346.rb,rb
12347,overflow\12347.py,windows,overflow,12347.py,py
12348,overflow\12348.rb,windows,overflow,12348.rb,rb
12349,overflow\12349.rb,windows,overflow,12349.rb,rb
12350,overflow\12350.rb,windows,overflow,12350.rb,rb
12351,injection\12351.rb,windows,injection,12351.rb,rb
12352,overflow\12352.rb,windows,overflow,12352.rb,rb
12353,overflow\12353.rb,windows,overflow,12353.rb,rb
12354,overflow\12354.rb,windows,overflow,12354.rb,rb
12355,overflow\12355.py,windows,overflow,12355.py,py
12356,overflow\12356.rb,windows,overflow,12356.rb,rb
12357,overflow\12357.py,windows,overflow,12357.py,py
12358,overflow\12358.rb,windows,overflow,12358.rb,rb
12359,overflow\12359.rb,windows,overflow,12359.rb,rb
12360,overflow\12360.rb,windows,overflow,12360.rb,rb
12361,overflow\12361.rb,windows,overflow,12361.rb,rb
12362,overflow\12362.rb,windows,overflow,12362.rb,rb
12363,overflow\12363.rb,windows,overflow,12363.rb,rb
12364,overflow\12364.rb,windows,overflow,12364.rb,rb
12365,overflow\12365.html,windows,overflow,12365.html,html
12366,overflow\12366.c,windows,overflow,12366.c,c
12367,overflow\12367.html,windows,overflow,12367.html,html
12368,overflow\12368.html,windows,overflow,12368.html,html
12369,overflow\12369.html,windows,overflow,12369.html,html
12370,overflow\12370.py,windows,overflow,12370.py,py
12371,injection\12371.pl,windows,injection,12371.pl,pl
12372,overflow\12372.html,windows,overflow,12372.html,html
12373,overflow\12373.html,windows,overflow,12373.html,html
12374,overflow\12374.rb,windows,overflow,12374.rb,rb
12375,overflow\12375.py,windows,overflow,12375.py,py
12376,overflow\12376.rb,windows,overflow,12376.rb,rb
12377,overflow\12377.c,windows,overflow,12377.c,c
12378,overflow\12378.pl,windows,overflow,12378.pl,pl
12379,overflow\12379.c,windows,overflow,12379.c,c
12380,overflow\12380.c,windows,overflow,12380.c,c
12381,overflow\12381.py,windows,overflow,12381.py,py
12382,overflow\12382.c,windows,overflow,12382.c,c
12383,injection\12383.rb,windows,injection,12383.rb,rb
12384,overflow\12384.c,windows,overflow,12384.c,c
12385,overflow\12385.py,windows,overflow,12385.py,py
12386,overflow\12386.pl,windows,overflow,12386.pl,pl
12387,overflow\12387.c,windows,overflow,12387.c,c
12388,overflow\12388.pl,windows,overflow,12388.pl,pl
12389,overflow\12389.rb,windows,overflow,12389.rb,rb
12390,overflow\12390.rb,windows,overflow,12390.rb,rb
12391,denial of service\12391.pl,windows,denial of service,12391.pl,pl
12392,overflow\12392.html,windows,overflow,12392.html,html
12393,overflow\12393.c,windows,overflow,12393.c,c
12394,overflow\12394.pl,windows,overflow,12394.pl,pl
12395,overflow\12395.rb,windows,overflow,12395.rb,rb
12396,overflow\12396.c,windows,overflow,12396.c,c
12397,overflow\12397.rb,windows,overflow,12397.rb,rb
12398,overflow\12398.rb,windows,overflow,12398.rb,rb
12399,overflow\12399.pl,windows,overflow,12399.pl,pl
12400,overflow\12400.c,windows,overflow,12400.c,c
12401,overflow\12401.pl,windows,overflow,12401.pl,pl
12402,overflow\12402.pl,windows,overflow,12402.pl,pl
12403,overflow\12403.c,windows,overflow,12403.c,c
12404,overflow\12404.c,windows,overflow,12404.c,c
12405,overflow\12405.c,windows,overflow,12405.c,c
12406,overflow\12406.pl,windows,overflow,12406.pl,pl
12407,overflow\12407.pl,windows,overflow,12407.pl,pl
12408,overflow\12408.rb,windows,overflow,12408.rb,rb
12409,overflow\12409.c,windows,overflow,12409.c,c
12410,overflow\12410.pl,windows,overflow,12410.pl,pl
12411,overflow\12411.pl,windows,overflow,12411.pl,pl
12412,overflow\12412.c,windows,overflow,12412.c,c
12413,overflow\12413.c,windows,overflow,12413.c,c
12414,overflow\12414.rb,windows,overflow,12414.rb,rb
12415,overflow\12415.rb,windows,overflow,12415.rb,rb
12416,overflow\12416.pl,windows,overflow,12416.pl,pl
12417,overflow\12417.rb,windows,overflow,12417.rb,rb
12418,overflow\12418.rb,windows,overflow,12418.rb,rb
12419,overflow\12419.html,windows,overflow,12419.html,html
12420,overflow\12420.py,windows,overflow,12420.py,py
12421,overflow\12421.html,windows,overflow,12421.html,html
12422,file path\12422.rb,windows,file path,12422.rb,rb
12423,overflow\12423.c,windows,overflow,12423.c,c
12424,overflow\12424.pl,windows,overflow,12424.pl,pl
12425,overflow\12425.c,windows,overflow,12425.c,c
12426,overflow\12426.rb,windows,overflow,12426.rb,rb
12427,overflow\12427.pl,windows,overflow,12427.pl,pl
12428,overflow\12428.c,windows,overflow,12428.c,c
12429,overflow\12429.pl,windows,overflow,12429.pl,pl
12430,overflow\12430.rb,windows,overflow,12430.rb,rb
12431,overflow\12431.pl,windows,overflow,12431.pl,pl
12432,overflow\12432.py,windows,overflow,12432.py,py
12433,overflow\12433.c,windows,overflow,12433.c,c
12434,overflow\12434.rb,windows,overflow,12434.rb,rb
12435,overflow\12435.rb,windows,overflow,12435.rb,rb
12436,overflow\12436.c,windows,overflow,12436.c,c
12437,file path\12437.pl,windows,file path,12437.pl,pl
12438,overflow\12438.pl,windows,overflow,12438.pl,pl
12439,overflow\12439.rb,windows,overflow,12439.rb,rb
12440,overflow\12440.rb,windows,overflow,12440.rb,rb
12441,overflow\12441.py,windows,overflow,12441.py,py
12442,overflow\12442.py,windows,overflow,12442.py,py
12443,overflow\12443.rb,windows,overflow,12443.rb,rb
12444,overflow\12444.pl,windows,overflow,12444.pl,pl
12445,overflow\12445.rb,windows,overflow,12445.rb,rb
12446,overflow\12446.pl,windows,overflow,12446.pl,pl
12447,overflow\12447.py,windows,overflow,12447.py,py
12448,overflow\12448.py,windows,overflow,12448.py,py
12449,overflow\12449.rb,windows,overflow,12449.rb,rb
12450,overflow\12450.py,windows,overflow,12450.py,py
12451,overflow\12451.py,windows,overflow,12451.py,py
12452,file path\12452.php,windows,file path,12452.php,php
12453,overflow\12453.rb,windows,overflow,12453.rb,rb
12454,overflow\12454.py,windows,overflow,12454.py,py
12455,overflow\12455.html,windows,overflow,12455.html,html
12456,file path\12456.py,windows,file path,12456.py,py
12457,overflow\12457.c,windows,overflow,12457.c,c
12458,overflow\12458.py,windows,overflow,12458.py,py
12459,overflow\12459.rb,windows,overflow,12459.rb,rb
12460,overflow\12460.py,windows,overflow,12460.py,py
12461,overflow\12461.rb,windows,overflow,12461.rb,rb
12462,overflow\12462.rb,windows,overflow,12462.rb,rb
12463,overflow\12463.html,windows,overflow,12463.html,html
12464,overflow\12464.html,windows,overflow,12464.html,html
12465,overflow\12465.html,windows,overflow,12465.html,html
12466,overflow\12466.html,windows,overflow,12466.html,html
12467,overflow\12467.rb,windows,overflow,12467.rb,rb
12468,overflow\12468.rb,windows,overflow,12468.rb,rb
12469,overflow\12469.c,windows,overflow,12469.c,c
12470,overflow\12470.rb,windows,overflow,12470.rb,rb
12471,overflow\12471.py,windows,overflow,12471.py,py
12472,denial of service\12472.rb,windows,denial of service,12472.rb,rb
12473,overflow\12473.html,windows,overflow,12473.html,html
12474,overflow\12474.html,windows,overflow,12474.html,html
12475,overflow\12475.rb,windows,overflow,12475.rb,rb
12476,overflow\12476.html,windows,overflow,12476.html,html
12477,overflow\12477.rb,windows,overflow,12477.rb,rb
12478,overflow\12478.py,windows,overflow,12478.py,py
12479,overflow\12479.py,windows,overflow,12479.py,py
12480,overflow\12480.html,windows,overflow,12480.html,html
12481,overflow\12481.rb,windows,overflow,12481.rb,rb
12482,overflow\12482.html,windows,overflow,12482.html,html
12483,overflow\12483.html,windows,overflow,12483.html,html
12484,overflow\12484.py,windows,overflow,12484.py,py
12485,overflow\12485.py,windows,overflow,12485.py,py
12486,overflow\12486.py,windows,overflow,12486.py,py
12487,overflow\12487.py,windows,overflow,12487.py,py
12488,overflow\12488.py,windows,overflow,12488.py,py
12489,overflow\12489.py,windows,overflow,12489.py,py
12490,overflow\12490.rb,windows,overflow,12490.rb,rb
12491,overflow\12491.rb,windows,overflow,12491.rb,rb
12492,overflow\12492.c,windows,overflow,12492.c,c
12493,overflow\12493.pl,windows,overflow,12493.pl,pl
12494,overflow\12494.py,windows,overflow,12494.py,py
12495,overflow\12495.rb,windows,overflow,12495.rb,rb
12496,overflow\12496.pl,windows,overflow,12496.pl,pl
12497,overflow\12497.rb,windows,overflow,12497.rb,rb
12498,overflow\12498.pl,windows,overflow,12498.pl,pl
12499,overflow\12499.c,windows,overflow,12499.c,c
12500,overflow\12500.pl,windows,overflow,12500.pl,pl
12501,overflow\12501.pl,windows,overflow,12501.pl,pl
12502,overflow\12502.py,windows,overflow,12502.py,py
12503,injection\12503.rb,windows,injection,12503.rb,rb
12504,injection\12504.rb,windows,injection,12504.rb,rb
12505,injection\12505.rb,windows,injection,12505.rb,rb
12506,overflow\12506.pl,windows,overflow,12506.pl,pl
12507,overflow\12507.pl,windows,overflow,12507.pl,pl
12508,overflow\12508.rb,windows,overflow,12508.rb,rb
12509,overflow\12509.rb,windows,overflow,12509.rb,rb
12510,overflow\12510.pl,windows,overflow,12510.pl,pl
12511,overflow\12511.rb,windows,overflow,12511.rb,rb
12512,overflow\12512.c,windows,overflow,12512.c,c
12513,overflow\12513.rb,windows,overflow,12513.rb,rb
12514,overflow\12514.rb,windows,overflow,12514.rb,rb
12515,overflow\12515.c,windows,overflow,12515.c,c
12516,overflow\12516.c,windows,overflow,12516.c,c
12517,overflow\12517.rb,windows,overflow,12517.rb,rb
12518,overflow\12518.pl,windows,overflow,12518.pl,pl
12519,overflow\12519.rb,windows,overflow,12519.rb,rb
12520,overflow\12520.rb,windows,overflow,12520.rb,rb
12521,overflow\12521.c,windows,overflow,12521.c,c
12522,overflow\12522.pl,windows,overflow,12522.pl,pl
12523,overflow\12523.py,windows,overflow,12523.py,py
12524,overflow\12524.rb,windows,overflow,12524.rb,rb
12525,overflow\12525.pl,windows,overflow,12525.pl,pl
12526,overflow\12526.pl,windows,overflow,12526.pl,pl
12527,overflow\12527.pl,windows,overflow,12527.pl,pl
12528,overflow\12528.rb,windows,overflow,12528.rb,rb
12529,overflow\12529.pl,windows,overflow,12529.pl,pl
12530,overflow\12530.c,windows,overflow,12530.c,c
12531,overflow\12531.c,windows,overflow,12531.c,c
12532,overflow\12532.py,windows,overflow,12532.py,py
12533,overflow\12533.c,windows,overflow,12533.c,c
12534,overflow\12534.rb,windows,overflow,12534.rb,rb
12535,overflow\12535.rb,windows,overflow,12535.rb,rb
12536,overflow\12536.rb,windows,overflow,12536.rb,rb
12537,overflow\12537.rb,windows,overflow,12537.rb,rb
12538,overflow\12538.c,windows,overflow,12538.c,c
12539,overflow\12539.html,windows,overflow,12539.html,html
12540,overflow\12540.html,windows,overflow,12540.html,html
12541,overflow\12541.html,windows,overflow,12541.html,html
12542,overflow\12542.rb,windows,overflow,12542.rb,rb
12543,overflow\12543.py,windows,overflow,12543.py,py
12544,overflow\12544.rb,windows,overflow,12544.rb,rb
12545,overflow\12545.rb,windows,overflow,12545.rb,rb
12546,overflow\12546.rb,windows,overflow,12546.rb,rb
12547,overflow\12547.c,windows,overflow,12547.c,c
12548,overflow\12548.c,windows,overflow,12548.c,c
12549,overflow\12549.pl,windows,overflow,12549.pl,pl
12550,injection\12550.rb,windows,injection,12550.rb,rb
12551,overflow\12551.rb,windows,overflow,12551.rb,rb
12552,overflow\12552.rb,windows,overflow,12552.rb,rb
12553,overflow\12553.rb,windows,overflow,12553.rb,rb
12554,overflow\12554.rb,windows,overflow,12554.rb,rb
12555,overflow\12555.rb,windows,overflow,12555.rb,rb
12556,overflow\12556.rb,windows,overflow,12556.rb,rb
12557,overflow\12557.c,windows,overflow,12557.c,c
12558,overflow\12558.rb,windows,overflow,12558.rb,rb
12559,overflow\12559.rb,windows,overflow,12559.rb,rb
12560,overflow\12560.pl,windows,overflow,12560.pl,pl
12561,overflow\12561.c,windows,overflow,12561.c,c
12562,overflow\12562.c,windows,overflow,12562.c,c
12563,overflow\12563.c,windows,overflow,12563.c,c
12564,overflow\12564.c,windows,overflow,12564.c,c
12565,overflow\12565.c,windows,overflow,12565.c,c
12566,file path\12566.c,windows,file path,12566.c,c
12567,file path\12567.pl,windows,file path,12567.pl,pl
12568,file path\12568.c,windows,file path,12568.c,c
12569,file path\12569.php,windows,file path,12569.php,php
12570,file path\12570.pl,windows,file path,12570.pl,pl
12571,file path\12571.c,windows,file path,12571.c,c
12572,file path\12572.pl,windows,file path,12572.pl,pl
12573,file path\12573.pl,windows,file path,12573.pl,pl
12574,file path\12574.c,windows,file path,12574.c,c
12575,overflow\12575.pl,windows,overflow,12575.pl,pl
12576,overflow\12576.c,windows,overflow,12576.c,c
12577,overflow\12577.pl,windows,overflow,12577.pl,pl
12578,overflow\12578.c,windows,overflow,12578.c,c
12579,overflow\12579.c,windows,overflow,12579.c,c
12580,overflow\12580.rb,windows,overflow,12580.rb,rb
12581,overflow\12581.rb,windows,overflow,12581.rb,rb
12582,overflow\12582.c,windows,overflow,12582.c,c
12583,overflow\12583.rb,windows,overflow,12583.rb,rb
12584,overflow\12584.pl,windows,overflow,12584.pl,pl
12585,overflow\12585.pl,windows,overflow,12585.pl,pl
12586,overflow\12586.py,windows,overflow,12586.py,py
12587,overflow\12587.rb,windows,overflow,12587.rb,rb
12588,file path\12588.c,windows,file path,12588.c,c
12589,overflow\12589.c,windows,overflow,12589.c,c
12590,overflow\12590.pl,windows,overflow,12590.pl,pl
12591,overflow\12591.html,windows,overflow,12591.html,html
12592,overflow\12592.pl,windows,overflow,12592.pl,pl
12593,overflow\12593.html,windows,overflow,12593.html,html
12594,overflow\12594.html,windows,overflow,12594.html,html
12595,overflow\12595.html,windows,overflow,12595.html,html
12596,overflow\12596.c,windows,overflow,12596.c,c
12597,overflow\12597.pl,windows,overflow,12597.pl,pl
12598,overflow\12598.rb,windows,overflow,12598.rb,rb
12599,overflow\12599.c,windows,overflow,12599.c,c
12600,overflow\12600.rb,windows,overflow,12600.rb,rb
12601,overflow\12601.rb,windows,overflow,12601.rb,rb
12602,overflow\12602.rb,windows,overflow,12602.rb,rb
12603,overflow\12603.c,windows,overflow,12603.c,c
12604,overflow\12604.html,windows,overflow,12604.html,html
12605,overflow\12605.html,windows,overflow,12605.html,html
12606,overflow\12606.rb,windows,overflow,12606.rb,rb
12607,overflow\12607.rb,windows,overflow,12607.rb,rb
12608,overflow\12608.html,windows,overflow,12608.html,html
12609,overflow\12609.pl,windows,overflow,12609.pl,pl
12610,overflow\12610.pl,windows,overflow,12610.pl,pl
12611,overflow\12611.html,windows,overflow,12611.html,html
12612,overflow\12612.pl,windows,overflow,12612.pl,pl
12613,overflow\12613.html,windows,overflow,12613.html,html
12614,overflow\12614.html,windows,overflow,12614.html,html
12615,overflow\12615.html,windows,overflow,12615.html,html
12616,overflow\12616.py,windows,overflow,12616.py,py
12617,overflow\12617.rb,windows,overflow,12617.rb,rb
12618,overflow\12618.rb,windows,overflow,12618.rb,rb
12619,overflow\12619.rb,windows,overflow,12619.rb,rb
12620,overflow\12620.rb,windows,overflow,12620.rb,rb
12621,overflow\12621.c,windows,overflow,12621.c,c
12622,overflow\12622.rb,windows,overflow,12622.rb,rb
12623,overflow\12623.py,windows,overflow,12623.py,py
12624,overflow\12624.pl,windows,overflow,12624.pl,pl
12625,overflow\12625.rb,windows,overflow,12625.rb,rb
12626,overflow\12626.pl,windows,overflow,12626.pl,pl
12627,overflow\12627.rb,windows,overflow,12627.rb,rb
12628,overflow\12628.c,windows,overflow,12628.c,c
12629,overflow\12629.rb,windows,overflow,12629.rb,rb
12630,overflow\12630.rb,windows,overflow,12630.rb,rb
12631,overflow\12631.rb,windows,overflow,12631.rb,rb
12632,overflow\12632.rb,windows,overflow,12632.rb,rb
12633,overflow\12633.rb,windows,overflow,12633.rb,rb
12634,overflow\12634.html,windows,overflow,12634.html,html
12635,overflow\12635.html,windows,overflow,12635.html,html
12636,overflow\12636.html,windows,overflow,12636.html,html
12637,overflow\12637.rb,windows,overflow,12637.rb,rb
12638,injection\12638.rb,windows,injection,12638.rb,rb
12639,overflow\12639.rb,windows,overflow,12639.rb,rb
12640,injection\12640.rb,windows,injection,12640.rb,rb
12641,overflow\12641.html,windows,overflow,12641.html,html
12642,overflow\12642.rb,windows,overflow,12642.rb,rb
12643,overflow\12643.c,windows,overflow,12643.c,c
12644,overflow\12644.rb,windows,overflow,12644.rb,rb
12645,overflow\12645.c,windows,overflow,12645.c,c
12646,overflow\12646.py,windows,overflow,12646.py,py
12647,overflow\12647.c,windows,overflow,12647.c,c
12648,overflow\12648.c,windows,overflow,12648.c,c
12649,denial of service\12649.c,windows,denial of service,12649.c,c
12650,overflow\12650.rb,windows,overflow,12650.rb,rb
12651,overflow\12651.rb,windows,overflow,12651.rb,rb
12652,overflow\12652.py,windows,overflow,12652.py,py
12653,overflow\12653.rb,windows,overflow,12653.rb,rb
12654,overflow\12654.c,windows,overflow,12654.c,c
12655,overflow\12655.rb,windows,overflow,12655.rb,rb
12656,overflow\12656.c,windows,overflow,12656.c,c
12657,overflow\12657.c,windows,overflow,12657.c,c
12658,overflow\12658.c,windows,overflow,12658.c,c
12659,overflow\12659.c,windows,overflow,12659.c,c
12660,overflow\12660.rb,windows,overflow,12660.rb,rb
12661,overflow\12661.rb,windows,overflow,12661.rb,rb
12662,overflow\12662.c,windows,overflow,12662.c,c
12663,overflow\12663.c,windows,overflow,12663.c,c
12664,overflow\12664.c,windows,overflow,12664.c,c
12665,overflow\12665.c,windows,overflow,12665.c,c
12666,overflow\12666.c,windows,overflow,12666.c,c
12667,overflow\12667.c,windows,overflow,12667.c,c
12668,overflow\12668.c,windows,overflow,12668.c,c
12669,overflow\12669.c,windows,overflow,12669.c,c
12670,overflow\12670.c,windows,overflow,12670.c,c
12671,overflow\12671.html,windows,overflow,12671.html,html
12672,overflow\12672.rb,windows,overflow,12672.rb,rb
12673,overflow\12673.pl,windows,overflow,12673.pl,pl
12674,overflow\12674.html,windows,overflow,12674.html,html
12675,overflow\12675.py,windows,overflow,12675.py,py
12676,overflow\12676.c,windows,overflow,12676.c,c
12677,overflow\12677.rb,windows,overflow,12677.rb,rb
12678,overflow\12678.c,windows,overflow,12678.c,c
12679,overflow\12679.c,windows,overflow,12679.c,c
12680,overflow\12680.pl,windows,overflow,12680.pl,pl
12681,overflow\12681.c,windows,overflow,12681.c,c
12682,overflow\12682.rb,windows,overflow,12682.rb,rb
12683,overflow\12683.c,windows,overflow,12683.c,c
12684,overflow\12684.py,windows,overflow,12684.py,py
12685,overflow\12685.c,windows,overflow,12685.c,c
12686,overflow\12686.c,windows,overflow,12686.c,c
12687,overflow\12687.py,windows,overflow,12687.py,py
12688,overflow\12688.c,windows,overflow,12688.c,c
12689,overflow\12689.c,windows,overflow,12689.c,c
12690,overflow\12690.c,windows,overflow,12690.c,c
12691,overflow\12691.c,windows,overflow,12691.c,c
12692,overflow\12692.rb,windows,overflow,12692.rb,rb
12693,overflow\12693.c,windows,overflow,12693.c,c
12694,overflow\12694.html,windows,overflow,12694.html,html
12695,overflow\12695.rb,windows,overflow,12695.rb,rb
12696,overflow\12696.rb,windows,overflow,12696.rb,rb
12697,overflow\12697.py,windows,overflow,12697.py,py
12698,overflow\12698.py,windows,overflow,12698.py,py
12699,overflow\12699.py,windows,overflow,12699.py,py
12700,overflow\12700.c,windows,overflow,12700.c,c
12701,overflow\12701.c,windows,overflow,12701.c,c
12702,overflow\12702.rb,windows,overflow,12702.rb,rb
12703,file path\12703.py,windows,file path,12703.py,py
12704,overflow\12704.c,windows,overflow,12704.c,c
12705,overflow\12705.rb,windows,overflow,12705.rb,rb
12706,overflow\12706.c,windows,overflow,12706.c,c
12707,overflow\12707.c,windows,overflow,12707.c,c
12708,overflow\12708.rb,windows,overflow,12708.rb,rb
12709,overflow\12709.pl,windows,overflow,12709.pl,pl
12710,overflow\12710.c,windows,overflow,12710.c,c
12711,overflow\12711.pl,windows,overflow,12711.pl,pl
12712,overflow\12712.rb,windows,overflow,12712.rb,rb
12713,file path\12713.rb,windows,file path,12713.rb,rb
12714,file path\12714.pl,windows,file path,12714.pl,pl
12715,file path\12715.py,windows,file path,12715.py,py
12716,overflow\12716.html,windows,overflow,12716.html,html
12717,overflow\12717.html,windows,overflow,12717.html,html
12718,overflow\12718.html,windows,overflow,12718.html,html
12719,overflow\12719.html,windows,overflow,12719.html,html
12720,overflow\12720.rb,windows,overflow,12720.rb,rb
12721,overflow\12721.rb,windows,overflow,12721.rb,rb
12722,overflow\12722.html,windows,overflow,12722.html,html
12723,overflow\12723.html,windows,overflow,12723.html,html
12724,overflow\12724.rb,windows,overflow,12724.rb,rb
12725,overflow\12725.c,windows,overflow,12725.c,c
12726,overflow\12726.py,windows,overflow,12726.py,py
12727,overflow\12727.html,windows,overflow,12727.html,html
12728,overflow\12728.html,windows,overflow,12728.html,html
12729,overflow\12729.html,windows,overflow,12729.html,html
12730,overflow\12730.c,windows,overflow,12730.c,c
12731,overflow\12731.html,windows,overflow,12731.html,html
12732,overflow\12732.c,windows,overflow,12732.c,c
12733,overflow\12733.html,windows,overflow,12733.html,html
12734,overflow\12734.c,windows,overflow,12734.c,c
12735,overflow\12735.rb,windows,overflow,12735.rb,rb
12736,overflow\12736.c,windows,overflow,12736.c,c
12737,overflow\12737.pl,windows,overflow,12737.pl,pl
12738,overflow\12738.pl,windows,overflow,12738.pl,pl
12739,overflow\12739.rb,windows,overflow,12739.rb,rb
12740,overflow\12740.c,windows,overflow,12740.c,c
12741,overflow\12741.rb,windows,overflow,12741.rb,rb
12742,overflow\12742.html,windows,overflow,12742.html,html
12743,overflow\12743.html,windows,overflow,12743.html,html
12744,overflow\12744.c,windows,overflow,12744.c,c
12745,overflow\12745.rb,windows,overflow,12745.rb,rb
12746,overflow\12746.c,windows,overflow,12746.c,c
12747,file path\12747.rb,windows,file path,12747.rb,rb
12748,overflow\12748.py,windows,overflow,12748.py,py
12749,overflow\12749.rb,windows,overflow,12749.rb,rb
12750,overflow\12750.rb,windows,overflow,12750.rb,rb
12751,overflow\12751.rb,windows,overflow,12751.rb,rb
12752,overflow\12752.rb,windows,overflow,12752.rb,rb
12753,overflow\12753.c,windows,overflow,12753.c,c
12754,overflow\12754.rb,windows,overflow,12754.rb,rb
12755,overflow\12755.py,windows,overflow,12755.py,py
12756,overflow\12756.rb,windows,overflow,12756.rb,rb
12757,overflow\12757.py,windows,overflow,12757.py,py
12758,overflow\12758.rb,windows,overflow,12758.rb,rb
12759,overflow\12759.c,windows,overflow,12759.c,c
12760,overflow\12760.rb,windows,overflow,12760.rb,rb
12761,overflow\12761.c,windows,overflow,12761.c,c
12762,overflow\12762.c,windows,overflow,12762.c,c
12763,overflow\12763.html,windows,overflow,12763.html,html
12764,overflow\12764.rb,windows,overflow,12764.rb,rb
12765,overflow\12765.py,windows,overflow,12765.py,py
12766,overflow\12766.c,windows,overflow,12766.c,c
12767,overflow\12767.pl,windows,overflow,12767.pl,pl
12768,overflow\12768.py,windows,overflow,12768.py,py
12769,overflow\12769.c,windows,overflow,12769.c,c
12770,overflow\12770.rb,windows,overflow,12770.rb,rb
12771,overflow\12771.rb,windows,overflow,12771.rb,rb
12772,overflow\12772.rb,windows,overflow,12772.rb,rb
12773,overflow\12773.rb,windows,overflow,12773.rb,rb
12774,overflow\12774.rb,windows,overflow,12774.rb,rb
12775,overflow\12775.rb,windows,overflow,12775.rb,rb
12776,overflow\12776.rb,windows,overflow,12776.rb,rb
12777,overflow\12777.rb,windows,overflow,12777.rb,rb
12778,overflow\12778.rb,windows,overflow,12778.rb,rb
12779,overflow\12779.rb,windows,overflow,12779.rb,rb
12780,overflow\12780.py,windows,overflow,12780.py,py
12781,overflow\12781.html,windows,overflow,12781.html,html
12782,overflow\12782.rb,windows,overflow,12782.rb,rb
12783,overflow\12783.rb,windows,overflow,12783.rb,rb
12784,overflow\12784.rb,windows,overflow,12784.rb,rb
12785,overflow\12785.rb,windows,overflow,12785.rb,rb
12786,overflow\12786.rb,windows,overflow,12786.rb,rb
12787,overflow\12787.rb,windows,overflow,12787.rb,rb
12788,overflow\12788.rb,windows,overflow,12788.rb,rb
12789,overflow\12789.rb,windows,overflow,12789.rb,rb
12790,overflow\12790.rb,windows,overflow,12790.rb,rb
12791,overflow\12791.rb,windows,overflow,12791.rb,rb
12792,overflow\12792.rb,windows,overflow,12792.rb,rb
12793,overflow\12793.rb,windows,overflow,12793.rb,rb
12794,overflow\12794.html,windows,overflow,12794.html,html
12795,overflow\12795.rb,windows,overflow,12795.rb,rb
12796,overflow\12796.rb,windows,overflow,12796.rb,rb
12797,overflow\12797.c,windows,overflow,12797.c,c
12798,overflow\12798.c,windows,overflow,12798.c,c
12799,overflow\12799.html,windows,overflow,12799.html,html
12800,injection\12800.rb,windows,injection,12800.rb,rb
12801,overflow\12801.html,windows,overflow,12801.html,html
12802,file path\12802.html,windows,file path,12802.html,html
12803,file path\12803.html,windows,file path,12803.html,html
12804,overflow\12804.rb,windows,overflow,12804.rb,rb
12805,overflow\12805.rb,windows,overflow,12805.rb,rb
12806,overflow\12806.c,windows,overflow,12806.c,c
12807,overflow\12807.pl,windows,overflow,12807.pl,pl
12808,injection\12808.html,windows,injection,12808.html,html
12809,file path\12809.pl,windows,file path,12809.pl,pl
12810,injection\12810.html,windows,injection,12810.html,html
12811,file path\12811.html,windows,file path,12811.html,html
12812,overflow\12812.rb,windows,overflow,12812.rb,rb
12813,overflow\12813.rb,windows,overflow,12813.rb,rb
12814,overflow\12814.c,windows,overflow,12814.c,c
12815,overflow\12815.rb,windows,overflow,12815.rb,rb
12816,overflow\12816.py,windows,overflow,12816.py,py
12817,injection\12817.pl,windows,injection,12817.pl,pl
12818,overflow\12818.rb,windows,overflow,12818.rb,rb
12819,overflow\12819.rb,windows,overflow,12819.rb,rb
12820,overflow\12820.html,windows,overflow,12820.html,html
12821,overflow\12821.rb,windows,overflow,12821.rb,rb
12822,overflow\12822.rb,windows,overflow,12822.rb,rb
12823,overflow\12823.pl,windows,overflow,12823.pl,pl
12824,overflow\12824.c,windows,overflow,12824.c,c
12825,overflow\12825.pl,windows,overflow,12825.pl,pl
12826,overflow\12826.rb,windows,overflow,12826.rb,rb
12827,overflow\12827.html,windows,overflow,12827.html,html
12828,overflow\12828.c,windows,overflow,12828.c,c
12829,overflow\12829.rb,windows,overflow,12829.rb,rb
12830,overflow\12830.py,windows,overflow,12830.py,py
12831,overflow\12831.py,windows,overflow,12831.py,py
12832,overflow\12832.py,windows,overflow,12832.py,py
12833,overflow\12833.py,windows,overflow,12833.py,py
12834,overflow\12834.py,windows,overflow,12834.py,py
12835,overflow\12835.py,windows,overflow,12835.py,py
12836,overflow\12836.py,windows,overflow,12836.py,py
12837,overflow\12837.py,windows,overflow,12837.py,py
12838,overflow\12838.py,windows,overflow,12838.py,py
12839,overflow\12839.py,windows,overflow,12839.py,py
12840,overflow\12840.py,windows,overflow,12840.py,py
12841,overflow\12841.py,windows,overflow,12841.py,py
12842,file path\12842.py,windows,file path,12842.py,py
12843,overflow\12843.py,windows,overflow,12843.py,py
12844,overflow\12844.py,windows,overflow,12844.py,py
12845,overflow\12845.py,windows,overflow,12845.py,py
12846,overflow\12846.py,windows,overflow,12846.py,py
12847,overflow\12847.rb,windows,overflow,12847.rb,rb
12848,overflow\12848.py,windows,overflow,12848.py,py
12849,overflow\12849.php,windows,overflow,12849.php,php
12850,injection\12850.rb,windows,injection,12850.rb,rb
12851,overflow\12851.html,windows,overflow,12851.html,html
12852,overflow\12852.rb,windows,overflow,12852.rb,rb
12853,file path\12853.rb,windows,file path,12853.rb,rb
12854,overflow\12854.html,windows,overflow,12854.html,html
12855,overflow\12855.rb,windows,overflow,12855.rb,rb
12856,overflow\12856.c,windows,overflow,12856.c,c
12857,file path\12857.pl,windows,file path,12857.pl,pl
12858,file path\12858.pl,windows,file path,12858.pl,pl
12859,overflow\12859.py,windows,overflow,12859.py,py
12860,overflow\12860.c,windows,overflow,12860.c,c
12861,overflow\12861.c,windows,overflow,12861.c,c
12862,overflow\12862.rb,windows,overflow,12862.rb,rb
12863,overflow\12863.rb,windows,overflow,12863.rb,rb
12864,overflow\12864.c,windows,overflow,12864.c,c
12865,overflow\12865.rb,windows,overflow,12865.rb,rb
12866,overflow\12866.rb,windows,overflow,12866.rb,rb
12867,overflow\12867.py,windows,overflow,12867.py,py
12868,overflow\12868.pl,windows,overflow,12868.pl,pl
12869,overflow\12869.pl,windows,overflow,12869.pl,pl
12870,overflow\12870.html,windows,overflow,12870.html,html
12871,overflow\12871.c,windows,overflow,12871.c,c
12872,overflow\12872.rb,windows,overflow,12872.rb,rb
12873,overflow\12873.rb,windows,overflow,12873.rb,rb
12874,overflow\12874.rb,windows,overflow,12874.rb,rb
12875,overflow\12875.rb,windows,overflow,12875.rb,rb
12876,overflow\12876.pl,windows,overflow,12876.pl,pl
12877,overflow\12877.rb,windows,overflow,12877.rb,rb
12878,overflow\12878.pl,windows,overflow,12878.pl,pl
12879,overflow\12879.py,windows,overflow,12879.py,py
12880,overflow\12880.pl,windows,overflow,12880.pl,pl
12881,overflow\12881.rb,windows,overflow,12881.rb,rb
12882,overflow\12882.c,windows,overflow,12882.c,c
12883,overflow\12883.c,windows,overflow,12883.c,c
12884,overflow\12884.c,windows,overflow,12884.c,c
12885,overflow\12885.c,windows,overflow,12885.c,c
12886,overflow\12886.c,windows,overflow,12886.c,c
12887,overflow\12887.c,windows,overflow,12887.c,c
12888,overflow\12888.rb,windows,overflow,12888.rb,rb
12889,overflow\12889.rb,windows,overflow,12889.rb,rb
12890,overflow\12890.pl,windows,overflow,12890.pl,pl
12891,overflow\12891.c,windows,overflow,12891.c,c
12892,overflow\12892.py,windows,overflow,12892.py,py
12893,overflow\12893.pl,windows,overflow,12893.pl,pl
12894,overflow\12894.py,windows,overflow,12894.py,py
12895,overflow\12895.rb,windows,overflow,12895.rb,rb
12896,file path\12896.py,windows,file path,12896.py,py
12897,file path\12897.rb,windows,file path,12897.rb,rb
12898,overflow\12898.html,windows,overflow,12898.html,html
12899,overflow\12899.html,windows,overflow,12899.html,html
12900,overflow\12900.html,windows,overflow,12900.html,html
12901,overflow\12901.rb,windows,overflow,12901.rb,rb
12902,overflow\12902.rb,windows,overflow,12902.rb,rb
12903,overflow\12903.pl,windows,overflow,12903.pl,pl
12904,overflow\12904.rb,windows,overflow,12904.rb,rb
12905,overflow\12905.c,windows,overflow,12905.c,c
12906,file path\12906.php,windows,file path,12906.php,php
12907,overflow\12907.c,windows,overflow,12907.c,c
12908,overflow\12908.html,windows,overflow,12908.html,html
12909,overflow\12909.py,windows,overflow,12909.py,py
12910,overflow\12910.c,windows,overflow,12910.c,c
12911,overflow\12911.c,windows,overflow,12911.c,c
12912,overflow\12912.rb,windows,overflow,12912.rb,rb
12913,overflow\12913.rb,windows,overflow,12913.rb,rb
12914,overflow\12914.rb,windows,overflow,12914.rb,rb
12915,overflow\12915.rb,windows,overflow,12915.rb,rb
12916,overflow\12916.c,windows,overflow,12916.c,c
12917,overflow\12917.c,windows,overflow,12917.c,c
12918,overflow\12918.c,windows,overflow,12918.c,c
12919,overflow\12919.rb,windows,overflow,12919.rb,rb
12920,overflow\12920.rb,windows,overflow,12920.rb,rb
12921,overflow\12921.rb,windows,overflow,12921.rb,rb
12922,overflow\12922.html,windows,overflow,12922.html,html
12923,overflow\12923.pl,windows,overflow,12923.pl,pl
12924,overflow\12924.rb,windows,overflow,12924.rb,rb
12925,overflow\12925.rb,windows,overflow,12925.rb,rb
12926,overflow\12926.c,windows,overflow,12926.c,c
12927,overflow\12927.c,windows,overflow,12927.c,c
12928,overflow\12928.c,windows,overflow,12928.c,c
12929,overflow\12929.c,windows,overflow,12929.c,c
12930,overflow\12930.c,windows,overflow,12930.c,c
12931,overflow\12931.c,windows,overflow,12931.c,c
12932,overflow\12932.rb,windows,overflow,12932.rb,rb
12933,overflow\12933.rb,windows,overflow,12933.rb,rb
12934,overflow\12934.html,windows,overflow,12934.html,html
12935,overflow\12935.rb,windows,overflow,12935.rb,rb
12936,overflow\12936.c,windows,overflow,12936.c,c
12937,overflow\12937.pl,windows,overflow,12937.pl,pl
12938,overflow\12938.rb,windows,overflow,12938.rb,rb
12939,overflow\12939.html,windows,overflow,12939.html,html
12940,overflow\12940.html,windows,overflow,12940.html,html
12941,overflow\12941.html,windows,overflow,12941.html,html
12942,overflow\12942.html,windows,overflow,12942.html,html
12943,overflow\12943.html,windows,overflow,12943.html,html
12944,overflow\12944.html,windows,overflow,12944.html,html
12945,overflow\12945.pl,windows,overflow,12945.pl,pl
12946,overflow\12946.py,windows,overflow,12946.py,py
12947,overflow\12947.rb,windows,overflow,12947.rb,rb
12948,overflow\12948.rb,windows,overflow,12948.rb,rb
12949,overflow\12949.rb,windows,overflow,12949.rb,rb
12950,overflow\12950.py,windows,overflow,12950.py,py
12951,overflow\12951.py,windows,overflow,12951.py,py
12952,overflow\12952.html,windows,overflow,12952.html,html
12953,overflow\12953.rb,windows,overflow,12953.rb,rb
12954,overflow\12954.rb,windows,overflow,12954.rb,rb
12955,overflow\12955.py,windows,overflow,12955.py,py
12956,overflow\12956.rb,windows,overflow,12956.rb,rb
12957,overflow\12957.rb,windows,overflow,12957.rb,rb
12958,overflow\12958.c,windows,overflow,12958.c,c
12959,overflow\12959.html,windows,overflow,12959.html,html
12960,injection\12960.html,windows,injection,12960.html,html
12961,overflow\12961.rb,windows,overflow,12961.rb,rb
12962,injection\12962.rb,windows,injection,12962.rb,rb
12963,overflow\12963.rb,windows,overflow,12963.rb,rb
12964,overflow\12964.c,windows,overflow,12964.c,c
12965,overflow\12965.c,windows,overflow,12965.c,c
12966,overflow\12966.rb,windows,overflow,12966.rb,rb
12967,overflow\12967.html,windows,overflow,12967.html,html
12968,overflow\12968.rb,windows,overflow,12968.rb,rb
12969,overflow\12969.c,windows,overflow,12969.c,c
12970,overflow\12970.py,windows,overflow,12970.py,py
12971,overflow\12971.pl,windows,overflow,12971.pl,pl
12972,overflow\12972.pl,windows,overflow,12972.pl,pl
12973,overflow\12973.py,windows,overflow,12973.py,py
12974,overflow\12974.pl,windows,overflow,12974.pl,pl
12975,overflow\12975.py,windows,overflow,12975.py,py
12976,overflow\12976.py,windows,overflow,12976.py,py
12977,overflow\12977.py,windows,overflow,12977.py,py
12978,overflow\12978.rb,windows,overflow,12978.rb,rb
12979,overflow\12979.rb,windows,overflow,12979.rb,rb
12980,overflow\12980.py,windows,overflow,12980.py,py
12981,overflow\12981.rb,windows,overflow,12981.rb,rb
12982,overflow\12982.py,windows,overflow,12982.py,py
12983,overflow\12983.rb,windows,overflow,12983.rb,rb
12984,overflow\12984.py,windows,overflow,12984.py,py
12985,overflow\12985.c,windows,overflow,12985.c,c
12986,overflow\12986.c,windows,overflow,12986.c,c
12987,overflow\12987.rb,windows,overflow,12987.rb,rb
12988,overflow\12988.c,windows,overflow,12988.c,c
12989,overflow\12989.rb,windows,overflow,12989.rb,rb
12990,overflow\12990.html,windows,overflow,12990.html,html
12991,overflow\12991.rb,windows,overflow,12991.rb,rb
12992,overflow\12992.c,windows,overflow,12992.c,c
12993,overflow\12993.pl,windows,overflow,12993.pl,pl
12994,overflow\12994.rb,windows,overflow,12994.rb,rb
12995,overflow\12995.rb,windows,overflow,12995.rb,rb
12996,overflow\12996.c,windows,overflow,12996.c,c
12997,overflow\12997.c,windows,overflow,12997.c,c
12998,overflow\12998.pl,windows,overflow,12998.pl,pl
12999,overflow\12999.py,windows,overflow,12999.py,py
13000,overflow\13000.rb,windows,overflow,13000.rb,rb
13001,overflow\13001.py,windows,overflow,13001.py,py
13002,overflow\13002.rb,windows,overflow,13002.rb,rb
13003,overflow\13003.rb,windows,overflow,13003.rb,rb
13004,overflow\13004.rb,windows,overflow,13004.rb,rb
13005,overflow\13005.rb,windows,overflow,13005.rb,rb
13006,overflow\13006.rb,windows,overflow,13006.rb,rb
13007,overflow\13007.html,windows,overflow,13007.html,html
13008,overflow\13008.html,windows,overflow,13008.html,html
13009,overflow\13009.rb,windows,overflow,13009.rb,rb
13010,overflow\13010.py,windows,overflow,13010.py,py
13011,overflow\13011.rb,windows,overflow,13011.rb,rb
13012,overflow\13012.pl,windows,overflow,13012.pl,pl
13013,file path\13013.pl,windows,file path,13013.pl,pl
13014,overflow\13014.rb,windows,overflow,13014.rb,rb
13015,overflow\13015.rb,windows,overflow,13015.rb,rb
13016,overflow\13016.pl,windows,overflow,13016.pl,pl
13017,overflow\13017.c,windows,overflow,13017.c,c
13018,overflow\13018.rb,windows,overflow,13018.rb,rb
13019,overflow\13019.c,windows,overflow,13019.c,c
13020,overflow\13020.c,windows,overflow,13020.c,c
13021,overflow\13021.c,windows,overflow,13021.c,c
13022,overflow\13022.c,windows,overflow,13022.c,c
13023,overflow\13023.py,windows,overflow,13023.py,py
13024,overflow\13024.rb,windows,overflow,13024.rb,rb
13025,overflow\13025.rb,windows,overflow,13025.rb,rb
13026,overflow\13026.py,windows,overflow,13026.py,py
13027,overflow\13027.py,windows,overflow,13027.py,py
13028,overflow\13028.rb,windows,overflow,13028.rb,rb
13029,injection\13029.py,windows,injection,13029.py,py
13030,injection\13030.rb,windows,injection,13030.rb,rb
13031,overflow\13031.rb,windows,overflow,13031.rb,rb
13032,overflow\13032.py,windows,overflow,13032.py,py
13033,overflow\13033.py,windows,overflow,13033.py,py
13034,overflow\13034.rb,windows,overflow,13034.rb,rb
13035,overflow\13035.py,windows,overflow,13035.py,py
13036,overflow\13036.c,windows,overflow,13036.c,c
13037,overflow\13037.py,windows,overflow,13037.py,py
13038,overflow\13038.py,windows,overflow,13038.py,py
13039,overflow\13039.html,windows,overflow,13039.html,html
13040,overflow\13040.rb,windows,overflow,13040.rb,rb
13041,overflow\13041.c,windows,overflow,13041.c,c
13042,overflow\13042.rb,windows,overflow,13042.rb,rb
13043,overflow\13043.pl,windows,overflow,13043.pl,pl
13044,overflow\13044.rb,windows,overflow,13044.rb,rb
13045,overflow\13045.py,windows,overflow,13045.py,py
13046,overflow\13046.rb,windows,overflow,13046.rb,rb
13047,overflow\13047.html,windows,overflow,13047.html,html
13048,overflow\13048.rb,windows,overflow,13048.rb,rb
13049,overflow\13049.rb,windows,overflow,13049.rb,rb
13050,injection\13050.rb,windows,injection,13050.rb,rb
13051,overflow\13051.html,windows,overflow,13051.html,html
13052,overflow\13052.rb,windows,overflow,13052.rb,rb
13053,overflow\13053.rb,windows,overflow,13053.rb,rb
13054,overflow\13054.rb,windows,overflow,13054.rb,rb
13055,overflow\13055.html,windows,overflow,13055.html,html
13056,overflow\13056.rb,windows,overflow,13056.rb,rb
13057,overflow\13057.py,windows,overflow,13057.py,py
13058,overflow\13058.rb,windows,overflow,13058.rb,rb
13059,overflow\13059.rb,windows,overflow,13059.rb,rb
13060,overflow\13060.py,windows,overflow,13060.py,py
13061,overflow\13061.py,windows,overflow,13061.py,py
13062,overflow\13062.rb,windows,overflow,13062.rb,rb
13063,overflow\13063.py,windows,overflow,13063.py,py
13064,overflow\13064.py,windows,overflow,13064.py,py
13065,overflow\13065.py,windows,overflow,13065.py,py
13066,overflow\13066.py,windows,overflow,13066.py,py
13067,overflow\13067.py,windows,overflow,13067.py,py
13068,overflow\13068.py,windows,overflow,13068.py,py
13069,overflow\13069.rb,windows,overflow,13069.rb,rb
13070,overflow\13070.py,windows,overflow,13070.py,py
13071,file path\13071.py,windows,file path,13071.py,py
13072,overflow\13072.py,windows,overflow,13072.py,py
13073,overflow\13073.rb,windows,overflow,13073.rb,rb
13074,overflow\13074.py,windows,overflow,13074.py,py
13075,overflow\13075.rb,windows,overflow,13075.rb,rb
13076,overflow\13076.py,windows,overflow,13076.py,py
13077,overflow\13077.py,windows,overflow,13077.py,py
13078,overflow\13078.rb,windows,overflow,13078.rb,rb
13079,overflow\13079.py,windows,overflow,13079.py,py
13080,overflow\13080.c,windows,overflow,13080.c,c
13081,overflow\13081.py,windows,overflow,13081.py,py
13082,overflow\13082.rb,windows,overflow,13082.rb,rb
13083,overflow\13083.pl,windows,overflow,13083.pl,pl
13084,overflow\13084.rb,windows,overflow,13084.rb,rb
13085,overflow\13085.html,windows,overflow,13085.html,html
13086,overflow\13086.c,windows,overflow,13086.c,c
13087,overflow\13087.pl,windows,overflow,13087.pl,pl
13088,overflow\13088.c,windows,overflow,13088.c,c
13089,overflow\13089.c,windows,overflow,13089.c,c
13090,overflow\13090.rb,windows,overflow,13090.rb,rb
13091,overflow\13091.py,windows,overflow,13091.py,py
13092,overflow\13092.py,windows,overflow,13092.py,py
13093,overflow\13093.py,windows,overflow,13093.py,py
13094,overflow\13094.py,windows,overflow,13094.py,py
13095,overflow\13095.rb,windows,overflow,13095.rb,rb
13096,overflow\13096.pl,windows,overflow,13096.pl,pl
13097,overflow\13097.pl,windows,overflow,13097.pl,pl
13098,overflow\13098.rb,windows,overflow,13098.rb,rb
13099,overflow\13099.c,windows,overflow,13099.c,c
13100,overflow\13100.rb,windows,overflow,13100.rb,rb
13101,overflow\13101.py,windows,overflow,13101.py,py
13102,overflow\13102.rb,windows,overflow,13102.rb,rb
13103,overflow\13103.c,windows,overflow,13103.c,c
13104,overflow\13104.c,windows,overflow,13104.c,c
13105,overflow\13105.html,windows,overflow,13105.html,html
13106,overflow\13106.html,windows,overflow,13106.html,html
13107,overflow\13107.c,windows,overflow,13107.c,c
13108,overflow\13108.rb,windows,overflow,13108.rb,rb
13109,overflow\13109.pl,windows,overflow,13109.pl,pl
13110,overflow\13110.pl,windows,overflow,13110.pl,pl
13111,overflow\13111.rb,windows,overflow,13111.rb,rb
13112,overflow\13112.rb,windows,overflow,13112.rb,rb
13113,overflow\13113.pl,windows,overflow,13113.pl,pl
13114,overflow\13114.rb,windows,overflow,13114.rb,rb
13115,overflow\13115.html,windows,overflow,13115.html,html
13116,overflow\13116.rb,windows,overflow,13116.rb,rb
13117,overflow\13117.pl,windows,overflow,13117.pl,pl
13118,overflow\13118.c,windows,overflow,13118.c,c
13119,overflow\13119.rb,windows,overflow,13119.rb,rb
13120,overflow\13120.rb,windows,overflow,13120.rb,rb
13121,overflow\13121.rb,windows,overflow,13121.rb,rb
13122,overflow\13122.rb,windows,overflow,13122.rb,rb
13123,overflow\13123.rb,windows,overflow,13123.rb,rb
13124,overflow\13124.c,windows,overflow,13124.c,c
13125,overflow\13125.c,windows,overflow,13125.c,c
13126,overflow\13126.c,windows,overflow,13126.c,c
13127,overflow\13127.pl,windows,overflow,13127.pl,pl
13128,overflow\13128.c,windows,overflow,13128.c,c
13129,overflow\13129.html,windows,overflow,13129.html,html
13130,overflow\13130.rb,windows,overflow,13130.rb,rb
13131,overflow\13131.rb,windows,overflow,13131.rb,rb
13132,file path\13132.pl,windows,file path,13132.pl,pl
13133,overflow\13133.py,windows,overflow,13133.py,py
13134,overflow\13134.rb,windows,overflow,13134.rb,rb
13135,file path\13135.py,windows,file path,13135.py,py
13136,overflow\13136.py,windows,overflow,13136.py,py
13137,overflow\13137.html,windows,overflow,13137.html,html
13138,overflow\13138.rb,windows,overflow,13138.rb,rb
13139,overflow\13139.py,windows,overflow,13139.py,py
13140,overflow\13140.py,windows,overflow,13140.py,py
13141,overflow\13141.py,windows,overflow,13141.py,py
13142,overflow\13142.html,windows,overflow,13142.html,html
13143,overflow\13143.rb,windows,overflow,13143.rb,rb
13144,overflow\13144.rb,windows,overflow,13144.rb,rb
13145,overflow\13145.py,windows,overflow,13145.py,py
13146,overflow\13146.rb,windows,overflow,13146.rb,rb
13147,file path\13147.py,windows,file path,13147.py,py
13148,overflow\13148.pl,windows,overflow,13148.pl,pl
13149,overflow\13149.rb,windows,overflow,13149.rb,rb
13150,overflow\13150.py,windows,overflow,13150.py,py
13151,overflow\13151.py,windows,overflow,13151.py,py
13152,overflow\13152.c,windows,overflow,13152.c,c
13153,overflow\13153.html,windows,overflow,13153.html,html
13154,overflow\13154.c,windows,overflow,13154.c,c
13155,overflow\13155.rb,windows,overflow,13155.rb,rb
13156,overflow\13156.rb,windows,overflow,13156.rb,rb
13157,overflow\13157.py,windows,overflow,13157.py,py
13158,overflow\13158.html,windows,overflow,13158.html,html
13159,overflow\13159.rb,windows,overflow,13159.rb,rb
13160,overflow\13160.rb,windows,overflow,13160.rb,rb
13161,overflow\13161.py,windows,overflow,13161.py,py
13162,overflow\13162.c,windows,overflow,13162.c,c
13163,overflow\13163.py,windows,overflow,13163.py,py
13164,overflow\13164.py,windows,overflow,13164.py,py
13165,overflow\13165.rb,windows,overflow,13165.rb,rb
13166,overflow\13166.html,windows,overflow,13166.html,html
13167,overflow\13167.rb,windows,overflow,13167.rb,rb
13168,overflow\13168.php,windows,overflow,13168.php,php
13169,overflow\13169.rb,windows,overflow,13169.rb,rb
13170,overflow\13170.html,windows,overflow,13170.html,html
13171,overflow\13171.rb,windows,overflow,13171.rb,rb
13172,overflow\13172.html,windows,overflow,13172.html,html
13173,overflow\13173.c,windows,overflow,13173.c,c
13174,overflow\13174.rb,windows,overflow,13174.rb,rb
13175,overflow\13175.py,windows,overflow,13175.py,py
13176,overflow\13176.py,windows,overflow,13176.py,py
13177,overflow\13177.py,windows,overflow,13177.py,py
13178,overflow\13178.py,windows,overflow,13178.py,py
13179,overflow\13179.rb,windows,overflow,13179.rb,rb
13180,overflow\13180.rb,windows,overflow,13180.rb,rb
13181,overflow\13181.rb,windows,overflow,13181.rb,rb
13182,overflow\13182.py,windows,overflow,13182.py,py
13183,overflow\13183.pl,windows,overflow,13183.pl,pl
13184,overflow\13184.c,windows,overflow,13184.c,c
13185,overflow\13185.pl,windows,overflow,13185.pl,pl
13186,overflow\13186.c,windows,overflow,13186.c,c
13187,overflow\13187.py,windows,overflow,13187.py,py
13188,overflow\13188.html,windows,overflow,13188.html,html
13189,overflow\13189.html,windows,overflow,13189.html,html
13190,overflow\13190.html,windows,overflow,13190.html,html
13191,overflow\13191.html,windows,overflow,13191.html,html
13192,overflow\13192.html,windows,overflow,13192.html,html
13193,overflow\13193.html,windows,overflow,13193.html,html
13194,overflow\13194.html,windows,overflow,13194.html,html
13195,overflow\13195.html,windows,overflow,13195.html,html
13196,overflow\13196.c,windows,overflow,13196.c,c
13197,overflow\13197.rb,windows,overflow,13197.rb,rb
13198,overflow\13198.c,windows,overflow,13198.c,c
13199,overflow\13199.pl,windows,overflow,13199.pl,pl
13200,overflow\13200.c,windows,overflow,13200.c,c
13201,overflow\13201.c,windows,overflow,13201.c,c
13202,overflow\13202.py,windows,overflow,13202.py,py
13203,overflow\13203.c,windows,overflow,13203.c,c
13204,overflow\13204.pl,windows,overflow,13204.pl,pl
13205,overflow\13205.pl,windows,overflow,13205.pl,pl
13206,overflow\13206.rb,windows,overflow,13206.rb,rb
13207,overflow\13207.py,windows,overflow,13207.py,py
13208,overflow\13208.rb,windows,overflow,13208.rb,rb
13209,overflow\13209.py,windows,overflow,13209.py,py
13210,overflow\13210.rb,windows,overflow,13210.rb,rb
13211,overflow\13211.rb,windows,overflow,13211.rb,rb
13212,overflow\13212.pl,windows,overflow,13212.pl,pl
13213,overflow\13213.pl,windows,overflow,13213.pl,pl
13214,overflow\13214.py,windows,overflow,13214.py,py
13215,overflow\13215.c,windows,overflow,13215.c,c
13216,overflow\13216.rb,windows,overflow,13216.rb,rb
13217,overflow\13217.html,windows,overflow,13217.html,html
13218,overflow\13218.html,windows,overflow,13218.html,html
13219,overflow\13219.c,windows,overflow,13219.c,c
13220,overflow\13220.rb,windows,overflow,13220.rb,rb
13221,overflow\13221.py,windows,overflow,13221.py,py
13222,overflow\13222.rb,windows,overflow,13222.rb,rb
13223,overflow\13223.c,windows,overflow,13223.c,c
13224,overflow\13224.c,windows,overflow,13224.c,c
13225,overflow\13225.py,windows,overflow,13225.py,py
13226,overflow\13226.rb,windows,overflow,13226.rb,rb
13227,overflow\13227.php,windows,overflow,13227.php,php
13228,overflow\13228.py,windows,overflow,13228.py,py
13229,overflow\13229.py,windows,overflow,13229.py,py
13230,overflow\13230.py,windows,overflow,13230.py,py
13231,overflow\13231.py,windows,overflow,13231.py,py
13232,overflow\13232.py,windows,overflow,13232.py,py
13233,overflow\13233.py,windows,overflow,13233.py,py
13234,overflow\13234.py,windows,overflow,13234.py,py
13235,overflow\13235.pl,windows,overflow,13235.pl,pl
13236,overflow\13236.rb,windows,overflow,13236.rb,rb
13237,overflow\13237.pl,windows,overflow,13237.pl,pl
13238,overflow\13238.py,windows,overflow,13238.py,py
13239,overflow\13239.py,windows,overflow,13239.py,py
13240,overflow\13240.pl,windows,overflow,13240.pl,pl
13241,overflow\13241.py,windows,overflow,13241.py,py
13242,overflow\13242.rb,windows,overflow,13242.rb,rb
13243,overflow\13243.rb,windows,overflow,13243.rb,rb
13244,overflow\13244.rb,windows,overflow,13244.rb,rb
13245,overflow\13245.c,windows,overflow,13245.c,c
13246,overflow\13246.html,windows,overflow,13246.html,html
13247,overflow\13247.c,windows,overflow,13247.c,c
13248,overflow\13248.c,windows,overflow,13248.c,c
13249,overflow\13249.html,windows,overflow,13249.html,html
13250,overflow\13250.html,windows,overflow,13250.html,html
13251,overflow\13251.rb,windows,overflow,13251.rb,rb
13252,overflow\13252.c,windows,overflow,13252.c,c
13253,overflow\13253.rb,windows,overflow,13253.rb,rb
13254,overflow\13254.html,windows,overflow,13254.html,html
13255,overflow\13255.html,windows,overflow,13255.html,html
13256,overflow\13256.html,windows,overflow,13256.html,html
13257,overflow\13257.php,windows,overflow,13257.php,php
13258,overflow\13258.html,windows,overflow,13258.html,html
13259,overflow\13259.html,windows,overflow,13259.html,html
13260,overflow\13260.html,windows,overflow,13260.html,html
13261,overflow\13261.rb,windows,overflow,13261.rb,rb
13262,overflow\13262.c,windows,overflow,13262.c,c
13263,overflow\13263.c,windows,overflow,13263.c,c
13264,overflow\13264.c,windows,overflow,13264.c,c
13265,denial of service\13265.py,windows,denial of service,13265.py,py
13266,overflow\13266.rb,windows,overflow,13266.rb,rb
13267,overflow\13267.rb,windows,overflow,13267.rb,rb
13268,overflow\13268.rb,windows,overflow,13268.rb,rb
13269,overflow\13269.rb,windows,overflow,13269.rb,rb
13270,overflow\13270.py,windows,overflow,13270.py,py
13271,overflow\13271.c,windows,overflow,13271.c,c
13272,overflow\13272.c,windows,overflow,13272.c,c
13273,overflow\13273.c,windows,overflow,13273.c,c
13274,overflow\13274.html,windows,overflow,13274.html,html
13275,overflow\13275.html,windows,overflow,13275.html,html
13276,file path\13276.pl,windows,file path,13276.pl,pl
13277,overflow\13277.rb,windows,overflow,13277.rb,rb
13278,overflow\13278.c,windows,overflow,13278.c,c
13279,file path\13279.py,windows,file path,13279.py,py
13280,overflow\13280.rb,windows,overflow,13280.rb,rb
13281,file path\13281.py,windows,file path,13281.py,py
13282,injection\13282.py,windows,injection,13282.py,py
13283,injection\13283.py,windows,injection,13283.py,py
13284,injection\13284.py,windows,injection,13284.py,py
13285,injection\13285.py,windows,injection,13285.py,py
13286,file path\13286.rb,windows,file path,13286.rb,rb
13287,file path\13287.rb,windows,file path,13287.rb,rb
13288,injection\13288.py,windows,injection,13288.py,py
13289,injection\13289.py,windows,injection,13289.py,py
13290,injection\13290.py,windows,injection,13290.py,py
13291,injection\13291.py,windows,injection,13291.py,py
13292,file path\13292.rb,windows,file path,13292.rb,rb
13293,injection\13293.py,windows,injection,13293.py,py
13294,injection\13294.py,windows,injection,13294.py,py
13295,file path\13295.rb,windows,file path,13295.rb,rb
13296,file path\13296.py,windows,file path,13296.py,py
13297,injection\13297.pl,windows,injection,13297.pl,pl
13298,injection\13298.html,windows,injection,13298.html,html
13299,file path\13299.py,windows,file path,13299.py,py
13300,injection\13300.py,windows,injection,13300.py,py
13301,injection\13301.py,windows,injection,13301.py,py
13302,injection\13302.py,windows,injection,13302.py,py
13303,file path\13303.py,windows,file path,13303.py,py
13304,denial of service\13304.py,windows,denial of service,13304.py,py
13305,file path\13305.rb,windows,file path,13305.rb,rb
13306,file path\13306.rb,windows,file path,13306.rb,rb
13307,injection\13307.py,windows,injection,13307.py,py
13308,injection\13308.py,windows,injection,13308.py,py
13309,injection\13309.py,windows,injection,13309.py,py
13310,injection\13310.rb,windows,injection,13310.rb,rb
13311,file path\13311.py,windows,file path,13311.py,py
13312,injection\13312.py,windows,injection,13312.py,py
13313,injection\13313.html,windows,injection,13313.html,html
13314,injection\13314.py,windows,injection,13314.py,py
13315,denial of service\13315.py,windows,denial of service,13315.py,py
13316,overflow\13316.py,windows,overflow,13316.py,py
13317,overflow\13317.py,windows,overflow,13317.py,py
13318,injection\13318.rb,windows,injection,13318.rb,rb
13319,file path\13319.py,windows,file path,13319.py,py
13320,injection\13320.py,windows,injection,13320.py,py
13321,injection\13321.py,windows,injection,13321.py,py
13322,injection\13322.py,windows,injection,13322.py,py
13323,denial of service\13323.c,windows_x86,denial of service,13323.c,c
13324,overflow\13324.pl,windows_x86,overflow,13324.pl,pl
13325,denial of service\13325.py,windows_x86,denial of service,13325.py,py
13326,denial of service\13326.pl,windows_x86,denial of service,13326.pl,pl
13327,denial of service\13327.pl,windows_x86,denial of service,13327.pl,pl
13328,denial of service\13328.pl,windows_x86,denial of service,13328.pl,pl
13329,denial of service\13329.py,windows_x86,denial of service,13329.py,py
13330,denial of service\13330.py,windows_x86,denial of service,13330.py,py
13331,denial of service\13331.py,windows_x86,denial of service,13331.py,py
13332,overflow\13332.py,windows_x86,overflow,13332.py,py
13333,denial of service\13333.py,windows_x86,denial of service,13333.py,py
13334,denial of service\13334.py,windows_x86,denial of service,13334.py,py
13335,denial of service\13335.py,windows_x86,denial of service,13335.py,py
13336,denial of service\13336.py,windows_x86,denial of service,13336.py,py
13337,denial of service\13337.py,windows_x86,denial of service,13337.py,py
13338,denial of service\13338.py,windows_x86,denial of service,13338.py,py
13339,denial of service\13339.py,windows_x86,denial of service,13339.py,py
13340,denial of service\13340.py,windows_x86,denial of service,13340.py,py
13341,denial of service\13341.py,windows_x86,denial of service,13341.py,py
13342,denial of service\13342.py,windows_x86,denial of service,13342.py,py
13343,denial of service\13343.py,windows_x86,denial of service,13343.py,py
13344,denial of service\13344.py,windows_x86,denial of service,13344.py,py
13345,denial of service\13345.py,windows_x86,denial of service,13345.py,py
13346,denial of service\13346.py,windows_x86,denial of service,13346.py,py
13347,denial of service\13347.pl,windows_x86,denial of service,13347.pl,pl
13348,denial of service\13348.py,windows_x86,denial of service,13348.py,py
13349,denial of service\13349.py,windows_x86,denial of service,13349.py,py
13350,overflow\13350.php,windows_x86,overflow,13350.php,php
13351,overflow\13351.php,windows_x86,overflow,13351.php,php
13352,denial of service\13352.py,windows_x86,denial of service,13352.py,py
13353,denial of service\13353.py,windows_x86,denial of service,13353.py,py
13354,denial of service\13354.py,windows_x86,denial of service,13354.py,py
13355,denial of service\13355.py,windows_x86,denial of service,13355.py,py
13356,denial of service\13356.py,windows_x86,denial of service,13356.py,py
13357,denial of service\13357.py,windows_x86,denial of service,13357.py,py
13358,denial of service\13358.py,windows_x86,denial of service,13358.py,py
13359,denial of service\13359.py,windows_x86,denial of service,13359.py,py
13360,denial of service\13360.py,windows_x86,denial of service,13360.py,py
13361,denial of service\13361.py,windows_x86,denial of service,13361.py,py
13362,denial of service\13362.py,windows_x86,denial of service,13362.py,py
13363,denial of service\13363.py,windows_x86,denial of service,13363.py,py
13364,denial of service\13364.py,windows_x86,denial of service,13364.py,py
13365,denial of service\13365.py,windows_x86,denial of service,13365.py,py
13366,denial of service\13366.py,windows_x86,denial of service,13366.py,py
13367,denial of service\13367.py,windows_x86,denial of service,13367.py,py
13368,denial of service\13368.py,windows_x86,denial of service,13368.py,py
13369,denial of service\13369.py,windows_x86,denial of service,13369.py,py
13370,overflow\13370.py,windows_x86,overflow,13370.py,py
13371,overflow\13371.py,windows_x86,overflow,13371.py,py
13372,overflow\13372.py,windows_x86,overflow,13372.py,py
13373,overflow\13373.py,windows_x86,overflow,13373.py,py
13374,overflow\13374.py,windows_x86,overflow,13374.py,py
13375,overflow\13375.py,windows_x86,overflow,13375.py,py
13376,overflow\13376.py,windows_x86,overflow,13376.py,py
13377,overflow\13377.c,windows_x86,overflow,13377.c,c
13378,overflow\13378.py,windows_x86,overflow,13378.py,py
13379,overflow\13379.py,windows_x86,overflow,13379.py,py
13380,overflow\13380.py,windows_x86,overflow,13380.py,py
13381,overflow\13381.py,windows_x86,overflow,13381.py,py
13382,overflow\13382.py,windows_x86,overflow,13382.py,py
13383,overflow\13383.py,windows_x86,overflow,13383.py,py
13384,overflow\13384.py,windows_x86,overflow,13384.py,py
13385,overflow\13385.py,windows_x86,overflow,13385.py,py
13386,overflow\13386.py,windows_x86,overflow,13386.py,py
13387,overflow\13387.py,windows_x86,overflow,13387.py,py
13388,overflow\13388.c,windows_x86,overflow,13388.c,c
13389,overflow\13389.py,windows_x86,overflow,13389.py,py
13390,overflow\13390.c,windows_x86,overflow,13390.c,c
13391,overflow\13391.py,windows_x86,overflow,13391.py,py
13392,overflow\13392.py,windows_x86,overflow,13392.py,py
13393,overflow\13393.py,windows_x86,overflow,13393.py,py
13394,overflow\13394.py,windows_x86,overflow,13394.py,py
13395,overflow\13395.py,windows_x86,overflow,13395.py,py
13396,overflow\13396.rb,windows_x86,overflow,13396.rb,rb
13397,overflow\13397.pl,windows_x86,overflow,13397.pl,pl
13398,overflow\13398.pl,windows_x86,overflow,13398.pl,pl
13399,overflow\13399.py,windows_x86,overflow,13399.py,py
13400,overflow\13400.py,windows_x86,overflow,13400.py,py
13401,overflow\13401.py,windows_x86,overflow,13401.py,py
13402,overflow\13402.c,windows_x86,overflow,13402.c,c
13403,overflow\13403.py,windows_x86,overflow,13403.py,py
13404,overflow\13404.py,windows_x86,overflow,13404.py,py
13405,overflow\13405.rb,windows_x86,overflow,13405.rb,rb
13406,overflow\13406.py,windows_x86,overflow,13406.py,py
13407,overflow\13407.c,windows_x86,overflow,13407.c,c
13408,overflow\13408.py,windows_x86,overflow,13408.py,py
13409,overflow\13409.py,windows_x86,overflow,13409.py,py
13410,overflow\13410.py,windows_x86,overflow,13410.py,py
13411,overflow\13411.py,windows_x86,overflow,13411.py,py
13412,overflow\13412.py,windows_x86,overflow,13412.py,py
13413,overflow\13413.rb,windows_x86,overflow,13413.rb,rb
13414,overflow\13414.py,windows_x86,overflow,13414.py,py
13415,overflow\13415.py,windows_x86,overflow,13415.py,py
13416,overflow\13416.py,windows_x86,overflow,13416.py,py
13417,overflow\13417.rb,windows_x86,overflow,13417.rb,rb
13418,overflow\13418.rb,windows_x86,overflow,13418.rb,rb
13419,overflow\13419.pl,windows_x86,overflow,13419.pl,pl
13420,overflow\13420.c,windows_x86,overflow,13420.c,c
13421,overflow\13421.rb,windows_x86,overflow,13421.rb,rb
13422,overflow\13422.c,windows_x86,overflow,13422.c,c
13423,overflow\13423.py,windows_x86,overflow,13423.py,py
13424,overflow\13424.rb,windows_x86,overflow,13424.rb,rb
13425,overflow\13425.rb,windows_x86,overflow,13425.rb,rb
13426,overflow\13426.rb,windows_x86,overflow,13426.rb,rb
13427,overflow\13427.py,windows_x86,overflow,13427.py,py
13428,overflow\13428.rb,windows_x86,overflow,13428.rb,rb
13429,overflow\13429.c,windows_x86,overflow,13429.c,c
13430,overflow\13430.rb,windows_x86,overflow,13430.rb,rb
13431,overflow\13431.rb,windows_x86,overflow,13431.rb,rb
13432,overflow\13432.rb,windows_x86,overflow,13432.rb,rb
13433,overflow\13433.rb,windows_x86,overflow,13433.rb,rb
13434,overflow\13434.rb,windows_x86,overflow,13434.rb,rb
13435,overflow\13435.c,windows_x86,overflow,13435.c,c
13436,overflow\13436.rb,windows_x86,overflow,13436.rb,rb
13437,overflow\13437.rb,windows_x86,overflow,13437.rb,rb
13438,denial of service\13438.py,windows_x86-64,denial of service,13438.py,py
13439,denial of service\13439.py,windows_x86-64,denial of service,13439.py,py
13440,denial of service\13440.py,windows_x86-64,denial of service,13440.py,py
13441,denial of service\13441.py,windows_x86-64,denial of service,13441.py,py
13442,denial of service\13442.py,windows_x86-64,denial of service,13442.py,py
13443,denial of service\13443.py,windows_x86-64,denial of service,13443.py,py
13444,denial of service\13444.py,windows_x86-64,denial of service,13444.py,py
13445,denial of service\13445.py,windows_x86-64,denial of service,13445.py,py
13446,denial of service\13446.py,windows_x86-64,denial of service,13446.py,py
13447,denial of service\13447.py,windows_x86-64,denial of service,13447.py,py
13448,denial of service\13448.py,windows_x86-64,denial of service,13448.py,py
13449,denial of service\13449.py,windows_x86-64,denial of service,13449.py,py
13450,denial of service\13450.py,windows_x86-64,denial of service,13450.py,py
13451,denial of service\13451.py,windows_x86-64,denial of service,13451.py,py
13452,denial of service\13452.py,windows_x86-64,denial of service,13452.py,py
13453,denial of service\13453.py,windows_x86-64,denial of service,13453.py,py
13454,denial of service\13454.py,windows_x86-64,denial of service,13454.py,py
13455,denial of service\13455.py,windows_x86-64,denial of service,13455.py,py
13456,denial of service\13456.py,windows_x86-64,denial of service,13456.py,py
13457,denial of service\13457.py,windows_x86-64,denial of service,13457.py,py
13458,denial of service\13458.py,windows_x86-64,denial of service,13458.py,py
13459,denial of service\13459.py,windows_x86-64,denial of service,13459.py,py
13460,denial of service\13460.py,windows_x86-64,denial of service,13460.py,py
13461,denial of service\13461.py,windows_x86-64,denial of service,13461.py,py
13462,denial of service\13462.py,windows_x86-64,denial of service,13462.py,py
13463,denial of service\13463.py,windows_x86-64,denial of service,13463.py,py
13464,denial of service\13464.py,windows_x86-64,denial of service,13464.py,py
13465,denial of service\13465.py,windows_x86-64,denial of service,13465.py,py
13466,denial of service\13466.py,windows_x86-64,denial of service,13466.py,py
13467,denial of service\13467.py,windows_x86-64,denial of service,13467.py,py
13468,denial of service\13468.py,windows_x86-64,denial of service,13468.py,py
13469,denial of service\13469.py,windows_x86-64,denial of service,13469.py,py
13470,denial of service\13470.py,windows_x86-64,denial of service,13470.py,py
13471,denial of service\13471.py,windows_x86-64,denial of service,13471.py,py
13472,denial of service\13472.py,windows_x86-64,denial of service,13472.py,py
13473,denial of service\13473.py,windows_x86-64,denial of service,13473.py,py
13474,denial of service\13474.py,windows_x86-64,denial of service,13474.py,py
13475,denial of service\13475.py,windows_x86-64,denial of service,13475.py,py
13476,denial of service\13476.py,windows_x86-64,denial of service,13476.py,py
13477,denial of service\13477.py,windows_x86-64,denial of service,13477.py,py
13478,denial of service\13478.py,windows_x86-64,denial of service,13478.py,py
13479,denial of service\13479.py,windows_x86-64,denial of service,13479.py,py
13480,denial of service\13480.py,windows_x86-64,denial of service,13480.py,py
13481,denial of service\13481.py,windows_x86-64,denial of service,13481.py,py
13482,denial of service\13482.py,windows_x86-64,denial of service,13482.py,py
13483,overflow\13483.py,windows_x86-64,overflow,13483.py,py
13484,overflow\13484.py,windows_x86-64,overflow,13484.py,py
13485,overflow\13485.py,windows_x86-64,overflow,13485.py,py
13486,overflow\13486.py,windows_x86-64,overflow,13486.py,py
13487,overflow\13487.py,windows_x86-64,overflow,13487.py,py
13488,overflow\13488.py,windows_x86-64,overflow,13488.py,py
13489,overflow\13489.py,windows_x86-64,overflow,13489.py,py
13490,overflow\13490.py,windows_x86-64,overflow,13490.py,py
13491,overflow\13491.rb,windows_x86-64,overflow,13491.rb,rb
13492,overflow\13492.c,windows_x86-64,overflow,13492.c,c
13493,overflow\13493.py,windows_x86-64,overflow,13493.py,py
13494,overflow\13494.py,windows_x86-64,overflow,13494.py,py
13495,overflow\13495.rb,windows_x86-64,overflow,13495.rb,rb
13496,overflow\13496.py,windows_x86-64,overflow,13496.py,py
13497,overflow\13497.py,windows_x86-64,overflow,13497.py,py
13498,overflow\13498.rb,windows_x86-64,overflow,13498.rb,rb
13499,denial of service\13499.py,xml,denial of service,13499.py,py
,syn_overflow_php_0.php,,overflow,,php
,syn_overflow_php_1.php,,overflow,,php
,syn_overflow_php_2.php,,overflow,,php
,syn_overflow_php_3.php,,overflow,,php
,syn_overflow_php_4.php,,overflow,,php
,syn_overflow_php_5.php,,overflow,,php
,syn_overflow_php_6.php,,overflow,,php
,syn_overflow_php_7.php,,overflow,,php
,syn_overflow_php_8.php,,overflow,,php
,syn_overflow_php_9.php,,overflow,,php
,syn_overflow_php_10.php,,overflow,,php
,syn_overflow_php_11.php,,overflow,,php
,syn_overflow_php_12.php,,overflow,,php
,syn_overflow_php_13.php,,overflow,,php
,syn_overflow_php_14.php,,overflow,,php
,syn_overflow_php_15.php,,overflow,,php
,syn_overflow_php_16.php,,overflow,,php
,syn_overflow_php_17.php,,overflow,,php
,syn_overflow_php_18.php,,overflow,,php
,syn_overflow_php_19.php,,overflow,,php
,syn_overflow_php_20.php,,overflow,,php
,syn_overflow_php_21.php,,overflow,,php
,syn_overflow_php_22.php,,overflow,,php
,syn_overflow_php_23.php,,overflow,,php
,syn_overflow_php_24.php,,overflow,,php
,syn_overflow_php_25.php,,overflow,,php
,syn_overflow_php_26.php,,overflow,,php
,syn_overflow_php_27.php,,overflow,,php
,syn_overflow_php_28.php,,overflow,,php
,syn_overflow_php_29.php,,overflow,,php
,syn_overflow_php_30.php,,overflow,,php
,syn_overflow_php_31.php,,overflow,,php
,syn_overflow_php_32.php,,overflow,,php
,syn_overflow_php_33.php,,overflow,,php
,syn_overflow_php_34.php,,overflow,,php
,syn_overflow_php_35.php,,overflow,,php
,syn_overflow_php_36.php,,overflow,,php
,syn_overflow_php_37.php,,overflow,,php
,syn_overflow_php_38.php,,overflow,,php
,syn_overflow_php_39.php,,overflow,,php
,syn_overflow_php_40.php,,overflow,,php
,syn_overflow_php_41.php,,overflow,,php
,syn_overflow_php_42.php,,overflow,,php
,syn_overflow_php_43.php,,overflow,,php
,syn_overflow_php_44.php,,overflow,,php
,syn_overflow_php_45.php,,overflow,,php
,syn_overflow_php_46.php,,overflow,,php
,syn_overflow_php_47.php,,overflow,,php
,syn_overflow_php_48.php,,overflow,,php
,syn_overflow_php_49.php,,overflow,,php
,syn_overflow_php_50.php,,overflow,,php
,syn_overflow_php_51.php,,overflow,,php
,syn_overflow_php_52.php,,overflow,,php
,syn_overflow_php_53.php,,overflow,,php
,syn_overflow_php_54.php,,overflow,,php
,syn_overflow_php_55.php,,overflow,,php
,syn_overflow_php_56.php,,overflow,,php
,syn_overflow_php_57.php,,overflow,,php
,syn_overflow_php_58.php,,overflow,,php
,syn_overflow_php_59.php,,overflow,,php
,syn_overflow_php_60.php,,overflow,,php
,syn_overflow_php_61.php,,overflow,,php
,syn_overflow_php_62.php,,overflow,,php
,syn_overflow_php_63.php,,overflow,,php
,syn_overflow_php_64.php,,overflow,,php
,syn_overflow_php_65.php,,overflow,,php
,syn_overflow_php_66.php,,overflow,,php
,syn_overflow_php_67.php,,overflow,,php
,syn_overflow_php_68.php,,overflow,,php
,syn_overflow_php_69.php,,overflow,,php
,syn_overflow_php_70.php,,overflow,,php
,syn_overflow_php_71.php,,overflow,,php
,syn_overflow_php_72.php,,overflow,,php
,syn_overflow_php_73.php,,overflow,,php
,syn_overflow_php_74.php,,overflow,,php
,syn_overflow_php_75.php,,overflow,,php
,syn_overflow_php_76.php,,overflow,,php
,syn_overflow_php_77.php,,overflow,,php
,syn_overflow_php_78.php,,overflow,,php
,syn_overflow_php_79.php,,overflow,,php
,syn_overflow_php_80.php,,overflow,,php
,syn_overflow_php_81.php,,overflow,,php
,syn_overflow_php_82.php,,overflow,,php
,syn_overflow_php_83.php,,overflow,,php
,syn_overflow_php_84.php,,overflow,,php
,syn_overflow_php_85.php,,overflow,,php
,syn_overflow_php_86.php,,overflow,,php
,syn_overflow_php_87.php,,overflow,,php
,syn_overflow_php_88.php,,overflow,,php
,syn_overflow_php_89.php,,overflow,,php
,syn_overflow_php_90.php,,overflow,,php
,syn_overflow_php_91.php,,overflow,,php
,syn_overflow_php_92.php,,overflow,,php
,syn_overflow_php_93.php,,overflow,,php
,syn_overflow_php_94.php,,overflow,,php
,syn_overflow_php_95.php,,overflow,,php
,syn_overflow_php_96.php,,overflow,,php
,syn_overflow_php_97.php,,overflow,,php
,syn_overflow_php_98.php,,overflow,,php
,syn_overflow_php_99.php,,overflow,,php
,syn_overflow_php_100.php,,overflow,,php
,syn_overflow_php_101.php,,overflow,,php
,syn_overflow_php_102.php,,overflow,,php
,syn_denial_of_service_rb_103.rb,,denial of service,,rb
,syn_denial_of_service_rb_104.rb,,denial of service,,rb
,syn_denial_of_service_rb_105.rb,,denial of service,,rb
,syn_denial_of_service_rb_106.rb,,denial of service,,rb
,syn_denial_of_service_rb_107.rb,,denial of service,,rb
,syn_denial_of_service_rb_108.rb,,denial of service,,rb
,syn_denial_of_service_rb_109.rb,,denial of service,,rb
,syn_denial_of_service_rb_110.rb,,denial of service,,rb
,syn_denial_of_service_rb_111.rb,,denial of service,,rb
,syn_denial_of_service_rb_112.rb,,denial of service,,rb
,syn_denial_of_service_rb_113.rb,,denial of service,,rb
,syn_denial_of_service_rb_114.rb,,denial of service,,rb
,syn_denial_of_service_rb_115.rb,,denial of service,,rb
,syn_denial_of_service_rb_116.rb,,denial of service,,rb
,syn_denial_of_service_rb_117.rb,,denial of service,,rb
,syn_denial_of_service_rb_118.rb,,denial of service,,rb
,syn_denial_of_service_rb_119.rb,,denial of service,,rb
,syn_denial_of_service_rb_120.rb,,denial of service,,rb
,syn_denial_of_service_rb_121.rb,,denial of service,,rb
,syn_denial_of_service_rb_122.rb,,denial of service,,rb
,syn_denial_of_service_rb_123.rb,,denial of service,,rb
,syn_denial_of_service_rb_124.rb,,denial of service,,rb
,syn_denial_of_service_rb_125.rb,,denial of service,,rb
,syn_denial_of_service_rb_126.rb,,denial of service,,rb
,syn_denial_of_service_rb_127.rb,,denial of service,,rb
,syn_denial_of_service_rb_128.rb,,denial of service,,rb
,syn_denial_of_service_rb_129.rb,,denial of service,,rb
,syn_denial_of_service_rb_130.rb,,denial of service,,rb
,syn_denial_of_service_rb_131.rb,,denial of service,,rb
,syn_denial_of_service_rb_132.rb,,denial of service,,rb
,syn_denial_of_service_rb_133.rb,,denial of service,,rb
,syn_denial_of_service_rb_134.rb,,denial of service,,rb
,syn_denial_of_service_rb_135.rb,,denial of service,,rb
,syn_denial_of_service_rb_136.rb,,denial of service,,rb
,syn_denial_of_service_rb_137.rb,,denial of service,,rb
,syn_denial_of_service_rb_138.rb,,denial of service,,rb
,syn_denial_of_service_rb_139.rb,,denial of service,,rb
,syn_denial_of_service_rb_140.rb,,denial of service,,rb
,syn_denial_of_service_rb_141.rb,,denial of service,,rb
,syn_denial_of_service_rb_142.rb,,denial of service,,rb
,syn_denial_of_service_rb_143.rb,,denial of service,,rb
,syn_denial_of_service_rb_144.rb,,denial of service,,rb
,syn_denial_of_service_rb_145.rb,,denial of service,,rb
,syn_denial_of_service_rb_146.rb,,denial of service,,rb
,syn_denial_of_service_rb_147.rb,,denial of service,,rb
,syn_denial_of_service_rb_148.rb,,denial of service,,rb
,syn_denial_of_service_rb_149.rb,,denial of service,,rb
,syn_denial_of_service_rb_150.rb,,denial of service,,rb
,syn_denial_of_service_rb_151.rb,,denial of service,,rb
,syn_denial_of_service_rb_152.rb,,denial of service,,rb
,syn_denial_of_service_rb_153.rb,,denial of service,,rb
,syn_denial_of_service_rb_154.rb,,denial of service,,rb
,syn_denial_of_service_rb_155.rb,,denial of service,,rb
,syn_denial_of_service_rb_156.rb,,denial of service,,rb
,syn_denial_of_service_rb_157.rb,,denial of service,,rb
,syn_denial_of_service_rb_158.rb,,denial of service,,rb
,syn_denial_of_service_rb_159.rb,,denial of service,,rb
,syn_denial_of_service_rb_160.rb,,denial of service,,rb
,syn_denial_of_service_rb_161.rb,,denial of service,,rb
,syn_denial_of_service_rb_162.rb,,denial of service,,rb
,syn_denial_of_service_rb_163.rb,,denial of service,,rb
,syn_denial_of_service_rb_164.rb,,denial of service,,rb
,syn_denial_of_service_rb_165.rb,,denial of service,,rb
,syn_denial_of_service_rb_166.rb,,denial of service,,rb
,syn_denial_of_service_rb_167.rb,,denial of service,,rb
,syn_denial_of_service_rb_168.rb,,denial of service,,rb
,syn_denial_of_service_rb_169.rb,,denial of service,,rb
,syn_denial_of_service_rb_170.rb,,denial of service,,rb
,syn_denial_of_service_rb_171.rb,,denial of service,,rb
,syn_denial_of_service_rb_172.rb,,denial of service,,rb
,syn_denial_of_service_rb_173.rb,,denial of service,,rb
,syn_denial_of_service_rb_174.rb,,denial of service,,rb
,syn_denial_of_service_rb_175.rb,,denial of service,,rb
,syn_denial_of_service_rb_176.rb,,denial of service,,rb
,syn_denial_of_service_rb_177.rb,,denial of service,,rb
,syn_denial_of_service_rb_178.rb,,denial of service,,rb
,syn_denial_of_service_rb_179.rb,,denial of service,,rb
,syn_denial_of_service_rb_180.rb,,denial of service,,rb
,syn_denial_of_service_rb_181.rb,,denial of service,,rb
,syn_denial_of_service_rb_182.rb,,denial of service,,rb
,syn_denial_of_service_rb_183.rb,,denial of service,,rb
,syn_denial_of_service_rb_184.rb,,denial of service,,rb
,syn_denial_of_service_rb_185.rb,,denial of service,,rb
,syn_denial_of_service_rb_186.rb,,denial of service,,rb
,syn_denial_of_service_rb_187.rb,,denial of service,,rb
,syn_denial_of_service_rb_188.rb,,denial of service,,rb
,syn_denial_of_service_rb_189.rb,,denial of service,,rb
,syn_denial_of_service_rb_190.rb,,denial of service,,rb
,syn_denial_of_service_rb_191.rb,,denial of service,,rb
,syn_denial_of_service_rb_192.rb,,denial of service,,rb
,syn_denial_of_service_rb_193.rb,,denial of service,,rb
,syn_denial_of_service_rb_194.rb,,denial of service,,rb
,syn_denial_of_service_rb_195.rb,,denial of service,,rb
,syn_denial_of_service_rb_196.rb,,denial of service,,rb
,syn_denial_of_service_rb_197.rb,,denial of service,,rb
,syn_denial_of_service_rb_198.rb,,denial of service,,rb
,syn_denial_of_service_rb_199.rb,,denial of service,,rb
,syn_denial_of_service_rb_200.rb,,denial of service,,rb
,syn_denial_of_service_rb_201.rb,,denial of service,,rb
,syn_denial_of_service_rb_202.rb,,denial of service,,rb
,syn_denial_of_service_rb_203.rb,,denial of service,,rb
,syn_denial_of_service_rb_204.rb,,denial of service,,rb
,syn_denial_of_service_rb_205.rb,,denial of service,,rb
,syn_denial_of_service_rb_206.rb,,denial of service,,rb
,syn_denial_of_service_rb_207.rb,,denial of service,,rb
,syn_denial_of_service_rb_208.rb,,denial of service,,rb
,syn_denial_of_service_rb_209.rb,,denial of service,,rb
,syn_denial_of_service_rb_210.rb,,denial of service,,rb
,syn_denial_of_service_rb_211.rb,,denial of service,,rb
,syn_denial_of_service_rb_212.rb,,denial of service,,rb
,syn_denial_of_service_rb_213.rb,,denial of service,,rb
,syn_denial_of_service_rb_214.rb,,denial of service,,rb
,syn_denial_of_service_rb_215.rb,,denial of service,,rb
,syn_denial_of_service_rb_216.rb,,denial of service,,rb
,syn_denial_of_service_rb_217.rb,,denial of service,,rb
,syn_denial_of_service_rb_218.rb,,denial of service,,rb
,syn_denial_of_service_rb_219.rb,,denial of service,,rb
,syn_denial_of_service_rb_220.rb,,denial of service,,rb
,syn_denial_of_service_rb_221.rb,,denial of service,,rb
,syn_denial_of_service_rb_222.rb,,denial of service,,rb
,syn_denial_of_service_php_223.php,,denial of service,,php
,syn_denial_of_service_php_224.php,,denial of service,,php
,syn_denial_of_service_php_225.php,,denial of service,,php
,syn_denial_of_service_php_226.php,,denial of service,,php
,syn_denial_of_service_php_227.php,,denial of service,,php
,syn_denial_of_service_php_228.php,,denial of service,,php
,syn_denial_of_service_php_229.php,,denial of service,,php
,syn_denial_of_service_php_230.php,,denial of service,,php
,syn_denial_of_service_php_231.php,,denial of service,,php
,syn_denial_of_service_php_232.php,,denial of service,,php
,syn_denial_of_service_php_233.php,,denial of service,,php
,syn_denial_of_service_php_234.php,,denial of service,,php
,syn_denial_of_service_php_235.php,,denial of service,,php
,syn_denial_of_service_php_236.php,,denial of service,,php
,syn_denial_of_service_php_237.php,,denial of service,,php
,syn_denial_of_service_php_238.php,,denial of service,,php
,syn_denial_of_service_php_239.php,,denial of service,,php
,syn_denial_of_service_php_240.php,,denial of service,,php
,syn_denial_of_service_php_241.php,,denial of service,,php
,syn_denial_of_service_php_242.php,,denial of service,,php
,syn_denial_of_service_php_243.php,,denial of service,,php
,syn_denial_of_service_php_244.php,,denial of service,,php
,syn_denial_of_service_php_245.php,,denial of service,,php
,syn_denial_of_service_php_246.php,,denial of service,,php
,syn_denial_of_service_php_247.php,,denial of service,,php
,syn_denial_of_service_php_248.php,,denial of service,,php
,syn_denial_of_service_php_249.php,,denial of service,,php
,syn_denial_of_service_php_250.php,,denial of service,,php
,syn_denial_of_service_php_251.php,,denial of service,,php
,syn_denial_of_service_php_252.php,,denial of service,,php
,syn_denial_of_service_php_253.php,,denial of service,,php
,syn_denial_of_service_php_254.php,,denial of service,,php
,syn_denial_of_service_php_255.php,,denial of service,,php
,syn_denial_of_service_php_256.php,,denial of service,,php
,syn_denial_of_service_php_257.php,,denial of service,,php
,syn_denial_of_service_php_258.php,,denial of service,,php
,syn_denial_of_service_php_259.php,,denial of service,,php
,syn_denial_of_service_php_260.php,,denial of service,,php
,syn_denial_of_service_php_261.php,,denial of service,,php
,syn_denial_of_service_php_262.php,,denial of service,,php
,syn_denial_of_service_php_263.php,,denial of service,,php
,syn_denial_of_service_php_264.php,,denial of service,,php
,syn_denial_of_service_php_265.php,,denial of service,,php
,syn_denial_of_service_php_266.php,,denial of service,,php
,syn_denial_of_service_php_267.php,,denial of service,,php
,syn_denial_of_service_php_268.php,,denial of service,,php
,syn_denial_of_service_php_269.php,,denial of service,,php
,syn_denial_of_service_php_270.php,,denial of service,,php
,syn_denial_of_service_php_271.php,,denial of service,,php
,syn_denial_of_service_php_272.php,,denial of service,,php
,syn_denial_of_service_php_273.php,,denial of service,,php
,syn_denial_of_service_php_274.php,,denial of service,,php
,syn_denial_of_service_php_275.php,,denial of service,,php
,syn_denial_of_service_php_276.php,,denial of service,,php
,syn_denial_of_service_php_277.php,,denial of service,,php
,syn_denial_of_service_php_278.php,,denial of service,,php
,syn_denial_of_service_php_279.php,,denial of service,,php
,syn_denial_of_service_php_280.php,,denial of service,,php
,syn_denial_of_service_php_281.php,,denial of service,,php
,syn_denial_of_service_php_282.php,,denial of service,,php
,syn_denial_of_service_php_283.php,,denial of service,,php
,syn_denial_of_service_php_284.php,,denial of service,,php
,syn_denial_of_service_php_285.php,,denial of service,,php
,syn_denial_of_service_php_286.php,,denial of service,,php
,syn_denial_of_service_php_287.php,,denial of service,,php
,syn_denial_of_service_php_288.php,,denial of service,,php
,syn_denial_of_service_php_289.php,,denial of service,,php
,syn_denial_of_service_php_290.php,,denial of service,,php
,syn_denial_of_service_php_291.php,,denial of service,,php
,syn_denial_of_service_php_292.php,,denial of service,,php
,syn_denial_of_service_php_293.php,,denial of service,,php
,syn_denial_of_service_php_294.php,,denial of service,,php
,syn_denial_of_service_php_295.php,,denial of service,,php
,syn_denial_of_service_php_296.php,,denial of service,,php
,syn_denial_of_service_php_297.php,,denial of service,,php
,syn_denial_of_service_php_298.php,,denial of service,,php
,syn_denial_of_service_php_299.php,,denial of service,,php
,syn_denial_of_service_php_300.php,,denial of service,,php
,syn_denial_of_service_php_301.php,,denial of service,,php
,syn_denial_of_service_php_302.php,,denial of service,,php
,syn_denial_of_service_php_303.php,,denial of service,,php
,syn_denial_of_service_php_304.php,,denial of service,,php
,syn_denial_of_service_php_305.php,,denial of service,,php
,syn_denial_of_service_php_306.php,,denial of service,,php
,syn_denial_of_service_php_307.php,,denial of service,,php
,syn_denial_of_service_php_308.php,,denial of service,,php
,syn_denial_of_service_php_309.php,,denial of service,,php
,syn_denial_of_service_php_310.php,,denial of service,,php
,syn_denial_of_service_php_311.php,,denial of service,,php
,syn_denial_of_service_php_312.php,,denial of service,,php
,syn_denial_of_service_php_313.php,,denial of service,,php
,syn_denial_of_service_php_314.php,,denial of service,,php
,syn_denial_of_service_php_315.php,,denial of service,,php
,syn_denial_of_service_php_316.php,,denial of service,,php
,syn_denial_of_service_php_317.php,,denial of service,,php
,syn_denial_of_service_php_318.php,,denial of service,,php
,syn_denial_of_service_php_319.php,,denial of service,,php
,syn_denial_of_service_php_320.php,,denial of service,,php
,syn_denial_of_service_php_321.php,,denial of service,,php
,syn_denial_of_service_php_322.php,,denial of service,,php
,syn_denial_of_service_php_323.php,,denial of service,,php
,syn_denial_of_service_php_324.php,,denial of service,,php
,syn_denial_of_service_php_325.php,,denial of service,,php
,syn_denial_of_service_php_326.php,,denial of service,,php
,syn_denial_of_service_php_327.php,,denial of service,,php
,syn_denial_of_service_php_328.php,,denial of service,,php
,syn_denial_of_service_php_329.php,,denial of service,,php
,syn_denial_of_service_php_330.php,,denial of service,,php
,syn_denial_of_service_php_331.php,,denial of service,,php
,syn_denial_of_service_php_332.php,,denial of service,,php
,syn_denial_of_service_php_333.php,,denial of service,,php
,syn_file_path_c_334.c,,file path,,c
,syn_file_path_c_335.c,,file path,,c
,syn_file_path_c_336.c,,file path,,c
,syn_file_path_c_337.c,,file path,,c
,syn_file_path_c_338.c,,file path,,c
,syn_file_path_c_339.c,,file path,,c
,syn_file_path_c_340.c,,file path,,c
,syn_file_path_c_341.c,,file path,,c
,syn_file_path_c_342.c,,file path,,c
,syn_file_path_c_343.c,,file path,,c
,syn_file_path_c_344.c,,file path,,c
,syn_file_path_c_345.c,,file path,,c
,syn_file_path_c_346.c,,file path,,c
,syn_file_path_c_347.c,,file path,,c
,syn_file_path_c_348.c,,file path,,c
,syn_file_path_c_349.c,,file path,,c
,syn_file_path_c_350.c,,file path,,c
,syn_file_path_c_351.c,,file path,,c
,syn_file_path_c_352.c,,file path,,c
,syn_file_path_c_353.c,,file path,,c
,syn_file_path_c_354.c,,file path,,c
,syn_file_path_c_355.c,,file path,,c
,syn_file_path_c_356.c,,file path,,c
,syn_file_path_c_357.c,,file path,,c
,syn_file_path_c_358.c,,file path,,c
,syn_file_path_c_359.c,,file path,,c
,syn_file_path_c_360.c,,file path,,c
,syn_file_path_c_361.c,,file path,,c
,syn_file_path_c_362.c,,file path,,c
,syn_file_path_c_363.c,,file path,,c
,syn_file_path_c_364.c,,file path,,c
,syn_file_path_c_365.c,,file path,,c
,syn_file_path_c_366.c,,file path,,c
,syn_file_path_c_367.c,,file path,,c
,syn_file_path_c_368.c,,file path,,c
,syn_file_path_c_369.c,,file path,,c
,syn_file_path_c_370.c,,file path,,c
,syn_file_path_c_371.c,,file path,,c
,syn_file_path_c_372.c,,file path,,c
,syn_file_path_c_373.c,,file path,,c
,syn_file_path_c_374.c,,file path,,c
,syn_file_path_c_375.c,,file path,,c
,syn_file_path_c_376.c,,file path,,c
,syn_file_path_c_377.c,,file path,,c
,syn_file_path_c_378.c,,file path,,c
,syn_file_path_c_379.c,,file path,,c
,syn_file_path_c_380.c,,file path,,c
,syn_file_path_c_381.c,,file path,,c
,syn_file_path_c_382.c,,file path,,c
,syn_file_path_c_383.c,,file path,,c
,syn_file_path_c_384.c,,file path,,c
,syn_file_path_c_385.c,,file path,,c
,syn_file_path_c_386.c,,file path,,c
,syn_file_path_c_387.c,,file path,,c
,syn_file_path_c_388.c,,file path,,c
,syn_file_path_c_389.c,,file path,,c
,syn_file_path_c_390.c,,file path,,c
,syn_file_path_c_391.c,,file path,,c
,syn_file_path_c_392.c,,file path,,c
,syn_file_path_c_393.c,,file path,,c
,syn_file_path_c_394.c,,file path,,c
,syn_file_path_c_395.c,,file path,,c
,syn_file_path_c_396.c,,file path,,c
,syn_file_path_c_397.c,,file path,,c
,syn_file_path_c_398.c,,file path,,c
,syn_file_path_c_399.c,,file path,,c
,syn_file_path_c_400.c,,file path,,c
,syn_file_path_c_401.c,,file path,,c
,syn_file_path_c_402.c,,file path,,c
,syn_file_path_c_403.c,,file path,,c
,syn_file_path_c_404.c,,file path,,c
,syn_file_path_c_405.c,,file path,,c
,syn_file_path_c_406.c,,file path,,c
,syn_file_path_c_407.c,,file path,,c
,syn_file_path_c_408.c,,file path,,c
,syn_file_path_c_409.c,,file path,,c
,syn_file_path_c_410.c,,file path,,c
,syn_file_path_c_411.c,,file path,,c
,syn_file_path_c_412.c,,file path,,c
,syn_file_path_c_413.c,,file path,,c
,syn_file_path_c_414.c,,file path,,c
,syn_file_path_c_415.c,,file path,,c
,syn_file_path_c_416.c,,file path,,c
,syn_file_path_c_417.c,,file path,,c
,syn_file_path_c_418.c,,file path,,c
,syn_file_path_c_419.c,,file path,,c
,syn_file_path_c_420.c,,file path,,c
,syn_file_path_c_421.c,,file path,,c
,syn_file_path_c_422.c,,file path,,c
,syn_file_path_c_423.c,,file path,,c
,syn_file_path_c_424.c,,file path,,c
,syn_file_path_c_425.c,,file path,,c
,syn_file_path_c_426.c,,file path,,c
,syn_file_path_c_427.c,,file path,,c
,syn_file_path_c_428.c,,file path,,c
,syn_file_path_c_429.c,,file path,,c
,syn_file_path_c_430.c,,file path,,c
,syn_file_path_c_431.c,,file path,,c
,syn_file_path_c_432.c,,file path,,c
,syn_file_path_c_433.c,,file path,,c
,syn_file_path_c_434.c,,file path,,c
,syn_file_path_c_435.c,,file path,,c
,syn_file_path_c_436.c,,file path,,c
,syn_file_path_c_437.c,,file path,,c
,syn_file_path_c_438.c,,file path,,c
,syn_file_path_c_439.c,,file path,,c
,syn_file_path_c_440.c,,file path,,c
,syn_file_path_c_441.c,,file path,,c
,syn_file_path_c_442.c,,file path,,c
,syn_file_path_c_443.c,,file path,,c
,syn_file_path_c_444.c,,file path,,c
,syn_file_path_c_445.c,,file path,,c
,syn_file_path_c_446.c,,file path,,c
,syn_file_path_c_447.c,,file path,,c
,syn_file_path_c_448.c,,file path,,c
,syn_file_path_c_449.c,,file path,,c
,syn_file_path_c_450.c,,file path,,c
,syn_file_path_c_451.c,,file path,,c
,syn_file_path_c_452.c,,file path,,c
,syn_file_path_c_453.c,,file path,,c
,syn_file_path_py_454.py,,file path,,py
,syn_file_path_py_455.py,,file path,,py
,syn_file_path_py_456.py,,file path,,py
,syn_file_path_py_457.py,,file path,,py
,syn_file_path_py_458.py,,file path,,py
,syn_file_path_py_459.py,,file path,,py
,syn_file_path_py_460.py,,file path,,py
,syn_file_path_py_461.py,,file path,,py
,syn_file_path_py_462.py,,file path,,py
,syn_file_path_py_463.py,,file path,,py
,syn_file_path_py_464.py,,file path,,py
,syn_file_path_py_465.py,,file path,,py
,syn_file_path_py_466.py,,file path,,py
,syn_file_path_py_467.py,,file path,,py
,syn_file_path_py_468.py,,file path,,py
,syn_file_path_py_469.py,,file path,,py
,syn_file_path_py_470.py,,file path,,py
,syn_file_path_py_471.py,,file path,,py
,syn_file_path_py_472.py,,file path,,py
,syn_file_path_py_473.py,,file path,,py
,syn_file_path_py_474.py,,file path,,py
,syn_file_path_py_475.py,,file path,,py
,syn_file_path_py_476.py,,file path,,py
,syn_file_path_py_477.py,,file path,,py
,syn_file_path_py_478.py,,file path,,py
,syn_file_path_py_479.py,,file path,,py
,syn_file_path_py_480.py,,file path,,py
,syn_file_path_py_481.py,,file path,,py
,syn_file_path_py_482.py,,file path,,py
,syn_file_path_py_483.py,,file path,,py
,syn_file_path_py_484.py,,file path,,py
,syn_file_path_py_485.py,,file path,,py
,syn_file_path_py_486.py,,file path,,py
,syn_file_path_py_487.py,,file path,,py
,syn_file_path_py_488.py,,file path,,py
,syn_file_path_py_489.py,,file path,,py
,syn_file_path_py_490.py,,file path,,py
,syn_file_path_py_491.py,,file path,,py
,syn_file_path_py_492.py,,file path,,py
,syn_file_path_py_493.py,,file path,,py
,syn_file_path_py_494.py,,file path,,py
,syn_file_path_py_495.py,,file path,,py
,syn_file_path_py_496.py,,file path,,py
,syn_file_path_py_497.py,,file path,,py
,syn_file_path_py_498.py,,file path,,py
,syn_file_path_py_499.py,,file path,,py
,syn_file_path_py_500.py,,file path,,py
,syn_file_path_rb_501.rb,,file path,,rb
,syn_file_path_rb_502.rb,,file path,,rb
,syn_file_path_rb_503.rb,,file path,,rb
,syn_file_path_rb_504.rb,,file path,,rb
,syn_file_path_rb_505.rb,,file path,,rb
,syn_file_path_rb_506.rb,,file path,,rb
,syn_file_path_rb_507.rb,,file path,,rb
,syn_file_path_rb_508.rb,,file path,,rb
,syn_file_path_rb_509.rb,,file path,,rb
,syn_file_path_rb_510.rb,,file path,,rb
,syn_file_path_rb_511.rb,,file path,,rb
,syn_file_path_rb_512.rb,,file path,,rb
,syn_file_path_rb_513.rb,,file path,,rb
,syn_file_path_rb_514.rb,,file path,,rb
,syn_file_path_rb_515.rb,,file path,,rb
,syn_file_path_rb_516.rb,,file path,,rb
,syn_file_path_rb_517.rb,,file path,,rb
,syn_file_path_rb_518.rb,,file path,,rb
,syn_file_path_rb_519.rb,,file path,,rb
,syn_file_path_rb_520.rb,,file path,,rb
,syn_file_path_rb_521.rb,,file path,,rb
,syn_file_path_rb_522.rb,,file path,,rb
,syn_file_path_rb_523.rb,,file path,,rb
,syn_file_path_rb_524.rb,,file path,,rb
,syn_file_path_rb_525.rb,,file path,,rb
,syn_file_path_rb_526.rb,,file path,,rb
,syn_file_path_rb_527.rb,,file path,,rb
,syn_file_path_rb_528.rb,,file path,,rb
,syn_file_path_rb_529.rb,,file path,,rb
,syn_file_path_rb_530.rb,,file path,,rb
,syn_file_path_rb_531.rb,,file path,,rb
,syn_file_path_rb_532.rb,,file path,,rb
,syn_file_path_rb_533.rb,,file path,,rb
,syn_file_path_rb_534.rb,,file path,,rb
,syn_file_path_rb_535.rb,,file path,,rb
,syn_file_path_rb_536.rb,,file path,,rb
,syn_file_path_rb_537.rb,,file path,,rb
,syn_file_path_rb_538.rb,,file path,,rb
,syn_file_path_rb_539.rb,,file path,,rb
,syn_file_path_rb_540.rb,,file path,,rb
,syn_file_path_rb_541.rb,,file path,,rb
,syn_file_path_rb_542.rb,,file path,,rb
,syn_file_path_rb_543.rb,,file path,,rb
,syn_file_path_rb_544.rb,,file path,,rb
,syn_file_path_rb_545.rb,,file path,,rb
,syn_file_path_rb_546.rb,,file path,,rb
,syn_file_path_rb_547.rb,,file path,,rb
,syn_file_path_rb_548.rb,,file path,,rb
,syn_file_path_rb_549.rb,,file path,,rb
,syn_file_path_rb_550.rb,,file path,,rb
,syn_file_path_rb_551.rb,,file path,,rb
,syn_file_path_rb_552.rb,,file path,,rb
,syn_file_path_rb_553.rb,,file path,,rb
,syn_file_path_rb_554.rb,,file path,,rb
,syn_file_path_rb_555.rb,,file path,,rb
,syn_file_path_rb_556.rb,,file path,,rb
,syn_file_path_rb_557.rb,,file path,,rb
,syn_file_path_rb_558.rb,,file path,,rb
,syn_file_path_rb_559.rb,,file path,,rb
,syn_file_path_rb_560.rb,,file path,,rb
,syn_file_path_rb_561.rb,,file path,,rb
,syn_file_path_rb_562.rb,,file path,,rb
,syn_file_path_rb_563.rb,,file path,,rb
,syn_file_path_rb_564.rb,,file path,,rb
,syn_file_path_rb_565.rb,,file path,,rb
,syn_file_path_rb_566.rb,,file path,,rb
,syn_file_path_rb_567.rb,,file path,,rb
,syn_file_path_rb_568.rb,,file path,,rb
,syn_file_path_rb_569.rb,,file path,,rb
,syn_file_path_rb_570.rb,,file path,,rb
,syn_file_path_rb_571.rb,,file path,,rb
,syn_file_path_rb_572.rb,,file path,,rb
,syn_file_path_rb_573.rb,,file path,,rb
,syn_file_path_rb_574.rb,,file path,,rb
,syn_file_path_rb_575.rb,,file path,,rb
,syn_file_path_rb_576.rb,,file path,,rb
,syn_file_path_rb_577.rb,,file path,,rb
,syn_file_path_rb_578.rb,,file path,,rb
,syn_file_path_rb_579.rb,,file path,,rb
,syn_file_path_rb_580.rb,,file path,,rb
,syn_file_path_rb_581.rb,,file path,,rb
,syn_file_path_rb_582.rb,,file path,,rb
,syn_file_path_rb_583.rb,,file path,,rb
,syn_file_path_rb_584.rb,,file path,,rb
,syn_file_path_rb_585.rb,,file path,,rb
,syn_file_path_rb_586.rb,,file path,,rb
,syn_file_path_rb_587.rb,,file path,,rb
,syn_file_path_rb_588.rb,,file path,,rb
,syn_file_path_rb_589.rb,,file path,,rb
,syn_file_path_rb_590.rb,,file path,,rb
,syn_file_path_rb_591.rb,,file path,,rb
,syn_file_path_rb_592.rb,,file path,,rb
,syn_file_path_rb_593.rb,,file path,,rb
,syn_file_path_rb_594.rb,,file path,,rb
,syn_file_path_rb_595.rb,,file path,,rb
,syn_file_path_rb_596.rb,,file path,,rb
,syn_file_path_rb_597.rb,,file path,,rb
,syn_file_path_rb_598.rb,,file path,,rb
,syn_file_path_rb_599.rb,,file path,,rb
,syn_file_path_rb_600.rb,,file path,,rb
,syn_file_path_rb_601.rb,,file path,,rb
,syn_file_path_rb_602.rb,,file path,,rb
,syn_file_path_rb_603.rb,,file path,,rb
,syn_file_path_rb_604.rb,,file path,,rb
,syn_file_path_rb_605.rb,,file path,,rb
,syn_file_path_rb_606.rb,,file path,,rb
,syn_file_path_rb_607.rb,,file path,,rb
,syn_file_path_rb_608.rb,,file path,,rb
,syn_file_path_rb_609.rb,,file path,,rb
,syn_file_path_rb_610.rb,,file path,,rb
,syn_file_path_rb_611.rb,,file path,,rb
,syn_file_path_rb_612.rb,,file path,,rb
,syn_file_path_rb_613.rb,,file path,,rb
,syn_file_path_rb_614.rb,,file path,,rb
,syn_file_path_rb_615.rb,,file path,,rb
,syn_file_path_rb_616.rb,,file path,,rb
,syn_file_path_rb_617.rb,,file path,,rb
,syn_file_path_rb_618.rb,,file path,,rb
,syn_file_path_rb_619.rb,,file path,,rb
,syn_file_path_rb_620.rb,,file path,,rb
,syn_file_path_php_621.php,,file path,,php
,syn_file_path_php_622.php,,file path,,php
,syn_file_path_php_623.php,,file path,,php
,syn_file_path_php_624.php,,file path,,php
,syn_file_path_php_625.php,,file path,,php
,syn_file_path_php_626.php,,file path,,php
,syn_file_path_php_627.php,,file path,,php
,syn_file_path_php_628.php,,file path,,php
,syn_file_path_php_629.php,,file path,,php
,syn_file_path_php_630.php,,file path,,php
,syn_file_path_php_631.php,,file path,,php
,syn_file_path_php_632.php,,file path,,php
,syn_file_path_php_633.php,,file path,,php
,syn_file_path_php_634.php,,file path,,php
,syn_file_path_php_635.php,,file path,,php
,syn_file_path_php_636.php,,file path,,php
,syn_file_path_php_637.php,,file path,,php
,syn_file_path_php_638.php,,file path,,php
,syn_file_path_php_639.php,,file path,,php
,syn_file_path_php_640.php,,file path,,php
,syn_file_path_php_641.php,,file path,,php
,syn_file_path_php_642.php,,file path,,php
,syn_file_path_php_643.php,,file path,,php
,syn_file_path_php_644.php,,file path,,php
,syn_file_path_php_645.php,,file path,,php
,syn_file_path_php_646.php,,file path,,php
,syn_file_path_php_647.php,,file path,,php
,syn_file_path_php_648.php,,file path,,php
,syn_file_path_php_649.php,,file path,,php
,syn_file_path_php_650.php,,file path,,php
,syn_file_path_php_651.php,,file path,,php
,syn_file_path_php_652.php,,file path,,php
,syn_file_path_php_653.php,,file path,,php
,syn_file_path_php_654.php,,file path,,php
,syn_file_path_php_655.php,,file path,,php
,syn_file_path_php_656.php,,file path,,php
,syn_file_path_php_657.php,,file path,,php
,syn_file_path_php_658.php,,file path,,php
,syn_file_path_php_659.php,,file path,,php
,syn_file_path_php_660.php,,file path,,php
,syn_file_path_php_661.php,,file path,,php
,syn_file_path_php_662.php,,file path,,php
,syn_file_path_php_663.php,,file path,,php
,syn_file_path_php_664.php,,file path,,php
,syn_file_path_php_665.php,,file path,,php
,syn_file_path_php_666.php,,file path,,php
,syn_file_path_php_667.php,,file path,,php
,syn_file_path_php_668.php,,file path,,php
,syn_file_path_php_669.php,,file path,,php
,syn_file_path_php_670.php,,file path,,php
,syn_file_path_php_671.php,,file path,,php
,syn_file_path_php_672.php,,file path,,php
,syn_file_path_php_673.php,,file path,,php
,syn_file_path_php_674.php,,file path,,php
,syn_file_path_php_675.php,,file path,,php
,syn_file_path_php_676.php,,file path,,php
,syn_file_path_php_677.php,,file path,,php
,syn_file_path_php_678.php,,file path,,php
,syn_file_path_php_679.php,,file path,,php
,syn_file_path_php_680.php,,file path,,php
,syn_file_path_php_681.php,,file path,,php
,syn_file_path_php_682.php,,file path,,php
,syn_file_path_php_683.php,,file path,,php
,syn_file_path_php_684.php,,file path,,php
,syn_file_path_php_685.php,,file path,,php
,syn_file_path_php_686.php,,file path,,php
,syn_file_path_php_687.php,,file path,,php
,syn_file_path_php_688.php,,file path,,php
,syn_file_path_php_689.php,,file path,,php
,syn_file_path_php_690.php,,file path,,php
,syn_file_path_php_691.php,,file path,,php
,syn_file_path_php_692.php,,file path,,php
,syn_file_path_php_693.php,,file path,,php
,syn_file_path_php_694.php,,file path,,php
,syn_file_path_php_695.php,,file path,,php
,syn_file_path_php_696.php,,file path,,php
,syn_file_path_php_697.php,,file path,,php
,syn_file_path_php_698.php,,file path,,php
,syn_file_path_php_699.php,,file path,,php
,syn_file_path_php_700.php,,file path,,php
,syn_file_path_php_701.php,,file path,,php
,syn_file_path_php_702.php,,file path,,php
,syn_file_path_php_703.php,,file path,,php
,syn_file_path_php_704.php,,file path,,php
,syn_file_path_php_705.php,,file path,,php
,syn_file_path_php_706.php,,file path,,php
,syn_file_path_php_707.php,,file path,,php
,syn_file_path_php_708.php,,file path,,php
,syn_file_path_php_709.php,,file path,,php
,syn_file_path_php_710.php,,file path,,php
,syn_file_path_php_711.php,,file path,,php
,syn_file_path_php_712.php,,file path,,php
,syn_file_path_php_713.php,,file path,,php
,syn_file_path_php_714.php,,file path,,php
,syn_file_path_php_715.php,,file path,,php
,syn_injection_rb_716.rb,,injection,,rb
,syn_injection_rb_717.rb,,injection,,rb
,syn_injection_rb_718.rb,,injection,,rb
,syn_injection_rb_719.rb,,injection,,rb
,syn_injection_rb_720.rb,,injection,,rb
,syn_injection_rb_721.rb,,injection,,rb
,syn_injection_rb_722.rb,,injection,,rb
,syn_injection_html_723.html,,injection,,html
,syn_injection_html_724.html,,injection,,html
,syn_injection_html_725.html,,injection,,html
,syn_injection_html_726.html,,injection,,html
,syn_injection_html_727.html,,injection,,html
,syn_injection_html_728.html,,injection,,html
,syn_injection_html_729.html,,injection,,html
,syn_injection_html_730.html,,injection,,html
,syn_injection_html_731.html,,injection,,html
,syn_injection_html_732.html,,injection,,html
,syn_injection_html_733.html,,injection,,html
,syn_injection_html_734.html,,injection,,html
,syn_injection_html_735.html,,injection,,html
,syn_injection_html_736.html,,injection,,html
,syn_injection_html_737.html,,injection,,html
,syn_injection_html_738.html,,injection,,html
,syn_injection_html_739.html,,injection,,html
,syn_denial_of_service_rb_0.rb,,denial of service,,rb
,syn_denial_of_service_rb_1.rb,,denial of service,,rb
,syn_denial_of_service_rb_2.rb,,denial of service,,rb
,syn_denial_of_service_rb_3.rb,,denial of service,,rb
,syn_denial_of_service_rb_4.rb,,denial of service,,rb
,syn_denial_of_service_rb_5.rb,,denial of service,,rb
,syn_denial_of_service_rb_6.rb,,denial of service,,rb
,syn_denial_of_service_rb_7.rb,,denial of service,,rb
,syn_denial_of_service_rb_8.rb,,denial of service,,rb
,syn_denial_of_service_rb_9.rb,,denial of service,,rb
,syn_denial_of_service_rb_10.rb,,denial of service,,rb
,syn_denial_of_service_rb_11.rb,,denial of service,,rb
,syn_denial_of_service_rb_12.rb,,denial of service,,rb
,syn_denial_of_service_rb_13.rb,,denial of service,,rb
,syn_denial_of_service_rb_14.rb,,denial of service,,rb
,syn_denial_of_service_rb_15.rb,,denial of service,,rb
,syn_denial_of_service_rb_16.rb,,denial of service,,rb
,syn_denial_of_service_rb_17.rb,,denial of service,,rb
,syn_denial_of_service_rb_18.rb,,denial of service,,rb
,syn_denial_of_service_rb_19.rb,,denial of service,,rb
,syn_file_path_c_20.c,,file path,,c
,syn_file_path_c_21.c,,file path,,c
,syn_file_path_c_22.c,,file path,,c
,syn_file_path_c_23.c,,file path,,c
,syn_file_path_c_24.c,,file path,,c
,syn_file_path_c_25.c,,file path,,c
,syn_file_path_c_26.c,,file path,,c
,syn_file_path_c_27.c,,file path,,c
,syn_file_path_c_28.c,,file path,,c
,syn_file_path_c_29.c,,file path,,c
,syn_file_path_c_30.c,,file path,,c
,syn_file_path_c_31.c,,file path,,c
,syn_file_path_c_32.c,,file path,,c
,syn_file_path_c_33.c,,file path,,c
,syn_file_path_c_34.c,,file path,,c
,syn_file_path_c_35.c,,file path,,c
,syn_file_path_c_36.c,,file path,,c
,syn_file_path_c_37.c,,file path,,c
,syn_file_path_c_38.c,,file path,,c
,syn_file_path_c_39.c,,file path,,c
,syn_file_path_c_40.c,,file path,,c
,syn_file_path_c_41.c,,file path,,c
,syn_file_path_c_42.c,,file path,,c
,syn_file_path_c_43.c,,file path,,c
,syn_file_path_c_44.c,,file path,,c
,syn_file_path_c_45.c,,file path,,c
,syn_file_path_c_46.c,,file path,,c
,syn_file_path_c_47.c,,file path,,c
,syn_file_path_c_48.c,,file path,,c
,syn_file_path_c_49.c,,file path,,c
,syn_file_path_c_50.c,,file path,,c
,syn_file_path_c_51.c,,file path,,c
,syn_file_path_c_52.c,,file path,,c
,syn_file_path_c_53.c,,file path,,c
,syn_file_path_c_54.c,,file path,,c
,syn_file_path_c_55.c,,file path,,c
,syn_file_path_c_56.c,,file path,,c
,syn_file_path_c_57.c,,file path,,c
,syn_file_path_c_58.c,,file path,,c
,syn_file_path_c_59.c,,file path,,c
,syn_file_path_c_60.c,,file path,,c
,syn_file_path_c_61.c,,file path,,c
,syn_file_path_c_62.c,,file path,,c
,syn_file_path_c_63.c,,file path,,c
,syn_file_path_c_64.c,,file path,,c
,syn_file_path_c_65.c,,file path,,c
,syn_file_path_c_66.c,,file path,,c
,syn_file_path_c_67.c,,file path,,c
,syn_file_path_c_68.c,,file path,,c
,syn_file_path_rb_69.rb,,file path,,rb
